lag_fs,mode_1_acf_hartree2,mode_1_acf_sem_hartree2,mode_1_normalized_acf,mode_2_acf_hartree2,mode_2_acf_sem_hartree2,mode_2_normalized_acf,mode_3_acf_hartree2,mode_3_acf_sem_hartree2,mode_3_normalized_acf,mode_4_acf_hartree2,mode_4_acf_sem_hartree2,mode_4_normalized_acf,mode_5_acf_hartree2,mode_5_acf_sem_hartree2,mode_5_normalized_acf,mode_6_acf_hartree2,mode_6_acf_sem_hartree2,mode_6_normalized_acf,mode_7_acf_hartree2,mode_7_acf_sem_hartree2,mode_7_normalized_acf,mode_8_acf_hartree2,mode_8_acf_sem_hartree2,mode_8_normalized_acf,mode_9_acf_hartree2,mode_9_acf_sem_hartree2,mode_9_normalized_acf,mode_10_acf_hartree2,mode_10_acf_sem_hartree2,mode_10_normalized_acf,mode_11_acf_hartree2,mode_11_acf_sem_hartree2,mode_11_normalized_acf,mode_12_acf_hartree2,mode_12_acf_sem_hartree2,mode_12_normalized_acf,mode_13_acf_hartree2,mode_13_acf_sem_hartree2,mode_13_normalized_acf,mode_14_acf_hartree2,mode_14_acf_sem_hartree2,mode_14_normalized_acf,mode_15_acf_hartree2,mode_15_acf_sem_hartree2,mode_15_normalized_acf,mode_16_acf_hartree2,mode_16_acf_sem_hartree2,mode_16_normalized_acf,mode_17_acf_hartree2,mode_17_acf_sem_hartree2,mode_17_normalized_acf,mode_18_acf_hartree2,mode_18_acf_sem_hartree2,mode_18_normalized_acf
0.0,9.354671203933483e-06,1.7590646344874904e-06,1.0,8.221624450866856e-06,7.583424129197997e-07,1.0,5.935878897071235e-06,1.0783188084587011e-06,1.0,5.108838225386575e-06,8.538071644217545e-07,1.0,4.308580814398665e-06,6.43760149054488e-07,1.0,4.090448363404175e-06,9.307575034877786e-07,1.0,3.51572828346417e-06,7.018856462217783e-07,1.0,3.321970892409839e-06,4.021536273408268e-07,1.0,2.880909628614616e-06,5.143739812069476e-07,1.0,2.6441190129454537e-06,4.219736913121847e-07,1.0,2.125971809884072e-06,2.970445640237674e-07,1.0,1.934248626932957e-06,3.631581407580184e-07,1.0,1.5463015881309858e-06,1.5801691143107892e-07,1.0,1.3783135850553255e-06,1.9881614376497757e-07,1.0,1.0887113881406092e-06,3.981795470397072e-07,1.0,3.932096758041422e-07,7.766719124029146e-08,1.0,2.6601211505527184e-07,3.346943491017286e-08,1.0,1.847631557338446e-07,2.5157050407067108e-08,1.0
0.5,9.325581133826241e-06,1.7546696697437386e-06,0.9968903161347873,8.151930933486737e-06,7.538190603791356e-07,0.9915231451160761,5.900119195537913e-06,1.0701700203874888e-06,0.9939756686156509,5.080008184862988e-06,8.504940741294136e-07,0.9943568304080709,4.295202704912476e-06,6.429377210079567e-07,0.9968950078778884,4.0464425853057794e-06,9.219919573061813e-07,0.989241820409689,3.4900221652592076e-06,6.960641628276868e-07,0.9926882522958704,3.2979195485017514e-06,3.9679215850681294e-07,0.9927599173240678,2.8659877736295477e-06,5.132371160890786e-07,0.9948204362827431,2.63233897363473e-06,4.2041158643556263e-07,0.9955448150204097,2.1136843983040926e-06,2.9472760724769906e-07,0.994220331839372,1.921308693015456e-06,3.6126518546683184e-07,0.9933100979174435,1.535342104066169e-06,1.582205229379882e-07,0.9929124537225216,1.3652230687450865e-06,1.9643359505075706e-07,0.9905025123076665,1.0810984879863824e-06,3.957130223400896e-07,0.9930074212163531,3.905073247941835e-07,7.72722967731549e-08,0.9931274554614349,2.648877744263418e-07,3.324968428639879e-08,0.995773348034557,1.8355746037271928e-07,2.4947770597571867e-08,0.993474373414242
1.0,9.179373954290473e-06,1.7226592137685943e-06,0.9812609929497789,7.986366842985679e-06,7.3845125181275e-07,0.9713855079021065,5.781277498287377e-06,1.0446506048681182e-06,0.973954758601942,4.984720708448704e-06,8.357268292080828e-07,0.9757053342732379,4.2382509468628355e-06,6.33986902810971e-07,0.9836767904408809,3.93556566147061e-06,8.944657267426911e-07,0.9621355195877187,3.4211371160364386e-06,6.785521719126568e-07,0.9730948583618847,3.2350647728050056e-06,3.8504449529320867e-07,0.9738389882333407,2.816239511819336e-06,5.064268266231108e-07,0.9775521883251926,2.5861923692730365e-06,4.1267479335139815e-07,0.9780922706622464,2.081942714879375e-06,2.8990307168028926e-07,0.9792898970720133,1.8900190584691652e-06,3.563159915821904e-07,0.9771334626542172,1.5109413885256123e-06,1.5729290641039313e-07,0.9771324042626682,1.340143649953328e-06,1.925111736568102e-07,0.9723067845257687,1.0619009675375914e-06,3.880990693672027e-07,0.975374170882141,3.865963983224125e-07,7.68777408904257e-08,0.9831812951494515,2.6181847936476255e-07,3.278753155038835e-08,0.9842351703055406,1.8127783635523818e-07,2.4634817034403408e-08,0.9811362857233988
1.5,8.918334577201715e-06,1.6637580638422517e-06,0.9533562840190155,7.727574854098646e-06,7.132321693065062e-07,0.9399085181133372,5.581450949257707e-06,1.0022498855704446e-06,0.9402905696090932,4.824702167118357e-06,8.100144392336365e-07,0.9443834301003498,4.13863834739252e-06,6.171921101099381e-07,0.9605572056491962,3.760077027598137e-06,8.487718666106585e-07,0.9192334662474275,3.3102141868249187e-06,6.49710846294384e-07,0.9415443742891441,3.134719421936444e-06,3.6763136393820984e-07,0.943632416857946,2.732572267471523e-06,4.942241960934722e-07,0.948510234521162,2.5065018829601062e-06,3.989347696217627e-07,0.9479535038659069,2.031246823183315e-06,2.8267599128471647e-07,0.9554439121627288,1.8407839984328182e-06,3.4837896383938826e-07,0.9516791030901023,1.4735082926626084e-06,1.5524005322377699e-07,0.9529242574494393,1.3035322063404971e-06,1.8711430903353173e-07,0.9457442924994266,1.031506843739888e-06,3.7552423008850616e-07,0.9474566491874217,3.8152680448529737e-07,7.648626738069928e-08,0.9702884439581693,2.5684159490869914e-07,3.211045051424969e-08,0.965525930483778,1.779642608779473e-07,2.422482569324469e-08,0.9632021068870936
2.0,8.546795710198851e-06,1.579484880883179e-06,0.913639349141963,7.37984056737154e-06,6.799219856960691e-07,0.8976134353343564,5.30424775957387e-06,9.438516462634378e-07,0.8935909663168816,4.6028622474882115e-06,7.74194025024794e-07,0.9009606576727965,3.997980990125804e-06,5.931070645878932e-07,0.9279113384075609,3.5235482348561806e-06,7.859174642651183e-07,0.861408804565325,3.159160356867876e-06,6.101991425706737e-07,0.8985792137938045,2.998886270463527e-06,3.4566568892017146e-07,0.9027430906500392,2.6165433211493414e-06,4.770962027417384e-07,0.9082351265588278,2.394704548553937e-06,3.7950627086462165e-07,0.9056719976784715,1.962435740323067e-06,2.732230217841141e-07,0.9230770282086088,1.7743128377742495e-06,3.376551505513779e-07,0.9173137377833843,1.4236495847200615e-06,1.521200921476823e-07,0.9206804129593027,1.256046192880722e-06,1.8037418439592054e-07,0.9112920357890141,9.90509858661333e-07,3.582820444304272e-07,0.909800218359989,3.753664743401971e-07,7.610010469005656e-08,0.9546216622786444,2.5003137197542463e-07,3.126938498111437e-08,0.9399247546431232,1.7366951244838877e-07,2.372736487683408e-08,0.9399574918419532
2.5,8.071003921487014e-06,1.4722194391453032e-06,0.8627779368764229,6.9489889844696e-06,6.412267252031066e-07,0.8452087572227804,4.954705921411518e-06,8.707393457338791e-07,0.8347046843991666,4.323233197666505e-06,7.2941712909124e-07,0.8462262860827572,3.8185605115456575e-06,5.625732680448293e-07,0.8862687451015356,3.230774589997806e-06,7.073496644830135e-07,0.7898338526657438,2.9705826817237627e-06,5.610009829082128e-07,0.8449409175605413,2.830212512768596e-06,3.207364921235106e-07,0.851967884256653,2.4702988037426072e-06,4.557078676509248e-07,0.8574718134877889,2.2527966412131353e-06,3.5486023427092e-07,0.8520027389779254,1.8766595856536238e-06,2.6179235677911344e-07,0.8827302304426872,1.6916230730258622e-06,3.2449007238323123e-07,0.8745634090009339,1.3621546599340002e-06,1.4804617066585065e-07,0.8809113761439229,1.198529556220459e-06,1.7249333129696747e-07,0.8695623181950646,9.396994334166842e-07,3.3676114265201713e-07,0.8631299751732919,3.681990104180627e-07,7.572014482261853e-08,0.936393565761242,2.4149531703797735e-07,3.0337933382021844e-08,0.9078357840499092,1.6846162541600973e-07,2.3155448988585303e-08,0.9117706652438997
3.0,7.499078363380244e-06,1.3453368526089387e-06,0.8016399721485675,6.442284457998504e-06,6.009173268400646e-07,0.7835780503595313,4.53920368360271e-06,7.846421232197294e-07,0.7647062486133865,3.990887287852148e-06,6.771993886446027e-07,0.7811731575333187,3.603273432446904e-06,5.267621760845739e-07,0.8363016936818908,2.887646890131156e-06,6.150044627657497e-07,0.705948745366384,2.747727149260916e-06,5.034678185333285e-07,0.7815527616808555,2.6319462344453788e-06,2.950359862982349e-07,0.792284556273189,2.296558774737011e-06,4.309298911323899e-07,0.7971644621984861,2.0833099265028786e-06,3.256379816931493e-07,0.7879032359372304,1.775320628178111e-06,2.4870340286723246e-07,0.8350631085154973,1.593985772995559e-06,3.093768996455303e-07,0.8240852550186706,1.2899925444489442e-06,1.4317334234653426e-07,0.8342438204491258,1.1319848141944725e-06,1.6373968601184976e-07,0.8212824907686262,8.800383004043608e-07,3.1143464541771964e-07,0.8083302057741515,3.6011966178485767e-07,7.53462321757255e-08,0.9158463892028774,2.3136803965413704e-07,2.941162423000947e-08,0.8697650466260287,1.6242162467436794e-07,2.2526674164653205e-08,0.8790801609187704
3.5,6.84077812874339e-06,1.2034633146296867e-06,0.7312686870134951,5.8682614120797325e-06,5.639341397260694e-07,0.7137593607138071,4.065310433033162e-06,6.878195009489179e-07,0.684870851229628,3.6118025106765513e-06,6.194708818649913e-07,0.706971399628387,3.355557409067151e-06,4.872549494493585e-07,0.7788080469219365,2.5009853128891584e-06,5.114520389265745e-07,0.61142082497963,2.4943723165078976e-06,4.3946041981139036e-07,0.7094895041348603,2.407846688149482e-06,2.7146338166425706e-07,0.7248247399310507,2.098553951728093e-06,4.0385824333948927e-07,0.7284344954399887,1.8892586680841034e-06,2.926774854644714e-07,0.7145134764488293,1.6600602410403195e-06,2.3434620871496525e-07,0.7808477202389816,1.4829140128252179e-06,2.9297176699374325e-07,0.766661530568902,1.2082711171050927e-06,1.3770483885144485e-07,0.7813942159663236,1.057568794766227e-06,1.5445492546846026e-07,0.7672918603089703,8.126414924363779e-07,2.8285689249874786e-07,0.7464250868398409,3.512344983551724e-07,7.49756362645715e-08,0.893249886684178,2.198127390472944e-07,2.8604574850217702e-08,0.826326045344295,1.5564015592749524e-07,2.18618954849457e-08,0.8423765837367398
4.0,6.107303808413125e-06,1.053035550138728e-06,0.6528614074479824,5.236602406907774e-06,5.362320162034703e-07,0.6369303825785484,3.5416179261216442e-06,5.832844221997702e-07,0.5966459200960249,3.1927474568023754e-06,5.586719077052178e-07,0.624945891012391,3.079332271748696e-06,4.461448119200339e-07,0.7146975777866357,2.0784039097004564e-06,4.003544812231764e-07,0.5081115137145396,2.214813896854518e-06,3.716711330313794e-07,0.6299730008350317,2.162072129890053e-06,2.5356140800362877e-07,0.650840178892005,1.8799166152606573e-06,3.758398050193867e-07,0.6525427235163498,1.674059247176175e-06,2.570781507910237e-07,0.6331255283820728,1.5327235579473513e-06,2.1917951227515758e-07,0.720951966917628,1.3601115435315656e-06,2.760906187025319e-07,0.7031730691665155,1.1182036791434362e-06,1.3189560461639683e-07,0.7231472099145992,9.765429673727174e-07,1.4505961031564693e-07,0.7085056535472797,7.38744906371716e-07,2.516604729949859e-07,0.6785498107385515,3.416596265745682e-07,7.460368430788665e-08,0.8688993369144581,2.0701474655648824e-07,2.803897757357648e-08,0.7782154828304524,1.4821636790345867e-07,2.1185352846720224e-08,0.8021965597782256
4.5,5.3110814795876224e-06,9.034197130135447e-07,0.5677464620407398,4.557937244355038e-06,5.238728864174303e-07,0.5543840236918711,2.9775802855289353e-06,4.75405937455207e-07,0.5016241633565123,2.7411453661061255e-06,4.979300703354616e-07,0.536549650855055,2.7789083933403514e-06,4.0617341278185634e-07,0.6449707021981889,1.6282007485224627e-06,2.8815780088500217e-07,0.39804945665355684,1.9137807578131798e-06,3.043591506815161e-07,0.5443483123580485,1.8990638692668906e-06,2.4492733714156497e-07,0.5716678233412404,1.6446304330325488e-06,3.4847450880355527e-07,0.570871927636073,1.4414726525808903e-06,2.20334179584267e-07,0.5451617894366795,1.3953191980003195e-06,2.0373679305482178e-07,0.6563206489912984,1.2274432527424363e-06,2.597081997465323e-07,0.6345840114095016,1.0210906910022163e-06,1.2604336999385775e-07,0.6603438157471003,8.902615275069128e-07,1.3604797408909782e-07,0.6459063722216579,6.596671185763026e-07,2.185557155982028e-07,0.6059155123773771,3.315157382093432e-07,7.422365749874327e-08,0.8431016798642341,1.9317651708771953e-07,2.7827824215688307e-08,0.7261944330903178,1.4025256593286117e-07,2.0524521520225246e-08,0.7590937997124172
5.0,4.465487138875925e-06,7.688138025238984e-07,0.47735372430815765,3.843606019005871e-06,5.311992711680657e-07,0.4674995850242972,2.383326040787193e-06,3.7150183614279133e-07,0.40151190449035734,2.2649253204938736e-06,4.412878552110359e-07,0.4433347114494884,2.4589046939999693e-06,3.708675297939946e-07,0.5706994483618966,1.1590972684997076e-06,1.9144768774511885e-07,0.28336680127043024,1.5962975681274252e-06,2.450727900453131e-07,0.4540446358256496,1.6235055696474283e-06,2.479569423675652e-07,0.48871757827766443,1.3969061635001428e-06,3.235999649415748e-07,0.4848837150688038,1.1955101807260338e-06,1.846149608635996e-07,0.45213932310644306,1.2499853939890517e-06,1.88608878490723e-07,0.5879595336954221,1.0868992333429757e-06,2.44938853014016e-07,0.5619232285905347,9.182953855615183e-07,1.2048735489636557e-07,0.5938656421296583,8.001473208312946e-07,1.279752881441739e-07,0.5805263254364403,5.767848987933565e-07,1.8434488527363895e-07,0.5297867782741182,3.20928326731606e-07,7.382641972711234e-08,0.8161760670697749,1.7851542395824745e-07,2.805444063794907e-08,0.6710800518282997,1.3185611681923304e-07,1.990920858731852e-08,0.7136494085929919
5.5,3.5846809194080226e-06,6.702796503432845e-07,0.383196890757713,3.105467721038518e-06,5.590504141951696e-07,0.3777194810584044,1.7694640524697837e-06,2.8604131618937126e-07,0.2980963869298004,1.772348387839021e-06,3.9389527382555246e-07,0.3469180877624895,2.1241709301791815e-06,3.444321321021979e-07,0.493009420429229,6.800579798407052e-07,1.5970652036802422e-07,0.1662551191025777,1.2675757417071793e-06,2.0726831736883506e-07,0.36054428542418315,1.3402425806677878e-06,2.6260205723367747e-07,0.4034480204898915,1.1410793075645358e-06,3.0317695109999663e-07,0.39608299275713926,9.403599937780882e-07,1.5329487474439218e-07,0.35564208311885365,1.098916761534695e-06,1.7443514509149002e-07,0.5169009092338896,9.405477579176736e-07,2.3295455026132294e-07,0.48626001064250673,8.112255800756748e-07,1.1558330299114574e-07,0.5246231306379261,7.076303691057635e-07,1.2140475267940652e-07,0.5134030287290241,4.914974164012243e-07,1.499839081793288e-07,0.45144876939391987,3.100236641908661e-07,7.340017411096079e-08,0.7884436301239162,1.6325703838525668e-07,2.8751960648571413e-08,0.6137203125178536,1.2313697896523541e-07,1.937081970257607e-08,0.6664585180749832
6.0,2.6832461275639013e-06,6.324926454890419e-07,0.28683489446808574,2.355760122776667e-06,6.045391689177736e-07,0.28653219772502314,1.1468506798659164e-06,2.462852570671844e-07,0.19320654948532945,1.2717973695803793e-06,3.616536147830096e-07,0.2489406227937752,1.77969213871654e-06,3.3101924835408215e-07,0.41305762045104544,2.0014275754230478e-07,2.2621264923444153e-07,0.04892929570579908,9.329804471547358e-07,2.0684612484794885e-07,0.265373308723232,1.0541244776929695e-06,2.8647015438883066e-07,0.3173189988212936,8.815536314315194e-07,2.8901098964969423e-07,0.3059983633903312,6.803099076941685e-07,1.3153922607517224e-07,0.2572917120460201,9.443619427430368e-07,1.6186363043577869e-07,0.44420247641690613,7.904996291166904e-07,2.2482819594989483e-07,0.408685635398458,7.013015500237272e-07,1.1167838636796919e-07,0.4535347796359636,6.14140301836565e-07,1.1682847779754868e-07,0.44557371304724785,4.052011043970073e-07,1.1676931284250836e-07,0.37218413328902805,2.989279239992424e-07,7.293245142136964e-08,0.7602252497676035,1.476331107029372e-07,2.989698794610208e-08,0.5549864173376542,1.1420498005713089e-07,1.8938797956221668e-08,0.6181155523325532
6.5,1.7759414231958173e-06,6.675571445197139e-07,0.18984541353511855,1.606769034176228e-06,6.625455412107863e-07,0.19543206379449948,5.26410896752362e-07,2.7419645305573647e-07,0.08868289024765874,7.716696753242411e-07,3.4951346238212115e-07,0.15104601893434402,1.4304836519974615e-06,3.3322303842731576e-07,0.3320080819227037,-2.716938405417744e-07,3.3510458260660966e-07,-0.0664215304543446,5.978519988220941e-07,2.4452462144860443e-07,0.17005068384665087,7.699313319421818e-07,3.161052125987497e-07,0.23176943955208915,6.22730173438061e-07,2.8231039833642063e-07,0.21615748278002117,4.1966297488203603e-07,1.2517752955792546e-07,0.15871561485220234,7.885688626827315e-07,1.5148232903586357e-07,0.37092159877968073,6.388711666704571e-07,2.213126635576958e-07,0.33029423300327415,5.899399366189351e-07,1.0907665737802222e-07,0.38151673719225454,5.210748067161757e-07,1.1455758679809324e-07,0.37805243477685074,3.1926078363557106e-07,8.687214137148007e-08,0.2932464812192613,2.8776309659462463e-07,7.240921596942654e-08,0.7318311687171184,1.3187589390969869e-07,3.141671976702688e-08,0.4957514580954239,1.0516442688318927e-07,1.8639354241268477e-08,0.5691850545932489
7.0,8.774283359998896e-07,7.623252443309801e-07,0.09379574298997763,8.706307044785143e-07,7.274658984235507e-07,0.10589521689800832,-8.110271644782408e-08,3.5137895247374174e-07,-0.013663135292035724,2.801917800211446e-07,3.5873815460067153e-07,0.05484451995931875,1.0815219743028831e-06,3.507326405517494e-07,0.2510158265312305,-7.267443294054371e-07,4.524326002607935e-07,-0.17766862329992156,2.674408134722457e-07,3.050176362778981e-07,0.07606981879974152,4.922707146608547e-07,3.4814951314800676e-07,0.14818634196513067,3.688789994438005e-07,2.8326465115031605e-07,0.12804254454215164,1.6265313136135166e-07,1.3579439221284095e-07,0.06151505683557031,6.337529008317438e-07,1.4371074364945667e-07,0.2981003312862845,4.877499136632815e-07,2.226258016554595e-07,0.2521650561730953,4.785405107280704e-07,1.0799330746497297e-07,0.3094742412484243,4.297701491475088e-07,1.1462270443181288e-07,0.3118086869398866,2.3498468474148984e-07,6.476090840241681e-08,0.21583744535162436,2.766462010177614e-07,7.181581732034661e-08,0.7035589865686798,1.1621231432379007e-07,3.320491584808954e-08,0.43686850239750746,9.611471055694374e-08,1.8492242407150552e-08,0.5202049628087058
7.5,1.9988847375045976e-09,8.916329547421696e-07,0.00021367771180072048,1.5915606871042756e-07,7.941994526662192e-07,0.019358226547753196,-6.653203436683708e-07,4.484984625469814e-07,-0.11208455482416263,-1.9476953534604522e-07,3.8588158927248516e-07,-0.03812403657219102,7.376742940795648e-07,3.805412807102033e-07,0.17121050430674578,-1.1567429664875423e-06,5.671928438946525e-07,-0.28279124040203535,-5.3145413497845136e-08,3.747203165072202e-07,-0.015116473519244524,2.254674142867154e-07,3.7984880078553385e-07,0.0678715803325886,1.240374389350201e-07,2.9092959940627697e-07,0.043054956567543476,-8.662690533045069e-08,1.5855076391836616e-07,-0.032762105225343625,4.820726500327938e-07,1.3868980545524782e-07,0.2267540179938138,3.391563587118735e-07,2.2837262565637384e-07,0.17534269069103958,3.6845453144254885e-07,1.0850891448707725e-07,0.23828115696880303,3.4147869666820835e-07,1.1675065757657191e-07,0.24775109261837638,1.5360524719973977e-07,5.813566298151853e-08,0.14108904239725042,2.6568919533939645e-07,7.113791515006093e-08,0.6756934319992072,1.0086292736969936e-07,3.5142387007232555e-08,0.37916666821261924,8.715264220753087e-08,1.8506605420964934e-08,0.4716992511920297
8.0,-8.366488684181665e-07,1.034416485516529e-06,-0.08943648046832149,-5.164158822049477e-07,8.584947346228679e-07,-0.06281190357101496,-1.2164307875160043e-06,5.493707226870562e-07,-0.2049285048783916,-6.457347092345956e-07,4.2487978866940363e-07,-0.12639560713154782,4.0361631936031e-07,4.1847335005046526e-07,0.0936773236355418,-1.554018416448128e-06,6.743080302113661e-07,-0.3799139552405532,-3.59092823422632e-07,4.4592860275167025e-07,-0.10213895798249951,-2.649495375235979e-08,4.0908059483887686e-07,-0.007975673059898396,-1.0804512327026096e-07,3.035365351977621e-07,-0.037503822472285654,-3.2428939836998636e-07,1.871216904918929e-07,-0.12264553780759649,3.355635677751956e-07,1.3621398800675725e-07,0.15784008339860991,1.9502562608682846e-07,2.376624454935227e-07,0.10082758926191977,2.6096640442166636e-07,1.1054878256063019e-07,0.16876811511077627,2.573488189456471e-07,1.2042632642932666e-07,0.18671282191223348,7.625337956250133e-08,6.910335210872181e-08,0.0700400311718362,2.549946457563059e-07,7.036105667558082e-08,0.6484953485308402,8.603249202375066e-08,3.710996470518078e-08,0.3234156910705923,7.836783881352134e-08,1.868098129274726e-08,0.4241529568071025
8.5,-1.6256902520818725e-06,1.1767236083344685e-06,-0.17378379385459286,-1.1456640821881265e-06,9.169088713485052e-07,-0.13934765435160837,-1.7253576965394015e-06,6.460972743437659e-07,-0.2906659193115772,-1.0658341198804715e-06,4.698378805207952e-07,-0.20862553732552808,8.374585366663961e-08,4.605289247585714e-07,0.01943699266050038,-1.911595784369793e-06,7.705232529075823e-07,-0.4673316014626119,-6.459376658105056e-07,5.142913840986148e-07,-0.183727982861645,-2.600445480211401e-07,4.3426271682054303e-07,-0.0782802006529616,-3.239593021653103e-07,3.1900526137152454e-07,-0.1124503521205895,-5.467286232749675e-07,2.1705331631334318e-07,-0.2067715638358999,1.9612271741465312e-07,1.3575232964639415e-07,0.09225085511615864,5.7174013059682485e-08,2.49341509118406e-07,0.029558771433815367,1.5728440576274105e-07,1.1391672766252482e-07,0.1017165131110359,1.7838560776995083e-07,1.250208956795642e-07,0.12942309333967017,3.949895851657123e-09,8.919058213540965e-08,0.0036280467851108637,2.4465719231223895e-07,6.947259289760992e-08,0.6222054221119999,7.191070793847166e-08,3.8998099669437294e-08,0.2703286950804105,6.984123252829694e-08,1.90033859012806e-08,0.3780041115389086
9.0,-2.353360490014229e-06,1.30958309375924e-06,-0.251570625916246,-1.7191104022972292e-06,9.666938025624906e-07,-0.2090961965692769,-2.1838932514002893e-06,7.342215743391524e-07,-0.3679140510224734,-1.4489192350802835e-06,5.162349631368557e-07,-0.2836103182677402,-2.178720217770675e-07,5.034543633502438e-07,-0.05056700365210051,-2.223354091277529e-06,8.534082546164517e-07,-0.5435477712343487,-9.096487974155734e-07,5.770492818902672e-07,-0.2587369455409861,-4.720912509324769e-07,4.5425536502112274e-07,-0.14211179634690005,-5.206858363538764e-07,3.3535355592712973e-07,-0.18073660873710434,-7.506837983410833e-07,2.4565010833101645e-07,-0.2839069628355527,6.548833581462476e-08,1.365753969668489e-07,0.030803953048745173,-7.273654365382995e-08,2.622159253942634e-07,-0.03760454713061615,5.853989645271891e-08,1.1833775094650319e-07,0.03785800706799769,1.0544595968668277e-07,1.299015114250872e-07,0.07650360616771412,-6.240377839385266e-08,1.1150310660344451e-07,-0.05731893601336435,2.3476101097665117e-07,6.846152123922827e-08,0.5970377267460368,5.8669218847332126e-08,4.071125053429454e-08,0.22055092804755103,6.164440006849496e-08,1.9452783226704424e-08,0.33364011251948456
9.5,-3.0091618247891047e-06,1.4270491584205572e-06,-0.321674782489822,-2.2284916969639805e-06,1.0056797910260296e-06,-0.27105247999122817,-2.584878425366829e-06,8.108252019969565e-07,-0.43546683990507434,-1.7896642487621021e-06,5.609850146855458e-07,-0.35030748084153357,-4.975662064975215e-07,5.447592828991797e-07,-0.11548262129254391,-2.484112613649868e-06,9.21050591644026e-07,-0.607295922831923,-1.1466734187548128e-06,6.322744376491486e-07,-0.32615530163353673,-6.600481092902491e-07,4.6830995158114377e-07,-0.19869171966507934,-6.956820188475114e-07,3.5090661796066546e-07,-0.24147998671588108,-9.332778519704937e-07,2.7125924503299937e-07,-0.3529636326508827,-5.479262516178587e-08,1.3790334700339377e-07,-0.02577297822437903,-1.9319157375684724e-07,2.7519081951755166e-07,-0.09987939040865788,-3.424497505408988e-08,1.2349740443037545e-07,-0.02214637514243374,3.9246818267727165e-08,1.3449184702679031e-07,0.028474520380027887,-1.2203847001545224e-07,1.3303645727735802e-07,-0.11209441854363218,2.2537955471308543e-07,6.731973529207871e-08,0.5731790659834806,4.6457351650296866e-08,4.216917056476867e-08,0.17464374372815308,5.384207054750332e-08,2.0002280398784424e-08,0.2914112953616359
10.0,-3.584024110137976e-06,1.5251061803068394e-06,-0.38312667885440527,-2.6668529592583886e-06,1.0322179028323505e-06,-0.32437056389473085,-2.922313546541747e-06,8.73837697233263e-07,-0.49231353894090024,-2.083654882415487e-06,6.021212868374802e-07,-0.40785297762248507,-7.521188219455886e-07,5.825759320702375e-07,-0.17456300678685527,-2.6897305240077157e-06,9.71961040778011e-07,-0.6575637399733004,-1.3539923162366912e-06,6.785503450666611e-07,-0.3851242778359866,-8.218875234523689e-07,4.760171605935136e-07,-0.24740961015951335,-8.468745591506488e-07,3.6436765553848785e-07,-0.2939608208251563,-1.0920738043775513e-06,2.928169990923488e-07,-0.4130199128824463,-1.6336950050932255e-07,1.390363451911129e-07,-0.07684462218632662,-3.0285499731256205e-07,2.8734559768371383e-07,-0.15657500959056353,-1.2016020535944747e-07,1.2909168782731707e-07,-0.07770813034259706,-1.9673930589895065e-08,1.3831462023149225e-07,-0.014273914734073636,-1.7431399786072817e-07,1.5247790535031025e-07,-0.1601103834859631,2.16575886704413e-07,6.60417522755402e-08,0.5507898203712807,3.540338664294324e-08,4.330629855466355e-08,0.13308937690896952,4.6486637111210104e-08,2.062275328979316e-08,0.25160122929581874
10.5,-4.070527046292676e-06,1.6010943895915169e-06,-0.43513309634881525,-3.0286717717956444e-06,1.0451379665771092e-06,-0.36837875408871457,-3.1914269110944547e-06,9.21750314420041e-07,-0.5376502732677222,-2.3273849043985847e-06,6.384640305576238e-07,-0.45556050157029127,-9.78779937159845e-07,6.155227638144988e-07,-0.22716991494946584,-2.8371557548838564e-06,1.00504805358602e-06,-0.6936050776895037,-1.5291741117118574e-06,7.148300126252022e-07,-0.43495230245868394,-9.561333954211433e-07,4.772775381491693e-07,-0.28782112378099156,-9.726745752005338e-07,3.7478993744042046e-07,-0.33762759009843624,-1.2251120718120644e-06,3.096363610949275e-07,-0.4633346932622876,-2.590984435102816e-07,1.3942545342222382e-07,-0.12187294408405636,-4.0059185748615655e-07,2.9795559088955733e-07,-0.2071046358302735,-1.9842165303995556e-07,1.3484913672823357e-07,-0.12832015084443374,-7.095071044208018e-08,1.4100049619797958e-07,-0.05147646458061445,-2.1872743792360893e-07,1.691712961732424e-07,-0.20090488655323943,2.0840036818557176e-07,6.462546405030824e-08,0.529998067212812,2.5611459400355318e-08,4.4072404863196694e-08,0.09627929688478205,3.9619226412530746e-08,2.1284940568526687e-08,0.2144325055240078
11.0,-4.46295340982444e-06,1.6534812611437267e-06,-0.4770828725597371,-3.310006235341384e-06,1.0437114654436632e-06,-0.4025975955387247,-3.388749972194572e-06,9.535080168112994e-07,-0.5708927070372987,-2.518353069891937e-06,6.694586158434043e-07,-0.4929404609795368,-1.1753372000528888e-06,6.42596461222836e-07,-0.272789869955573,-2.9244717443484593e-06,1.01961032001943e-06,-0.714951390295669,-1.6703742174244102e-06,7.403706401527972e-07,-0.47511470817606305,-1.0618457767512674e-06,4.723103463295474e-07,-0.3196433114984275,-1.0720384227687462e-06,3.8154263814836137e-07,-0.3721180324855496,-1.3309135959180913e-06,3.2130224618986195e-07,-0.5033485971705568,-3.410898919991796e-07,1.387083079463456e-07,-0.16043951778353027,-4.854616771336132e-07,3.0647912069987083e-07,-0.2509820456242928,-2.683824401212648e-07,1.405406769466766e-07,-0.17356409783272525,-1.1438248986938592e-07,1.422797572993048e-07,-0.0829872759795766,-2.5492751144487996e-07,1.8275753748706664e-07,-0.23415527220695845,2.008890812106874e-07,6.307275854377778e-08,0.5108955693927285,1.7159624868337145e-08,4.4432971561576384e-08,0.06450692993727646,3.327377438910618e-08,2.196072684001114e-08,0.18008879669189992
11.5,-4.757409932779287e-06,1.6817215746103919e-06,-0.5085598231158435,-3.5085030254103796e-06,1.0276686504127176e-06,-0.4267408522947624,-3.512162152211717e-06,9.684717989233626e-07,-0.591683592794425,-2.655100059519611e-06,6.950346774519495e-07,-0.5197072098165146,-1.3401253053234572e-06,6.631036152794446e-07,-0.3110363627960624,-2.950933399421977e-06,1.0153286596332915e-06,-0.7214205234377131,-1.7763617604838174e-06,7.547002111745997e-07,-0.5052613903181125,-1.1386698364225e-06,4.6165736902743106e-07,-0.3427693599074497,-1.144429907840776e-06,3.842705269522799e-07,-0.397246028293888,-1.408515109203013e-06,3.276118749842328e-07,-0.5326973189584148,-4.087020279307394e-07,1.3672498344510165e-07,-0.1922424493262804,-5.567407941371882e-07,3.125473036509061e-07,-0.2878331081046105,-3.2950419314928315e-07,1.459904435063051e-07,-0.21309180284006224,-1.4993370521345973e-07,1.4197040193513612e-07,-0.10878054663260203,-2.827105576767442e-07,1.9304472329292852e-07,-0.2596744745727153,1.9406569737476043e-07,6.138986092561499e-08,0.49354252785840547,1.0100568298226418e-08,4.436861484275103e-08,0.037970331900589294,2.74743313658487e-08,2.2624343989977498e-08,0.14870027120247978
12.0,-4.95189928388965e-06,1.686237391244622e-06,-0.5293504363688869,-3.623381185220873e-06,9.971723631076174e-07,-0.4407135362207937,-3.560925601147974e-06,9.663860434653837e-07,-0.5998986271274733,-2.7372213161457753e-06,7.155057448936685e-07,-0.5357815603837516,-1.4720464488140385e-06,6.766138578113368e-07,-0.34165459863133313,-2.9169719485320422e-06,9.922676821628447e-07,-0.7131179003820657,-1.8465846890853672e-06,7.576216178687492e-07,-0.5252353254290354,-1.1868172704689255e-06,4.4619246938173627e-07,-0.3572629950432766,-1.1898300807108564e-06,3.8286359744625677e-07,-0.41300499984202105,-1.4574859166731707e-06,3.2855871612434896e-07,-0.5512179707257517,-4.6154062270009583e-07,1.3352144298358044e-07,-0.21709630417219095,-6.139066651867961e-07,3.1593517038825614e-07,-0.31738767014674724,-3.8139304996963355e-07,1.510654597791034e-07,-0.24664855348860062,-1.7772105887037551e-07,1.399790704744251e-07,-0.12894094696399716,-3.020159669232893e-07,1.99945184393937e-07,-0.2774068226098902,1.8793635681603198e-07,5.958609011785198e-08,0.4779545580400293,4.463884444047667e-09,4.387502063515278e-08,0.016780756181424907,2.223617979124092e-08,2.3254042712226576e-08,0.12034964277874008
12.5,-5.046312261101127e-06,1.6684197369220074e-06,-0.5394430387867868,-3.6554300071507353e-06,9.528543525391783e-07,-0.4446116493152787,-3.5356875140662313e-06,9.473715780901558e-07,-0.5956468410787055,-2.7653466888657244e-06,7.31485937431065e-07,-0.5412867988507263,-1.5705774450247993e-06,6.829276732780238e-07,-0.3645231487305872,-2.824190361321763e-06,9.508818876724369e-07,-0.6904354022871467,-1.8811248476251066e-06,7.492151504306411e-07,-0.5350597930086817,-1.207034146203578e-06,4.271408033282133e-07,-0.36334880265250186,-1.2087046076067067e-06,3.7742952581247224e-07,-0.4195565857398844,-1.477903552596659e-06,3.243189697710926e-07,-0.5589398757623725,-4.994741656415491e-07,1.2937093967564734e-07,-0.23493922323870567,-6.566442450783153e-07,3.165597484049593e-07,-0.33948285444541004,-4.238025457531078e-07,1.5567329049762096e-07,-0.27407495989534475,-1.9800591844999216e-07,1.3630041663445528e-07,-0.14365810552614136,-3.129261543820518e-07,2.034492244825147e-07,-0.2874280160846786,1.8249070561263143e-07,5.767360860356876e-08,0.464105328129133,2.559472491810604e-10,4.296372920128421e-08,0.0009621638816257667,1.7565222319000943e-08,2.3831735169625362e-08,0.09506885855697352
13.0,-5.042492744317305e-06,1.630614935721284e-06,-0.5390347383024024,-3.6071409687555704e-06,8.959049658091022e-07,-0.43873823115032307,-3.4384533371569516e-06,9.11932446827234e-07,-0.5792660862494156,-2.7410447785687505e-06,7.438165084368093e-07,-0.5365299619291315,-1.6357349119191374e-06,6.820539359612608e-07,-0.37964587003979217,-2.6752712654264437e-06,8.920013229568024e-07,-0.654028856435683,-1.8806887165517894e-06,7.298180818406524e-07,-0.5349357415922601,-1.2005684100538789e-06,4.06099378626271e-07,-0.3614024472029486,-1.2019510647997868e-06,3.68258625668134e-07,-0.417212346010932,-1.4703695513972247e-06,3.152546478444908e-07,-0.5560905330654106,-5.226134646263748e-07,1.2479925626537694e-07,-0.24582332757030895,-6.848673622506824e-07,3.144802076608979e-07,-0.3540741105948944,-4.5661849329729e-07,1.5975267276050069e-07,-0.2952971766970793,-2.1115652736053777e-07,1.3099986821512137e-07,-0.15319919186029204,-3.156706665118616e-07,2.0361705333114094e-07,-0.28994889733907336,1.7770790700229572e-07,5.566835972315497e-08,0.4519418466467546,-2.542123348024493e-09,4.1663542108478816e-08,-0.009556419441634424,1.3459325023459935e-08,2.43427105078145e-08,0.07284636901768657
13.5,-4.9441172692137256e-06,1.5762377832655419e-06,-0.5285185509390011,-3.482486417151548e-06,8.281365108165092e-07,-0.42357644015038515,-3.2725572088881433e-06,8.609791519438006e-07,-0.5513180551076985,-2.6668293280513053e-06,7.534795558989635e-07,-0.5220030876686278,-1.6680819666641735e-06,6.741972063955807e-07,-0.38715345922947075,-2.4739713283546096e-06,8.168453288351671e-07,-0.6048166627620517,-1.8465928729013345e-06,7.000450938618771e-07,-0.5252376532016354,-1.1691279247094788e-06,3.850251431659618e-07,-0.3519380399692078,-1.1709143868565326e-06,3.5583855854719096e-07,-0.40643912437461877,-1.436012898024765e-06,3.019245372640668e-07,-0.5430969222618683,-5.313172106798045e-07,1.205930876868824e-07,-0.24991733578479428,-6.986993992303832e-07,3.0987595942337886e-07,-0.36122522694420967,-4.79859671935091e-07,1.6327063879020534e-07,-0.31032734857053157,-2.1764836285681187e-07,1.242200645094202e-07,-0.1579091762692562,-3.106173283703449e-07,2.0057291807854198e-07,-0.28530731996920017,1.735522626014406e-07,5.358871097690104e-08,0.4413733264485765,-3.973393059201955e-09,4.0021718881276546e-08,-0.014936887586403219,9.910453142750628e-09,2.4775428651589477e-08,0.05363868734211735
14.0,-4.7566074299103885e-06,1.5098699705595445e-06,-0.5084740367903379,-3.286835506402304e-06,7.520907205995357e-07,-0.3997793290176071,-3.0425845860056947e-06,7.958624876209738e-07,-0.5125752460190701,-2.5461502031770135e-06,7.614757320648914e-07,-0.49838145011615664,-1.6687231651151968e-06,6.597344154269631e-07,-0.38730227817441903,-2.2250635570604383e-06,7.27042656567694e-07,-0.5439656877146553,-1.7807480536940163e-06,6.60803040236776e-07,-0.5065090104003666,-1.1148313694465533e-06,3.661537459487744e-07,-0.335593358747893,-1.1173415468142814e-06,3.408220714946009e-07,-0.38784331716493076,-1.3764275065896778e-06,2.8508937110240466e-07,-0.5205618581655245,-5.261906765308775e-07,1.1776284258446359e-07,-0.24750595190609337,-6.984693593775237e-07,3.0303306931097914e-07,-0.3611062971180971,-4.936921806693769e-07,1.662169573038474e-07,-0.31927289246731133,-2.1807072897785172e-07,1.1618912700959475e-07,-0.15821561315388064,-2.9825413159888445e-07,1.9449343794890853e-07,-0.27395151263023654,1.6997605078775013e-07,5.145477862096573e-08,0.43227840322122496,-4.101397409508107e-09,3.810603599998668e-08,-0.015418085032164497,6.902199945664277e-09,2.5121839496698376e-08,0.037357014813099686
14.5,-4.487070612046753e-06,1.4373006589501616e-06,-0.47966096447729933,-3.0267300863266356e-06,6.71426080950111e-07,-0.3681425859834195,-2.7542621415914236e-06,7.184477949299542e-07,-0.4640024146972368,-2.383193073815226e-06,7.687278308151497e-07,-0.4664843490194671,-1.6392618670374263e-06,6.391850810139744e-07,-0.3804644586354853,-1.9342232749840418e-06,6.246841237870107e-07,-0.47286338883748474,-1.6856301737508228e-06,6.13339352721941e-07,-0.47945405271476566,-1.0401606670312798e-06,3.517873528634614e-07,-0.31311552711309937,-1.0433289816321926e-06,3.2402579786937844e-07,-0.36215262404253656,-1.2936261530149595e-06,2.657401452742604e-07,-0.4892465682071952,-5.080980890024096e-07,1.1741765055190367e-07,-0.23899568500398688,-6.847306702339423e-07,2.943554866170942e-07,-0.35400344128442585,-4.984206356747257e-07,1.6859230377533917e-07,-0.3223308049997973,-2.130912420021578e-07,1.072216644263227e-07,-0.15460287434778808,-2.7919182569657793e-07,1.856105686319446e-07,-0.2564424591657893,1.6692096789870765e-07,4.928806572339743e-08,0.4245088006986151,-3.0112876458634645e-09,3.600815657481768e-08,-0.011320114669355496,4.412990055681618e-09,2.537531754576418e-08,0.023884578276193915
15.0,-4.144092735676146e-06,1.3654947231208467e-06,-0.44299715568128406,-2.709877273299328e-06,5.914830485602042e-07,-0.32960363119159614,-2.4143780484162702e-06,6.312796085289015e-07,-0.4067431445758648,-2.1828632730141386e-06,7.759713872741399e-07,-0.4272719504342821,-1.5817633212232894e-06,6.132072065154272e-07,-0.36711933450041395,-1.6079127264142394e-06,5.12532310041391e-07,-0.39308960377050045,-1.5641148102148382e-06,5.592482464155824e-07,-0.44489069805862846,-9.478994590759333e-07,3.4391079075224993e-07,-0.28534249389172217,-9.512983005462816e-07,3.0640114572151957e-07,-0.3302076160590105,-1.1900226572055086e-06,2.451460447577399e-07,-0.45006395377032066,-4.781056397952187e-07,1.205093992676169e-07,-0.22488804299869314,-6.582207616673975e-07,2.843648725668833e-07,-0.34029790819141276,-4.944758661291138e-07,1.7041016244603096e-07,-0.3197797052816757,-2.0344808085000027e-07,9.774440929042419e-08,-0.14760652659592982,-2.541539337993232e-07,1.7421288562607544e-07,-0.23344472793050156,1.6432343898661395e-07,4.71120809459777e-08,0.41790283682760515,-8.048825989001878e-10,3.384821214002392e-08,-0.003025736623811099,2.414190442811929e-09,2.5530909303363182e-08,0.013066406195668274
15.5,-3.7375520004846718e-06,1.302340205224893e-06,-0.399538574793852,-2.3450619228534415e-06,5.20063739593892e-07,-0.285230970700223,-2.030636912695414e-06,5.379498244884218e-07,-0.34209540792642035,-1.950657717114815e-06,7.836542592342005e-07,-0.3818202164675537,-1.4987162737407528e-06,5.825869273583398e-07,-0.34784453125081366,-1.2532689529171094e-06,3.946688948391997e-07,-0.3063891391784022,-1.419504758499307e-06,5.006306397142215e-07,-0.4037583806393079,-8.410649262057201e-07,3.436922014015225e-07,-0.2531825092529908,-8.4394761876069e-07,2.8898901161750587e-07,-0.29294484296841033,-1.0683636829011833e-06,2.248964396295401e-07,-0.40405279704526786,-4.3744904857119696e-07,1.2751817610638876e-07,-0.2057642752069468,-6.198585233308668e-07,2.7368802523393175e-07,-0.3204647606826771,-4.824105772630846e-07,1.7169198838175021e-07,-0.3119770302028688,-1.8992721084028829e-07,8.832267737243439e-08,-0.1377968068367146,-2.2395917406175317e-07,1.606431907925313e-07,-0.20571032552920113,1.621127638008215e-07,4.495003900594432e-08,0.41228070868116146,2.396576624398665e-09,3.1775636398019626e-08,0.009009276227515826,8.720987129099476e-10,2.558636322500558e-08,0.004720089941342121
16.0,-3.278343963850239e-06,1.2558872312641954e-06,-0.3504499401830125,-1.941737595742486e-06,4.6791645739951207e-07,-0.2361744454938898,-1.6114938606125127e-06,4.4398052141936365e-07,-0.27148361490454676,-1.692561119640263e-06,7.918756965865703e-07,-0.3313005902652536,-1.3929745954271692e-06,5.48214313093345e-07,-0.32330241799621023,-8.779391893173016e-07,2.7884205266873204e-07,-0.2146315296806872,-1.2554898953030275e-06,4.403185253248923e-07,-0.3571066345508218,-7.228439274426122e-07,3.5110752943683936e-07,-0.21759490099512688,-7.241715981137514e-07,2.72883873041392e-07,-0.25136907833585675,-9.317025640522485e-07,2.069033926904406e-07,-0.3523678622220432,-3.875272909118405e-07,1.3833624722301499e-07,-0.18228242214226353,-5.707508571549271e-07,2.630415018870421e-07,-0.29507626331364584,-4.628681270884539e-07,1.7246883886087754e-07,-0.2993388422034297,-1.7336644396867867e-07,7.969888270007939e-08,-0.12578156803244434,-1.8951482489677555e-07,1.4531310305707075e-07,-0.17407260267612754,1.6021233394272747e-07,4.282492630514654e-08,0.4074475878933591,6.4546001749948815e-09,2.9967819258948546e-08,0.02426430906597524,-2.466567049065385e-10,2.554056870115132e-08,-0.0013349885908089433
16.5,-2.7782368488013022e-06,1.2330131316482497e-06,-0.29698925683599653,-1.5098939346664224e-06,4.468414772927573e-07,-0.18364910045328392,-1.1660301588605843e-06,3.588426605072081e-07,-0.1964376597096521,-1.4148373314670698e-06,8.003705563560217e-07,-0.2769391531007056,-1.2676983149046549e-06,5.110782497238305e-07,-0.2942264215326279,-4.899648137970139e-07,1.8657950971939505e-07,-0.11978266690286556,-1.076064921340836e-06,3.822560516614433e-07,-0.3060716968378886,-5.965065104444943e-07,3.6495484854372893e-07,-0.1795640388684363,-5.950421419248727e-07,2.5912551796163005e-07,-0.2065466184758524,-7.832964781338246e-07,1.932711844265931e-07,-0.2962410066637887,-3.2986519371700027e-07,1.5237602497945296e-07,-0.15515972139582962,-5.121597450281661e-07,2.531962818907134e-07,-0.26478485645367766,-4.365857880000243e-07,1.7278280498254787e-07,-0.28234193856563605,-1.54640646358578e-07,7.279844704933138e-08,-0.11219554681554614,-1.5179655323212476e-07,1.2870907390032653e-07,-0.139427726104138,1.5854108125641137e-07,4.0758305401889335e-08,0.40319730416649435,1.1219056916212693e-08,2.8617717173896755e-08,0.04217498482684371,-9.801443258048716e-10,2.5393042802110877e-08,-0.005304868938354739
17.0,-2.2496669474787666e-06,1.2377029569959866e-06,-0.24048594530322126,-1.0599428604893253e-06,4.6352116562526516e-07,-0.12892134234829578,-7.037578022655397e-07,2.993543974917541e-07,-0.1185600000385409,-1.1239053775176914e-06,8.085405412079256e-07,-0.2199923598936523,-1.1262970530896901e-06,4.722671696491782e-07,-0.2614078977759371,-9.75813073739253e-08,1.7461409703315304e-07,-0.02385589517446338,-8.854583086005579e-07,3.320349169731374e-07,-0.2518562975316411,-4.6536917027067266e-07,3.8324385276183973e-07,-0.14008827450414008,-4.597338992153066e-07,2.4856401854017654e-07,-0.15957942402948105,-6.265469995975304e-07,1.8588605608143046e-07,-0.23695869835283226,-2.660954801433834e-07,1.6881368805933373e-07,-0.12516416205814762,-4.4548942398716457e-07,2.449282058111459e-07,-0.23031652590264742,-4.0437384093953574e-07,1.7268636678773976e-07,-0.2615103315183827,-1.346294232547717e-07,6.861482300751145e-08,-0.09767691816617165,-1.1183365092899223e-07,1.1140633042597936e-07,-0.10272111796312788,1.5701802349621407e-07,3.877042055207667e-08,0.39932390568747034,1.6527351328481325e-08,2.790218641948538e-08,0.06213006999717769,-1.373491071582286e-09,2.514403955660332e-08,-0.007433793096502586
17.5,-1.7053275840321393e-06,1.269774257983799e-06,-0.18229690246249142,-6.026060578636195e-07,5.141605600090155e-07,-0.07329525466224415,-2.344151654721268e-07,2.876504228891364e-07,-0.03949123112801162,-8.263292958870884e-07,8.154969266101831e-07,-0.1617450503288469,-9.72358160016037e-07,4.329805956771804e-07,-0.22567945267883896,2.909724725406571e-07,2.5582055369409174e-07,0.0711346157413664,-6.879883155558445e-07,2.9702956209272105e-07,-0.19568870518001052,-3.3276235646205917e-07,4.036939299574862e-07,-0.10017016019687795,-3.214463476612561e-07,2.417196035853174e-07,-0.11157807397652893,-4.649732123144411e-07,1.8575396035354117e-07,-0.1758518470757024,-1.9790593432752678e-07,1.867921248680696e-07,-0.09308963242476788,-3.722482636929741e-07,2.3892695147119473e-07,-0.19245109367518584,-3.670994363044277e-07,1.7223946872444816e-07,-0.23740481101629124,-1.1420840333643777e-07,6.789051322069037e-08,-0.08286097196949085,-7.069035037488218e-08,9.411173325710284e-08,-0.06493029387302815,1.555635406409274e-07,3.688115940914774e-08,0.39562490501483394,2.2209130368352185e-08,2.7936942927257832e-08,0.08348916876863892,-1.4729621658653946e-09,2.4794693034259203e-08,-0.007972163930709373
18.0,-1.1579542038432139e-06,1.3249923996741845e-06,-0.12378352788672181,-1.4864361855482139e-07,5.879565739853795e-07,-0.018079592353448956,2.3220497933352222e-07,3.2987701119573327e-07,0.03911888759187662,-5.286056456962579e-07,8.201617825388906e-07,-0.10346885580943589,-8.09578639556358e-07,3.9455237435323326e-07,-0.18789914230014235,6.675774432579567e-07,3.706653307317824e-07,0.1632039776447347,-4.880344386367001e-07,2.8459269718385345e-07,-0.1388146066156804,-2.0193001569949872e-07,4.2409946487528314e-07,-0.06078620862117601,-1.8339131009666707e-07,2.3865741144298926e-07,-0.0636574324564485,-3.021070182410071e-07,1.9249802762424605e-07,-0.11425621039064755,-1.2699152586487556e-07,2.0552384445164575e-07,-0.059733400637988855,-2.9402247673452174e-07,2.3568913815447047e-07,-0.15200862631643108,-3.256782660368086e-07,1.7149918194276298e-07,-0.2106175590432238,-9.423535957784789e-08,7.072905510034077e-08,-0.06837004336285729,-2.944490793116258e-08,7.774249524057499e-08,-0.027045650713226222,1.5409681006685933e-07,3.510735506592441e-08,0.3918947562816714,2.8090561381199064e-08,2.873775566886763e-08,0.10559880468362286,-1.3239080485900988e-09,2.434629610653481e-08,-0.0071654331911131545
18.5,-6.200460864809864e-07,1.3964045035302304e-06,-0.06628197538575886,2.9151938441949433e-07,6.738798035396437e-07,0.03545763810566143,6.864393184041822e-07,4.074710451850854e-07,0.11564240617221347,-2.370033741942826e-07,8.213713057302964e-07,-0.046390855168710894,-6.41698057065759e-07,3.584903095889918e-07,-0.14893490100529047,1.024434948475526e-06,4.912253512480718e-07,0.2504456376080409,-2.8990967146355874e-07,2.973313402191276e-07,-0.08246077287232806,-7.597448094584009e-08,4.42547024033693e-07,-0.02287030302385532,-4.871909351610197e-08,2.3899320912604855e-07,-0.016911010686416504,-1.4142755535318575e-07,2.0450444828894896e-07,-0.053487590634447475,-5.508610197359397e-08,2.2430980098119663e-07,-0.025911021828929036,-2.1245440469866312e-07,2.3541798820752657e-07,-0.10983820887366566,-2.810419314443632e-07,1.7053083958744078e-07,-0.1817510462393423,-7.553236963379613e-08,7.65311587045634e-08,-0.054800569661920775,1.083272107151566e-08,6.354741706915623e-08,0.009950039275346125,1.5254337117894771e-07,3.346345683756191e-08,0.38794409335677077,3.399643229318533e-08,3.0214609163083304e-08,0.12780031573419717,-9.748869117963485e-10,2.3800957736481184e-08,-0.005276414055195585
19.0,-1.0367965040323677e-07,1.4760339117700523e-06,-0.011083195565402791,7.078910382757187e-07,7.635506864535089e-07,0.08610111572307118,1.11894129758336e-06,5.002445369442798e-07,0.18850473821752767,4.2559290551256226e-08,8.179777227434191e-07,0.008330522258421258,-4.724006599137395e-07,3.265072262026271e-07,-0.10964182413268045,1.3541999303267422e-06,6.080934496162689e-07,0.3310639348102521,-9.778772241335773e-08,3.3058129634847627e-07,-0.027814357233831525,4.2169361300869496e-08,4.5748929526196536e-07,0.01269407910744179,7.957159024200891e-08,2.4201662652675765e-07,0.02762030070352246,1.3712987623464425e-08,2.1960822686686873e-07,0.005186221783636225,1.6099719846392294e-08,2.425501638272824e-07,0.007572875506411443,-1.2919430829813902e-07,2.379857344427547e-07,-0.06679302055547848,-2.3411970792709035e-07,1.6939954137113746e-07,-0.1514062390701356,-5.886545555490245e-08,8.434357129952713e-08,-0.04270831847931005,4.9105976748601706e-08,5.3193158634126355e-08,0.04510467813923479,1.5082948847379379e-07,3.196148357195768e-08,0.38358539414203524,3.975054038232463e-08,3.220506079766892e-08,0.1494313158408792,-4.718625728642676e-10,2.3161521583997584e-08,-0.0025538780769906095
19.5,3.798394794081354e-07,1.5561756206746735e-06,0.04060425760858589,1.0909836436426256e-06,8.511386323259868e-07,0.13269684721826433,1.52090127973779e-06,5.960756324886493e-07,0.25622175015871756,3.0455815051749884e-07,8.089103856298304e-07,0.05961397426994345,-3.0525745327835207e-07,3.004927165884404e-07,-0.07084872407597068,1.650135282620314e-06,7.166721797000017e-07,0.40341183557858906,8.43909271769306e-08,3.761939633516352e-07,0.024003825202833156,1.4980861434719218e-07,4.6774937681612784e-07,0.04509630553641526,1.9868049177753793e-07,2.4686803711969143e-07,0.06896449989411166,1.6013440654447478e-07,2.357021692686244e-07,0.06056248064495811,8.494017562108015e-08,2.5974166562912327e-07,0.0399535756900332,-4.586136658492006e-08,2.429560997660044e-07,-0.02371017145693425,-1.8581736821078744e-07,1.681658169258257e-07,-0.12016890471889435,-4.4925676595337204e-08,9.323586389879755e-08,-0.03259467009717813,8.439271776666724e-08,4.833102280040358e-08,0.07751615229340078,1.4888668613719552e-07,3.06104580407205e-08,0.37864451283583367,4.518206498550279e-08,3.4521031598512384e-08,0.16984965130672672,1.3978868664321727e-10,2.243185930568453e-08,0.0007565831298345324
20.0,8.201429781696094e-07,1.6300425486649688e-06,0.08767202612367102,1.4321648110228648e-06,9.325878286564187e-07,0.1741948710478819,1.8842131593248084e-06,6.881389818078064e-07,0.31742783031750865,5.440709247554933e-07,7.932964452725837e-07,0.10649601744128914,-1.4366276070506664e-07,2.8234141423080443e-07,-0.03334340630793464,1.906252631519178e-06,8.139670150872282e-07,0.46602535031948084,2.5295969044857446e-07,4.26934924501972e-07,0.0719508648146507,2.445736332141348e-07,4.7252521236340086e-07,0.07362305123532106,3.060451894368159e-07,2.5272384002742175e-07,0.10623213807091483,2.94919739845475e-07,2.510231805834646e-07,0.11153799749616602,1.4987358545958588e-07,2.754612814358796e-07,0.07049650647425959,3.596634640967583e-08,2.49667097610869e-07,0.01859447948359457,-1.3701904654790961e-07,1.6689196775638112e-07,-0.08861081667356009,-3.430895258663157e-08,1.0246467820015236e-07,-0.02489197883459475,1.1579118210144092e-07,4.915917000584577e-08,0.10635617792076063,1.466517230223109e-07,2.9415096530199277e-08,0.3729606162981558,5.012796180661324e-08,3.698022431788474e-08,0.18844240156579967,8.167607711586113e-10,2.161660041760888e-08,0.004420582490673483
20.5,1.2079961297604598e-06,1.6919997458316882e-06,0.12913293299421552,1.7237712048264042e-06,1.0050367338482699e-06,0.20966309214533102,2.2016066619920913e-06,7.722151142755448e-07,0.3708981770295828,7.567356266275637e-07,7.704452078134132e-07,0.14812283991832667,9.218508435358838e-09,2.7356638038763005e-07,0.0021395695781199907,2.1174225494158362e-06,8.97745283844629e-07,0.5176504777226092,4.0466392731442337e-07,4.776758831987247e-07,0.11510102450684666,3.2446083355509133e-07,4.713703777342104e-07,0.09767118498733127,3.993885556156562e-07,2.5893549732213133e-07,0.1386327955756515,4.1546431234180036e-07,2.641907974478039e-07,0.1571276899064343,2.094603269825132e-07,2.893553409288489e-07,0.09852450818429946,1.1479737521682309e-07,2.5734376219135066e-07,0.05934985483166745,-8.855137518980105e-08,1.6563858741390625e-07,-0.05726656162646322,-2.7511898501175196e-08,1.1148685158149376e-07,-0.019960550922140746,1.4249894896523053e-07,5.376110859874411e-08,0.13088771782630285,1.440689431632199e-07,2.8377823132479408e-08,0.366392161811859,5.444001798277387e-08,3.942368259545927e-08,0.20465240078055227,1.5179862587477405e-09,2.0720887060206547e-08,0.008215849381434215
21.0,1.535541903865464e-06,1.7375559164563245e-06,0.16414707373357967,1.9593876606822727e-06,1.0664693799884716e-06,0.23832123108903164,2.466815730759355e-06,8.454471747910572e-07,0.41557716616767276,9.388949053269797e-07,7.399392502116351e-07,0.18377855471356905,1.5052134468389562e-07,2.747959938827206e-07,0.0349352492544354,2.2794639268888583e-06,9.662851953595544e-07,0.5572650536998419,5.367495766794823e-07,5.249907111912146e-07,0.15267094991499292,3.8785733858053045e-07,4.6417986338689955e-07,0.11675518875457974,4.767424946904611e-07,2.6510323668504673e-07,0.1654833216409218,5.19527624464418e-07,2.741654379906366e-07,0.1964842058624596,2.623983092228421e-07,3.0113620091240535e-07,0.1234251122253359,1.8923856422731548e-07,2.6519728502020424e-07,0.09783569784789341,-4.116944634883631e-08,1.6446454588330533e-07,-0.02662446101384259,-2.4919037969588323e-08,1.1992052233345894e-07,-0.018079367598040522,1.6383418349401207e-07,5.964181165357361e-08,0.15048449504493708,1.4109010505387676e-07,2.7498190722189066e-08,0.35881646290961,5.798589158774951e-08,4.171959417232685e-08,0.21798214557145726,2.2065878946518523e-09,1.975053630322501e-08,0.011942791764341213
21.5,1.7962886388954495e-06,1.7633251653177107e-06,0.19202049967722437,2.133890221961555e-06,1.115609793337687e-06,0.259546058654694,2.6746985202152054e-06,9.057898907753017e-07,0.45059856620978284,1.0876980598749664e-06,7.017158989335648e-07,0.2129051678461912,2.7775205699939184e-07,2.855055965285039e-07,0.06446485953592512,2.3892644350208014e-06,1.0182924459512344e-06,0.5841082010463016,6.46944713045817e-07,5.665764994206589e-07,0.18401442343785446,4.335865754275692e-07,4.5119540140876297e-07,0.13052088337626427,5.365273706376499e-07,2.710705110145539e-07,0.1862354047168281,6.052423448006539e-07,2.8018250869595663e-07,0.22890132472760205,3.075444767453622e-07,3.105930436886634e-07,0.14466065604234535,2.580205534996069e-07,2.7249621748513396e-07,0.1333957537344811,4.439144602924576e-09,1.6342325755549503e-07,0.0028708142299007588,-2.6786423119543995e-08,1.274987579130347e-07,-0.01943420090317748,1.7923777921188466e-07,6.498604222811655e-08,0.164632960731679,1.3767385983544568e-07,2.6771203475006168e-08,0.35012836231431155,6.064688981067925e-08,4.3762094839715637e-08,0.22798544268586443,2.8527151851337675e-09,1.871237401457644e-08,0.015439848782639145
22.0,1.985343031830449e-06,1.7669365222856766e-06,0.2122301242394971,2.243264170922609e-06,1.1517764409783614e-06,0.2728492628590069,2.8213472128037078e-06,9.517998454124653e-07,0.4753040386648996,1.2010486166541608e-06,6.560833509101802e-07,0.23509231720941406,3.887829357879376e-07,3.042612488748099e-07,0.09023456969605403,2.444812655284071e-06,1.0528651823449961e-06,0.5976881842970964,7.33467053355851e-07,6.008447313961914e-07,0.2086244994545313,4.6095258346792017e-07,4.3305527624985297e-07,0.13875876652655855,5.775755838602102e-07,2.7692103067739104e-07,0.20048375628428064,6.711770925748509e-07,2.817094839669663e-07,0.2538377014380997,3.4393453478101146e-07,3.175791553689564e-07,0.1617775612931415,3.200314289127743e-07,2.78596964271938e-07,0.16545516665054194,4.767087667792277e-08,1.6256748480636497e-07,0.030828964442533194,-3.324790892124001e-08,1.3404624568014262e-07,-0.024122165871205168,1.883019678112445e-07,6.873106167400966e-08,0.1729585727332586,1.3378909953660077e-07,2.6189747955459537e-08,0.34024874709146563,6.232621359530807e-08,4.546810744825034e-08,0.23429840247072195,3.425992562360845e-09,1.761582166235964e-08,0.01854261770293674
22.5,2.0994883265049085e-06,1.7469561521268042e-06,0.22443208112136626,2.285050242822972e-06,1.1748260616372722e-06,0.2779317221892865,2.904142203150193e-06,9.82537235678378e-07,0.4892522663464543,1.2777143871128301e-06,6.038561958994712e-07,0.25009881517948207,4.819047529122118e-07,3.292618831817431e-07,0.11184767645572634,2.44523490240649e-06,1.0694824778287393e-06,0.5977914118860806,7.951390851464539e-07,6.267446348930801e-07,0.22616625092624495,4.6968167170490456e-07,4.1077573499861194e-07,0.14138645006735323,5.991546016112273e-07,2.8294380631257105e-07,0.207974105004936,7.163718962862944e-07,2.7842105333905695e-07,0.2709302768820084,3.7081060142583034e-07,3.220162973127445e-07,0.17441934069956008,3.7430090967394724e-07,2.82962937896317e-07,0.19351230470689687,8.800934562537108e-08,1.6194406245504603e-07,0.05691602873650796,-4.430166810467508e-08,1.394563418669859e-07,-0.032141936773333636,1.9077507489893446e-07,7.032367839019238e-08,0.17523016382216394,1.29415271760146e-07,2.574381045064216e-08,0.32912534895150386,6.294867736915661e-08,4.677427427846934e-08,0.23663838527082562,3.901913639149115e-09,1.6471233176969985e-08,0.021118461760687327
23.0,2.137153227310316e-06,1.70284994983877e-06,0.228458401232924,2.2583397630556424e-06,1.1852085511589012e-06,0.27468291413110363,2.9218196108110966e-06,9.97513585381917e-07,0.49223032704604597,1.3173265086314507e-06,5.464992525686326e-07,0.257852460875637,5.558563689619614e-07,3.58791971162041e-07,0.12901147568228694,2.390796634829006e-06,1.0680145436609586e-06,0.5844827809632399,8.314275697913499e-07,6.436594871741391e-07,0.23648800554407898,4.5993762079418627e-07,3.85770164905615e-07,0.1384532362535351,6.009450371927949e-07,2.8955244178043965e-07,0.2085955877351765,7.403054884933094e-07,2.7016819083475413e-07,0.27998190885841995,3.8765215252196815e-07,3.2389017118063026e-07,0.1823411536877841,4.2001969641882474e-07,2.8516665051021366e-07,0.21714876286862322,1.250319361116183e-07,1.615925291440136e-07,0.08085869992718844,-5.97935571772329e-08,1.4367594361419166e-07,-0.043381678759868564,1.8655813262329218e-07,6.955549688986637e-08,0.1713568303367447,1.2454252482434573e-07,2.5420492421654735e-08,0.31673311336921517,6.24619033662474e-08,4.763629286321308e-08,0.23480849115939362,4.263459802988474e-09,1.529141547569589e-08,0.023075270532454433
23.5,2.098535565623976e-06,1.63493850670454e-06,0.2243302324448963,2.1636681464686587e-06,1.1839176582636287e-06,0.2631679614410666,2.874478931802411e-06,9.96683661677825e-07,0.48425498256385924,1.320351679283572e-06,4.864340006523065e-07,0.2584446054139175,6.098039297952662e-07,3.914357173957453e-07,0.1415324340110758,2.2828969294684337e-06,1.0487142309923484e-06,0.5581043266290125,8.423343435139512e-07,6.512922644897282e-07,0.23959028559623777,4.3233821111637247e-07,3.599365476280765e-07,0.13014509311451064,5.830530528818154e-07,2.9720288360128637e-07,0.20238505473779697,7.429335474255013e-07,2.569782000959574e-07,0.2809758349711725,3.9416083962679004e-07,3.232482309048236e-07,0.18540266516905668,4.565360893491196e-07,2.848880440860526e-07,0.23602761454354834,1.5841579105687058e-07,1.615502569554067e-07,0.10244818492901356,-7.945005093259076e-08,1.4669563839832266e-07,-0.05764294264675744,1.757173841656996e-07,6.651861148584016e-08,0.1613994177702175,1.1917150994329657e-07,2.520526218709634e-08,0.3030736964943251,6.08371772921097e-08,4.802575928743746e-08,0.22870077657729607,4.497239950846877e-09,1.4092854782609941e-08,0.024340566889457387
24.0,1.9854767605803724e-06,1.5444282654827348e-06,0.21224441963770063,2.0029577576389747e-06,1.1725100950741131e-06,0.24362068221539732,2.763537447192518e-06,9.804367029355129e-07,0.46556499805884666,1.2880019373953807e-06,4.2754649108825026e-07,0.2521124922286848,6.433346780531016e-07,4.2607911232398224e-07,0.14931475252899248,2.1240553511786935e-06,1.012202731259141e-06,0.5192720118855139,8.284090041048862e-07,6.496476890401093e-07,0.2356294165283518,3.8790778525175555e-07,3.3565818423957597e-07,0.11677037452015654,5.460457040487113e-07,3.063195690252559e-07,0.18953933807055798,7.246875846569033e-07,2.390757011529206e-07,0.2740752519492787,3.902588148652307e-07,3.2019967070388823e-07,0.18356725759525064,4.83376292130483e-07,2.819157352256685e-07,0.24990390862882453,1.8790992411809594e-07,1.6184684294933575e-07,0.12152216977622238,-1.028863666865371e-07,1.485485561119594e-07,-0.07464655924610018,1.5846885946602612e-07,6.164050809671004e-08,0.14555635331111239,1.1331492169247794e-07,2.5082405502493405e-08,0.2881793828209866,5.807078139278823e-08,4.7929591642584166e-08,0.21830126564244007,4.593401265926987e-09,1.2895312220846173e-08,0.02486102409153415
24.5,1.8014441013512216e-06,1.4334227338155706e-06,0.19257161070436601,1.7794724098526617e-06,1.1530511335914038e-06,0.21643805557976334,2.5917537912392136e-06,9.496225676524493e-07,0.4366251125032194,1.2223009561531656e-06,3.759954061997243e-07,0.2392522335272569,6.564582877527292e-07,4.6184320860150176e-07,0.15236067652692944,1.917811085680085e-06,9.594847033622874e-07,0.4688510684642975,7.907451976201976e-07,6.389900305229899e-07,0.2249164707464391,3.2808541416118154e-07,3.1570577048030296e-07,0.09876227841454094,4.908823409332875e-07,3.1719119097795277e-07,0.1703914402790014,6.86428606158782e-07,2.1689795246954453e-07,0.25960579035893133,3.761023273618323e-07,3.149107036225963e-07,0.1769084263550705,5.002258246170797e-07,2.761307841061161e-07,0.25861505995238226,2.133461544471863e-07,1.624973417483008e-07,0.13797189117878209,-1.2960194246636856e-07,1.4931298424022842e-07,-0.09402935868267331,1.351734284010042e-07,5.584354518238088e-08,0.12415910210314277,1.0699631310943299e-07,2.503529517372879e-08,0.27211007178452,5.4181791690165315e-08,4.734952805611272e-08,0.2036816694566992,4.547039719597607e-09,1.1724131573906265e-08,0.02461009989539104
25.0,1.5515100579916048e-06,1.305040068424507e-06,0.16585404491172503,1.497921947635884e-06,1.1280963910009637e-06,0.18219294211108716,2.363146334364443e-06,9.05570747572362e-07,0.39811228890306716,1.1260111451798634e-06,3.4070504403209996e-07,0.22040454120949593,6.496103942411964e-07,4.979989757074631e-07,0.15077131478427672,1.6686316361688598e-06,8.919453729393245e-07,0.40793367570595174,7.309028421130207e-07,6.198155464944816e-07,0.20789514523939162,2.546883288274839e-07,3.028711878258507e-07,0.07666783878492286,4.1890301629102597e-07,3.299109624811214e-07,0.14540651054454276,6.294219957341827e-07,1.9116339090670792e-07,0.23804601557364438,3.5206661207179387e-07,3.075964907255239e-07,0.1656026718863181,5.069275788892427e-07,2.67507442070793e-07,0.2620798442509704,2.3465710087350416e-07,1.6350052152332659e-07,0.15175377343894092,-1.5900519161337268e-07,1.490993827382768e-07,-0.11536213045958639,1.0632190948535031e-07,5.081645377852325e-08,0.09765848933291274,1.0024830568472982e-07,2.5045428153379337e-08,0.2549487254598066,4.921035677492207e-08,4.630102618022241e-08,0.18499291569745677,4.35685992739275e-09,1.061207090810148e-08,0.023580783247006794
25.5,1.2421230016009079e-06,1.163684388458508e-06,0.13278104323737386,1.164221247089889e-06,1.1006446970667523e-06,0.14160477093637353,2.08287390301282e-06,8.501365342551667e-07,0.3508956195249386,1.0025281931645796e-06,3.315805619102869e-07,0.19623408472455994,6.23615884678786e-07,5.338959958690315e-07,0.14473811947422463,1.3818238405956864e-06,8.113667140431076e-07,0.3378172067782069,6.508735485710984e-07,5.928586559713796e-07,0.18513192604570963,1.698350272978943e-07,2.9924748713197607e-07,0.05112477887327056,3.3179001434912224e-07,3.4435282885596393e-07,0.11516849090079748,5.553326372453631e-07,1.6306799351798316e-07,0.2100255830113874,3.1871951675831305e-07,2.985238367978187e-07,0.14991709451485746,5.03506669032983e-07,2.5613224841090427e-07,0.2603112454221404,2.518452931757396e-07,1.6484047424986147e-07,0.16286945257564206,-1.90431150363067e-07,1.480489036526422e-07,-0.13816242720659472,7.251588149761616e-08,4.913503713675166e-08,0.06660707538061555,9.311256143893568e-08,2.509287086348479e-08,0.23680129754821969,4.3220418932151493e-08,4.48142385784194e-08,0.16247537794724567,4.024751708525102e-09,9.602207740982566e-09,0.02178330248008345
26.0,8.810447454564073e-07,1.0155918591426163e-06,0.09418233161267525,7.852754708676903e-07,1.0739195893096878e-06,0.09551342019579767,1.7571362150632279e-06,7.858004014585871e-07,0.29601955254346574,8.558093558032679e-07,3.535959588893534e-07,0.16751545420847821,5.796560177616494e-07,5.689232301250613e-07,0.13453525481627762,1.0634161319917881e-06,7.199778895003858e-07,0.259975444625045,5.530372934083612e-07,5.590719583602647e-07,0.1573037643464967,7.588586635378646e-08,3.05420276959249e-07,0.022843627717260638,2.315393700835246e-07,3.601915117607931e-07,0.0803702302160961,4.6616199376345035e-07,1.3470776026917502e-07,0.17630144160726058,2.7682507791084683e-07,2.8800817755407575e-07,0.13021107647045513,4.901474929097496e-07,2.4220454549516065e-07,0.25340459653677117,2.649919962720736e-07,1.6648921241483452e-07,0.17137148296689608,-2.231615879987933e-07,1.463276792427536e-07,-0.16190915508522366,3.445248712669528e-08,5.3246980602985147e-08,0.03164519770986879,8.564048344148725e-08,2.515570100921012e-08,0.21779851491789023,3.629914514182636e-08,4.293376169762772e-08,0.13645673669518452,3.555632908364713e-09,8.748851526119732e-09,0.019244274618726912
26.5,4.772131463355344e-07,8.69893900838636e-07,0.05101335321490233,3.688665432844571e-07,1.0511111899349054e-06,0.044865408957662285,1.3929969130692318e-06,7.157712760689365e-07,0.23467407897363557,6.902034332532421e-07,4.027716964313166e-07,0.1350998804040259,5.192198710829021e-07,6.024850432415614e-07,0.12050832825225026,7.200376234065249e-07,6.20630921951445e-07,0.1760290216222877,4.400844491765036e-07,5.196036735478902e-07,0.12517589918606367,-2.4596629800868652e-08,3.2018006594207843e-07,-0.007404227971132419,1.2040797594155747e-07,3.769186622033496e-07,0.041795124271030944,3.642134141762791e-07,1.1003519969269514e-07,0.13774471284882084,2.2733569811662752e-07,2.7640831995852394e-07,0.10693260233258878,4.671963142308225e-07,2.2605286942111547e-07,0.24153891476280004,2.7425409614856364e-07,1.6840223322842382e-07,0.1773613234660481,-2.5645321806278745e-07,1.4413019276452817e-07,-0.18606304170795315,-7.087772571074174e-09,6.354524041086642e-08,-0.0065102401318491345,7.788933020330434e-08,2.521166012804998e-08,0.19808599583419464,2.8556767998156818e-08,4.071802918916748e-08,0.10735138131668669,2.9576423334486115e-09,8.115104254797154e-09,0.016007749606253535
27.0,4.0437095968536e-08,7.404956670245382e-07,0.004322663521464322,-7.648412082598251e-08,1.0350481876641675e-06,-0.00930279913453336,9.982043744600077e-07,6.442289683724557e-07,0.1681645450941599,5.104828884935915e-07,4.702395130020754e-07,0.09992152148348059,4.440742950646858e-07,6.339836110901103e-07,0.10306741690457623,3.587789340594667e-07,5.171967929411519e-07,0.08771139547178679,3.1497884828716723e-07,4.758112631333194e-07,0.08959135146155481,-1.289323835914067e-07,3.4103925154207025e-07,-0.038812014845161995,8.335936702604733e-10,3.939027733462494e-07,0.0002893508570976367,2.5202423108957823e-07,9.613958140215743e-08,0.0953150103515319,1.7133072283897937e-07,2.641167610078841e-07,0.08058936719782842,4.3514550014349973e-07,2.0816593450533531e-07,0.22496875225057733,2.798324580652815e-07,1.7051727988106567e-07,0.18096887451529745,-2.8953933698361194e-07,1.416743994244535e-07,-0.21006782500223983,-5.126211308713621e-08,7.850671783416188e-08,-0.047085126182693705,6.992166520702999e-08,2.5237876380351272e-08,0.17782285002024717,2.0117423623580484e-08,3.8240855332229385e-08,0.0756259677097808,2.2406199134721434e-09,7.76166464056825e-09,0.012126984433518801
27.5,-4.187321951718584e-07,6.478559470113413e-07,-0.044761829255504836,-5.416467186151823e-07,1.0277412816098367e-06,-0.06588074192054263,5.810468537389759e-07,5.766617276586298e-07,0.09788724868117925,3.2168829501183826e-07,5.47686657821852e-07,0.0629670153604241,3.562308772712871e-07,6.62807996218916e-07,0.08267940015905333,-1.2927196052382837e-08,4.155112166689367e-07,-0.0031603371816248758,1.8088578645718668e-07,4.292840077133264e-07,0.051450445504552356,-2.3442192391718257e-07,3.6506420684544706e-07,-0.07056712160025194,-1.2460296952377295e-07,4.1046938391930654e-07,-0.043251259354390975,1.3231078648761325e-07,1.0060875090205439e-07,0.05003964868443035,1.1002625731685462e-07,2.515472139593737e-07,0.051753394285531135,3.9464666351378697e-07,1.8925349780473205e-07,0.20403099064858007,2.8196155870479807e-07,1.727599136389375e-07,0.18234577321077766,-3.2166267575874617e-07,1.391808952916846e-07,-0.23337408790455666,-9.719254652133575e-08,9.634423736241725e-08,-0.08927301356453078,6.180624365378444e-08,2.5209933077398136e-08,0.15718393380678186,1.1114623467926922e-08,3.559313423766565e-08,0.04178239575899591,1.4143734352845589e-09,7.724883626555074e-09,0.007655062123543695
28.0,-8.891051133622536e-07,6.151894038838133e-07,-0.09504397257579718,-1.0172157241932352e-06,1.0300529979360048e-06,-0.12372442091854292,1.5020226465494098e-07,5.200608250650586e-07,0.0253041322539533,1.288969366034688e-07,6.290331873437252e-07,0.02523018559541792,2.5787275845312617e-07,6.883513870392641e-07,0.05985097403566205,-3.874182532207561e-07,3.2577476754379094e-07,-0.09471290645955906,4.109010539921034e-08,3.8186516286307325e-07,0.011687508842043623,-3.38379727456869e-07,3.894856841715732e-07,-0.10186113557768113,-2.532115292159704e-07,4.25939194392415e-07,-0.08789290948280659,7.909644946346834e-09,1.227280694736661e-07,0.002991410336532384,4.472913080591504e-08,2.3912235851202063e-07,0.021039380954140728,3.465039989054333e-07,1.7032022654445828e-07,0.17914139582710611,2.809207301303859e-07,1.7504222596239813e-07,0.1816726648195031,-3.5209922150562845e-07,1.368586977267201e-07,-0.2554565414745551,-1.4398057784842896e-07,1.1569153464423779e-07,-0.13224861925466844,5.361611117440864e-08,2.5104593404587138e-08,0.13635501482703805,1.696718345134826e-09,3.288419332751693e-08,0.006378349891253196,4.90570791201e-10,8.000594902910074e-09,0.002655133212314678
28.5,-1.3592255941208364e-06,6.525262676246746e-07,-0.14529913072191192,-1.4935766730523769e-06,1.041558718154403e-06,-0.18166442434559268,-2.855127369433224e-07,4.823577358642538e-07,-0.04809948819612787,-6.279124201808769e-08,7.100023665783158e-07,-0.012290708620615287,1.5133025436751165e-07,7.100138433027449e-07,0.03512299313541652,-7.570235002244188e-07,2.6679348942512443e-07,-0.18507103206515105,-1.0106204791123887e-07,3.357313633700719e-07,-0.02874569356982813,-4.3816682077639105e-07,4.119820260532284e-07,-0.1318996568505554,-3.8231326033020897e-07,4.3966842388449855e-07,-0.13270574562037107,-1.1827979667949559e-07,1.5520625857725285e-07,-0.04473315917339747,-2.3197332351793478e-08,2.272684940092642e-07,-0.010911401667672354,2.9164461063695065e-07,1.5276112120051153e-07,0.15077927758408038,2.77000439562932e-07,1.7726977679686573e-07,0.17913739576361837,-3.801744229950253e-07,1.3489517569625874e-07,-0.27582578240333105,-1.907164971984661e-07,1.3554833112688562e-07,-0.17517635920405628,4.5426344215629326e-08,2.4901727468879164e-08,0.1155270254291916,-7.97986720761262e-09,3.024230430530857e-08,-0.029998134505845972,-5.136106615797916e-10,8.543813842751737e-09,-0.0027798326973785784
29.0,-1.8176847490754522e-06,7.460102932268959e-07,-0.19430771103009437,-1.961246869806645e-06,1.0606266050879634e-06,-0.2385473675582274,-7.172857779087749e-07,4.7013535323321e-07,-0.12083901817179661,-2.4841501060763894e-07,7.874778945580679e-07,-0.04862455995831457,3.901086277497469e-08,7.272199931485779e-07,0.009054225615220197,-1.1142250067185407e-06,2.619844211826625e-07,-0.27239679070077644,-2.422593817788753e-07,2.9349967067871765e-07,-0.06890731087448222,-5.313301185889203e-07,4.307286256173652e-07,-0.1599442426792248,-5.092422195631871e-07,4.510902912338822e-07,-0.17676438528482188,-2.4335865310538055e-07,1.9214184894926496e-07,-0.09203770780131706,-9.233103765461905e-08,2.1636631946524895e-07,-0.04343003854771423,2.3110109722179082e-07,1.3844855099401305e-07,0.11947848585951254,2.704991055230133e-07,1.79346338383491e-07,0.17493295460555366,-4.0528064592288204e-07,1.3343505882271567e-07,-0.2940409572373286,-2.3650010561592627e-07,1.5514362405230258e-07,-0.21722938530094793,3.731372639284788e-08,2.4583366625191663e-08,0.09489523958569587,-1.7753787472912672e-08,2.7814475990223684e-08,-0.06674052220976402,-1.5816458355657632e-09,9.286865213413126e-09,-0.008560396304575783
29.5,-2.253151780569058e-06,8.715557090388292e-07,-0.24085846861423044,-2.4107832975463038e-06,1.0846560697060868e-06,-0.29322469202447216,-1.136478900980927e-06,4.851123207434908e-07,-0.19145924650546126,-4.23161959053841e-07,8.590505758843754e-07,-0.08282939102496659,-7.667370787810324e-08,7.394436427346774e-07,-0.0177955830889537,-1.4517879637401131e-06,3.113203112110086e-07,-0.354921474312879,-3.7926331711291943e-07,2.5822893136662137e-07,-0.10787617430412398,-6.156518490467165e-07,4.4435798539475784e-07,-0.18532728581499028,-6.31420540409884e-07,4.5972761256205895e-07,-0.21917401855938262,-3.644914783564867e-07,2.301363175745485e-07,-0.1378498761107036,-1.6126412829907274e-07,2.0674152321362785e-07,-0.07585431168434278,1.6597068113089547e-07,1.295752902439664e-07,0.08580628096092643,2.6173094820745086e-07,1.8117757747208324e-07,0.16926254892087705,-4.268937205811447e-07,1.3257247567883643e-07,-0.30972176811564195,-2.8045942558870155e-07,1.7384435706360469e-07,-0.25760677131125925,2.9356492563492526e-08,2.4134667432683356e-08,0.0746586220276914,-2.7464961844189357e-08,2.5757886497032394e-08,-0.10324703383709687,-2.6978396620553573e-09,1.0160438283037883e-08,-0.014601610647642623
30.0,-2.654854739707434e-06,1.0094333525899615e-06,-0.2837998986635802,-2.833184564000305e-06,1.1105270308178262e-06,-0.344601554222242,-1.5349000089421494e-06,5.228707098053688e-07,-0.25858007475514194,-5.824796190843063e-07,9.2279314047245e-07,-0.11401410524018525,-1.9331919527935944e-07,7.461952626259933e-07,-0.04486841575149621,-1.7629476030061114e-06,3.901324803674259e-07,-0.43099128662241354,-5.090035731638406e-07,2.3309943712743075e-07,-0.14477898521278829,-6.891001131523382e-07,4.5192793804944135e-07,-0.20743713159161611,-7.46470813446754e-07,4.6522291787475747e-07,-0.25910941670382076,-4.789699928007395e-07,2.671444341328269e-07,-0.1811453986964014,-2.2860868665309004e-07,1.9863499168451213e-07,-0.10753138192625232,9.741592349501438e-08,1.2798897938591377e-07,0.05036370306204225,2.5098209818263637e-07,1.8267351878506607e-07,0.16231122059830408,-4.4460092317687124e-07,1.32340275361167e-07,-0.32256877389699745,-3.217640938539957e-07,1.911106907796993e-07,-0.2955458143994717,2.162700194274748e-08,2.3546417984142582e-08,0.05500119471505552,-3.6959891039536814e-08,2.4223871608455924e-08,-0.13894063069968565,-3.842863725864984e-09,1.1105014096334634e-08,-0.02079886387847106
30.5,-3.0127008207907857e-06,1.1466165541506222e-06,-0.32205309573296337,-3.220385631589965e-06,1.1350495333826382e-06,-0.39169699988551776,-1.9048070826253924e-06,5.755508338405359e-07,-0.32089722779978297,-7.222708706828184e-07,9.77163603886144e-07,-0.14137673553524308,-3.086088087925691e-07,7.47057120985762e-07,-0.07162655688416991,-2.041476879118806e-06,4.782822399061259e-07,-0.4990838895274153,-6.286511893680855e-07,2.2041262203763278e-07,-0.1788110851242046,-7.499729564528783e-07,4.528451420871023e-07,-0.22576144726807934,-8.52181048170013e-07,4.673552609531025e-07,-0.29580276996741944,-5.842653198700582e-07,3.017456394995188e-07,-0.2209678599978023,-2.9304873032392726e-07,1.9215599042762112e-07,-0.13784224652532293,2.6646366279894176e-08,1.341864674951564e-07,0.013776081269420887,2.3851528299947874e-07,1.8375233294549238e-07,0.15424887669408144,-4.58076496456966e-07,1.3269971256980894e-07,-0.33234562977813126,-3.596512656470538e-07,2.0648747649424663e-07,-0.3303458286234112,1.4191271128453951e-08,2.2813953175922923e-08,0.03609084923821311,-4.609102204485937e-08,2.3324563415675495e-08,-0.17326662748154384,-5.0007705910008375e-09,1.2073245326451953e-08,-0.02706584313922716
31.0,-3.317447222827616e-06,1.274796300937766e-06,-0.35463001857646104,-3.564557028390374e-06,1.155117528625165e-06,-0.43355872670814355,-2.2391901439358135e-06,6.352823208152706e-07,-0.3772297553173854,-8.389180322972062e-07,1.0209261830159721e-06,-0.1642091597515259,-4.203695055782665e-07,7.417131407978617e-07,-0.09756565414148698,-2.281827594732876e-06,5.651581850386581e-07,-0.55784290425167,-7.355797282863968e-07,2.2018434485291433e-07,-0.20922542044734024,-7.969695232455315e-07,4.4688166133986634e-07,-0.23990864130281114,-9.466063411183696e-07,4.6603831736459474e-07,-0.3285789778742826,-6.780724675363283e-07,3.3285451524115487e-07,-0.2564455170953065,-3.5335712322787026e-07,1.8730971325571207e-07,-0.16620969364929566,-4.5125173995317884e-08,1.4699450786720965e-07,-0.023329562377340633,2.2456438017661354e-07,1.8435042740078327e-07,0.1452267668224052,-4.67109371620598e-07,1.3356618489803621e-07,-0.3388992002149121,-3.934377180669519e-07,2.1959282768504119e-07,-0.36137926208239374,7.110133399023543e-09,2.1938916274666317e-08,0.01808229511260832,-5.4718116593659966e-08,2.3093352357841288e-08,-0.20569783666541153,-6.15183979120101e-09,1.3028473767917317e-08,-0.03329581467023041
31.5,-3.5609722028478173e-06,1.3884665818254958e-06,-0.3806624653307417,-3.858989097103257e-06,1.1680160613848676e-06,-0.46937063595703166,-2.531778618990147e-06,6.957620546702154e-07,-0.42652127223136704,-9.294472644474402e-07,1.0531288005939226e-06,-0.18192928087424629,-5.26603074085076e-07,7.299574622117325e-07,-0.12222193264316716,-2.4792528128826232e-06,6.45097409289945e-07,-0.6061078377284113,-8.275148652476523e-07,2.2976425745107395e-07,-0.23537509116952374,-8.291359404402563e-07,4.3415266005433125e-07,-0.24959157298298326,-1.028081079174768e-06,4.61351127153166e-07,-0.35685988514299766,-7.583774023454064e-07,3.5960088245704854e-07,-0.2868166669625817,-4.0840849449199457e-07,1.8398763700884805e-07,-0.19210437908594133,-1.1670299150182572e-07,1.6435942822398287e-07,-0.060335052007701784,2.0934193311507e-07,1.8441398908141552e-07,0.13538234373030783,-4.716027171446806e-07,1.3481330388164604e-07,-0.3421592315842628,-4.225307059745623e-07,2.3011467941247084e-07,-0.3881016682448734,4.352168890572676e-10,2.093153952622559e-08,0.0011068315858891763,-6.271261933150554e-08,2.3467004174931685e-08,-0.23575098945578155,-7.28174744163756e-09,1.3941214526213907e-08,-0.03941125281561589
32.0,-3.7364388535415142e-06,1.483910891745771e-06,-0.39941958109339043,-4.098141605748838e-06,1.1714995133432126e-06,-0.4984588666436529,-2.7771741242055647e-06,7.523602573030703e-07,-0.4678623287910782,-9.915775140267566e-07,1.0730957652013973e-06,-0.19409060735167946,-6.255320163733481e-07,7.117164630695237e-07,-0.14518284403135923,-2.6298845819125775e-06,7.147169909872731e-07,-0.6429330841678003,-9.025291251611917e-07,2.4517656057052597e-07,-0.25671185381593203,-8.459166906641919e-07,4.1512103340093157e-07,-0.25464301707067133,-1.0952323514770524e-06,4.5353739420847926e-07,-0.38016893712967054,-8.234701631056322e-07,3.812708094560112e-07,-0.3114346060347397,-4.5720088174247256e-07,1.8199689609545763e-07,-0.21505500666417746,-1.8692185284194927e-07,1.8427104214561e-07,-0.09663796589497498,1.9304219115043942e-07,1.838997553183776e-07,0.1248412293126915,-4.715624390166501e-07,1.362914733102101e-07,-0.3421300088235883,-4.464461312389087e-07,2.3781545000984687e-07,-0.4100683947114635,-5.792344830012147e-09,1.981217299699296e-08,-0.014730931577831556,-6.99599392952614e-08,2.4303975111169794e-08,-0.2629953123778786,-8.382875067323058e-09,1.4787531355832103e-08,-0.04537092384045862
32.5,-3.838529737187918e-06,1.5587093758617286e-06,-0.41033293992993364,-4.277448972917217e-06,1.163824300800486e-06,-0.5202681049809105,-2.9710642052030942e-06,8.018081703049459e-07,-0.5005264185340808,-1.023787504376714e-06,1.080436100918164e-06,-0.20039536568008004,-7.156120201828369e-07,6.870740771188762e-07,-0.16608996117500294,-2.7308521298019194e-06,7.718037395754557e-07,-0.6676168202571404,-9.590676032126594e-07,2.626950717519606e-07,-0.2727934373437007,-8.471590881010705e-07,3.906453195903534e-07,-0.2550170111474157,-1.1470487967556707e-06,4.4301052501883134e-07,-0.39815507760556457,-8.719719073632726e-07,3.973013119039858e-07,-0.32977785912591245,-4.988690057725793e-07,1.8110270705107177e-07,-0.23465457230111733,-2.5468349512940014e-07,2.0513788404659028e-07,-0.13167050584041995,1.7581913183806334e-07,1.8278594009120478e-07,0.11370300152803689,-4.6710053078636237e-07,1.3785654103266314e-07,-0.3388927859748353,-4.648154771529423e-07,2.425300669777823e-07,-0.42694095259423376,-1.1544631889876881e-08,1.8613560669760792e-08,-0.029359989339700947,-7.636052149378711e-08,2.5427067963489206e-08,-0.28705655559304494,-9.445867751182404e-09,1.5548697396157387e-08,-0.051124195804435085
33.0,-3.863356332187563e-06,1.6115104492398063e-06,-0.4129868648470602,-4.393483391041804e-06,1.1438102151189423e-06,-0.5343814251426399,-3.1101755824067038e-06,8.418392254705733e-07,-0.523962101710206,-1.0251921999615632e-06,1.0750000490987947e-06,-0.2006703196956269,-7.955354950380311e-07,6.563094236785949e-07,-0.18463979888214338,-2.7802735292980136e-06,8.148813369109851e-07,-0.6796989675195897,-9.96035033847272e-07,2.795878346879771e-07,-0.28330830870292506,-8.331294570672383e-07,3.6200724521443376e-07,-0.25079372578814674,-1.1828643791731812e-06,4.303551487604293e-07,-0.41058711714674717,-9.029275967403449e-07,4.0727909045003105e-07,-0.3414852328203321,-5.327143401319897e-07,1.810807911684046e-07,-0.25057450792870023,-3.1897162010366604e-07,2.2579117592252395e-07,-0.16490724907968202,1.5778161004954557e-07,1.8107880524046104e-07,0.10203805729790147,-4.5842348620021095e-07,1.393784509740937e-07,-0.33259737926896354,-4.773962501762815e-07,2.4416375680607467e-07,-0.43849660743571167,-1.6809455674445075e-08,1.7384211308999406e-08,-0.04274934394752246,-8.183703223284558e-08,2.666245243095187e-08,-0.30764400416816173,-1.0464881042858353e-08,1.6210134480382137e-08,-0.05663943658730989
33.5,-3.8088109521648625e-06,1.6418360529543478e-06,-0.407156047404779,-4.444089994826391e-06,1.1107889968382159e-06,-0.5405367298621654,-3.192348696886829e-06,8.709574077896526e-07,-0.5378055637998166,-9.956982967374961e-07,1.0568954961366651e-06,-0.19489720613773276,-8.642644059265246e-07,6.199388580814377e-07,-0.2005914344320236,-2.777312703303477e-06,8.430201329557713e-07,-0.6789751285338624,-1.0127512202107949e-06,2.941182062436523e-07,-0.28806299536120455,-8.044990155641658e-07,3.3101083218566025e-07,-0.2421752151418047,-1.2023623534728647e-06,4.163234306720255e-07,-0.4173551094870899,-9.15738573335144e-07,4.109524003692629e-07,-0.34633031601517966,-5.582008611808902e-07,1.8173600629221062e-07,-0.2625626824333708,-3.788747541767782e-07,2.4540084038118726e-07,-0.19587696684967604,1.3900252901667446e-07,1.7880479153552914e-07,0.08989354346113475,-4.458214384704224e-07,1.4074141653644458e-07,-0.32345428740189563,-4.84058767903902e-07,2.42691884973646e-07,-0.4446162437325261,-2.158897818796669e-08,1.6192746747768706e-08,-0.05490449375086122,-8.632974443753793e-08,2.7862227167977944e-08,-0.3245331304538531,-1.1436741819106122e-08,1.676106476473997e-08,-0.06189947218470874
34.0,-3.6745420993907927e-06,1.6500442384214714e-06,-0.3928029130351165,-4.4287330741901275e-06,1.064717215242878e-06,-0.5386688604735745,-3.2164989690543643e-06,8.882464025869896e-07,-0.541874088880315,-9.360657329933001e-07,1.026527909925019e-06,-0.1832247747329032,-9.210499223328439e-07,5.787789294384526e-07,-0.2137710680172984,-2.722262529422107e-06,8.557650264162205e-07,-0.6655169036669053,-1.0091443395303807e-06,3.053564279098413e-07,-0.2870370683299892,-7.622331433487336e-07,3.0006922985740007e-07,-0.22945208372846126,-1.2055348377579164e-06,4.018185575086758e-07,-0.41845631872098643,-9.101848279646048e-07,4.082315763399787e-07,-0.34422990172091067,-5.749493524137016e-07,1.8290873032455612e-07,-0.27044072256303964,-4.335763279812994e-07,2.6336499338669336e-07,-0.22415749554843944,1.195704237828314e-07,1.7601191032210981e-07,0.07732671601751126,-4.2965681088043635e-07,1.418600551230432e-07,-0.31172645727292164,-4.847861075038046e-07,2.3815897872639315e-07,-0.44528431757452464,-2.5897789707715427e-08,1.513100328300791e-08,-0.06586254434037661,-8.979255279231779e-08,2.891077991640616e-08,-0.3375506140901167,-1.2364819128786134e-08,1.719427130279071e-08,-0.06692253701597264
34.5,-3.461838744602659e-06,1.637358406680229e-06,-0.3700652507323842,-4.347956385213596e-06,1.0061205099368383e-06,-0.5288439542814637,-3.182758003150461e-06,8.933749278786729e-07,-0.5361898479298214,-8.476660588364132e-07,9.84545642541192e-07,-0.16592149162685066,-9.653913635533768e-07,5.340525585336054e-07,-0.22406249415751375,-2.616456097941012e-06,8.531155813431036e-07,-0.6396501961373081,-9.854521881332045e-07,3.1295508294922675e-07,-0.28029816546636077,-7.076735467898121e-07,2.7232419593715277e-07,-0.2130282202070857,-1.1927353845478938e-06,3.8783978430313575e-07,-0.41401346737886446,-8.865310806790407e-07,3.9920310355375923e-07,-0.3352841064788067,-5.827319147274327e-07,1.8451006367953207e-07,-0.2741014307048637,-4.823857233674719e-07,2.792535137160973e-07,-0.24939178792768088,9.953531781530449e-08,1.72792764138876e-07,0.0643699253621105,-4.1034454697147424e-07,1.426847606601438e-07,-0.29771494050463343,-4.796925819704156e-07,2.3066939516133332e-07,-0.44060582739900794,-2.9764800547162106e-08,1.4311800073889376e-08,-0.07569701962773662,-9.220184616569279e-08,2.9725367346682496e-08,-0.34660769546731035,-1.3252833990463438e-08,1.7507406608733756e-08,-0.07172877047821394
35.0,-3.17374427405942e-06,1.6058581427715699e-06,-0.33926839381857843,-4.203582894397779e-06,9.361895694216066e-07,-0.5112837395479151,-3.0924156295371376e-06,8.865263055060576e-07,-0.5209701348629159,-7.327329607846225e-07,9.318801292238014e-07,-0.14342457687220625,-9.971043621472093e-07,4.875206430533645e-07,-0.23142292209421444,-2.4622573440002134e-06,8.35496293793089e-07,-0.6019529218432818,-9.423170926707014e-07,3.1703141151296623e-07,-0.26802898765037764,-6.42451374272429e-07,2.5154329009339963e-07,-0.19339464284299585,-1.1646631563436296e-06,3.754104765992354e-07,-0.4042692435665529,-8.453801267997642e-07,3.841543813399047e-07,-0.3197209061546897,-5.815091840721664e-07,1.865184741906876e-07,-0.2735262910677427,-5.247478920152931e-07,2.9277566538796185e-07,-0.2712928858827007,7.891619305379141e-08,1.6926209683745663e-07,0.051035447198355004,-3.883363924175427e-07,1.4319479867789626e-07,-0.2817474895612778,-4.6898902940417177e-07,2.203832023702561e-07,-0.4307744316013354,-3.322875830173645e-08,1.385568818097805e-08,-0.08450646142870527,-9.355213371975902e-08,3.025121076664459e-08,-0.35168373327779,-1.410991905004235e-08,1.77008714788151e-08,-0.07636760150583269
35.5,-2.814895481915181e-06,1.5584976214267548e-06,-0.30090800847512034,-3.9987649765281875e-06,8.569409759282528e-07,-0.48637164108202163,-2.94785022860658e-06,8.68357586786071e-07,-0.4966156284052645,-5.941714354734387e-07,8.697449968484951e-07,-0.11630265223919456,-1.0163021111469916e-06,4.4168623260973997e-07,-0.23587862336262888,-2.2630605252388216e-06,8.037611037047674e-07,-0.5532548816617856,-8.809521642863527e-07,3.181218570137601e-07,-0.2505745874702011,-5.683733851175712e-07,2.4136441495625044e-07,-0.171095233379742,-1.12227969450738e-06,3.654764019071964e-07,-0.3895574103957807,-7.877200279748517e-07,3.6360740723292705e-07,-0.2979139834925055,-5.714309712607296e-07,1.889531093314358e-07,-0.2687857706315915,-5.602413531111736e-07,3.0374929091727625e-07,-0.28964288525799337,5.7741522586017086e-08,1.6554715144955221e-07,0.03734169519660731,-3.6412834709574226e-07,1.4338990268220802e-07,-0.26418396440685604,-4.5298188159542e-07,2.0751465153573573e-07,-0.41607159301333263,-3.633927381560444e-08,1.3860519800703148e-08,-0.09241703867354739,-9.385537486100148e-08,3.045941715375141e-08,-0.35282368564867905,-1.4950836100622862e-08,1.7778841504072082e-08,-0.08091892586073747
36.0,-2.391464387450439e-06,1.499126715253492e-06,-0.25564387409413897,-3.7376027878687624e-06,7.714088320322537e-07,-0.4546063627942388,-2.7525611797732496e-06,8.400790856678229e-07,-0.46371585867955706,-4.3538368679000534e-07,7.99628714694719e-07,-0.08522166245674392,-1.0233074661480008e-06,4.0006955014997975e-07,-0.2375045311273384,-2.023104594260884e-06,7.59219667799212e-07,-0.49459238071818734,-8.02790425345409e-07,3.170029920537738e-07,-0.22834256820165622,-4.875105485255995e-07,2.4379794709668634e-07,-0.1467534076350523,-1.0668434550607798e-06,3.5874999740786817e-07,-0.3703147937944197,-7.149345069216602e-07,3.38364052419436e-07,-0.2703866593830997,-5.527855013278064e-07,1.9185558907017206e-07,-0.26001544270615207,-5.886159457083814e-07,3.120891041061672e-07,-0.30431245368994825,3.6005604739806694e-08,1.6180049731764634e-07,0.02328498206053494,-3.3824129212072667e-07,1.432947288910596e-07,-0.24540227694784686,-4.32079681140415e-07,1.923291665850674e-07,-0.3968725649856168,-3.915477801645213e-08,1.4366135492726104e-08,-0.09957735128561569,-9.314878991862662e-08,3.034393336692192e-08,-0.35016747225693917,-1.5786465393308098e-08,1.7750663010433675e-08,-0.0854416311012183
36.5,-1.911033436775304e-06,1.432510016132357e-06,-0.20428654253200756,-3.4253324556038144e-06,6.841618796765181e-07,-0.41662477726559993,-2.511024756299552e-06,8.034491908423485e-07,-0.423024930232066,-2.603309269041678e-07,7.233834547661409e-07,-0.05095697209798987,-1.0187025425580067e-06,3.673278080773702e-07,-0.23643575145524656,-1.747419630950082e-06,7.036519649049233e-07,-0.42719513258830993,-7.096721456254879e-07,3.147014054126688e-07,-0.20185636898145698,-4.020299576857988e-07,2.58005023215897e-07,-0.12102151725783378,-9.998425957952455e-07,3.555859335208131e-07,-0.3470579520663597,-6.286980076207212e-07,3.095825240898976e-07,-0.23777220486016407,-5.260131371322097e-07,1.9527337605782373e-07,-0.24742244214465517,-6.09740044271816e-07,3.1779615950222224e-07,-0.31523354122197356,1.3705603876936729e-08,1.5818672310162316e-07,0.008863473970496718,-3.112231529142129e-07,1.4294845485027345e-07,-0.22579996039270003,-4.0675874155108256e-07,1.7514412881010685e-07,-0.37361484961205244,-4.1738238174684084e-08,1.533925432692311e-08,-0.10614753588992024,-9.148382656879936e-08,2.9921309607159413e-08,-0.3439084966103551,-1.6632386730987376e-08,1.7628064393105342e-08,-0.09002004033177857
37.0,-1.38249974646414e-06,1.3642032737056605e-06,-0.1477871019007939,-3.068287396796373e-06,6.020463874703356e-07,-0.37319722095465757,-2.228596466448399e-06,7.608212965521135e-07,-0.3754450697348272,-7.348421931897193e-08,6.433324291695069e-07,-0.014383743637412112,-1.0032948772445712e-06,3.487774603005276e-07,-0.2328597096036129,-1.441715664419431e-06,6.394178003716724e-07,-0.3524590793806277,-6.037779187205532e-07,3.1238081081143016e-07,-0.17173622932134838,-3.1421396021278656e-07,2.8083433837741556e-07,-0.09458660848916953,-9.229428619792827e-07,3.558969211844096e-07,-0.320365086364445,-5.309921350915806e-07,2.789086039195862e-07,-0.20082005858733054,-4.917001860601497e-07,1.9925107726152352e-07,-0.23128255218349383,-6.236178751200146e-07,3.20954493963498e-07,-0.3224083328464629,-9.188629385798017e-09,1.5487581463298804e-07,-0.005942326811488508,-2.8362177444589066e-07,1.4239915894940405e-07,-0.20577448957996455,-3.775697718376508e-07,1.5635464206739963e-07,-0.34680428252201484,-4.41565373437068e-08,1.6691324751766858e-08,-0.11229768762277655,-8.892547127148163e-08,2.9229999550742974e-08,-0.3342910575821133,-1.7505208750381932e-08,1.7425651788549847e-08,-0.09474404504975316
37.5,-8.159072501789932e-07,1.300380376686847e-06,-0.08721923329982115,-2.6735441826516376e-06,5.349847427320431e-07,-0.32518442050338964,-1.911476616825886e-06,7.152405045039774e-07,-0.32202082454360875,1.2040377849799421e-07,5.624287192997966e-07,0.023567741468048447,-9.780844461133156e-07,3.487186716985782e-07,-0.22700849496537148,-1.1122337386272676e-06,5.696194136405811e-07,-0.2719099814528983,-4.875513395182514e-07,3.1113854628121217e-07,-0.13867719579223284,-2.2638439680924686e-07,3.0837099243613795e-07,-0.06814761602110911,-8.379977166447505e-07,3.591442772000103e-07,-0.290879557040368,-4.2403587545499396e-07,2.486937381662363e-07,-0.16036943623904176,-4.505324898214054e-07,2.0381660446576168e-07,-0.21191837432970131,-6.303929065552137e-07,3.2172281886258903e-07,-0.32591100119057437,-3.2728003228641904e-08,1.520320131179259e-07,-0.02116534282823846,-2.5598879512022275e-07,1.4170488113654248e-07,-0.1857260915773005,-3.4511844876525503e-07,1.364465602798223e-07,-0.31699718816634836,-4.6480592578919504e-08,1.8311657459124278e-08,-0.11820816078308179,-8.555349883380297e-08,2.8330575853120885e-08,-0.3216150468035139,-1.8418330308388516e-08,1.716093709348569e-08,-0.09968616435043211
38.0,-2.2205085553125698e-07,1.2473795248613905e-06,-0.023736895791472427,-2.2488862157988692e-06,4.957287196581127e-07,-0.27353307478812844,-1.5664890362467244e-06,6.70473882604673e-07,-0.26390178496054406,3.1643294611139566e-07,4.846387602691923e-07,0.0619383374754349,-9.442291921993437e-07,3.682033651166846e-07,-0.21915086031202288,-7.656467625786536e-07,4.984089110506028e-07,-0.18717917806483758,-3.6363494696549604e-07,3.1190258125145494e-07,-0.10343090183499443,-1.4078859392587862e-07,3.371278082914943e-07,-0.04238104380973282,-7.469680516946355e-07,3.6443155691321626e-07,-0.2592820143594163,-3.1023712576657255e-07,2.2225891324679206e-07,-0.11733099919015352,-4.0329949432919606e-07,2.089693859109985e-07,-0.1897012427230574,-6.303196054568532e-07,3.203406919548941e-07,-0.3258731047705693,-5.69247201368745e-08,1.4979449590031494e-07,-0.036813465480352636,-2.28862115650128e-07,1.4091091135664336e-07,-0.16604502642331678,-3.100377788665822e-07,1.1605667191633646e-07,-0.28477499385405547,-4.8776429238877506e-08,2.009246196819536e-08,-0.12404686924126722,-8.14635024478389e-08,2.7308088319489966e-08,-0.30623982081008777,-1.938541378502611e-08,1.685435471672447e-08,-0.10492034360438846
38.5,3.876117562147732e-07,1.2107715787116217e-06,0.04143510207518453,-1.8026596693468484e-06,4.953999073087567e-07,-0.2192583327199752,-1.200948372233779e-06,6.309312273334267e-07,-0.20232022806703948,5.095256085023222e-07,4.1553728545358993e-07,0.09973414424641866,-9.030261631529299e-07,4.044965074728158e-07,-0.20958784389865562,-4.0885981495162684e-07,4.3152219031750765e-07,-0.09995476745521444,-2.3481744909760728e-07,3.1521310091689956e-07,-0.06679055665423422,-5.9598931828687005e-08,3.6439719064592597e-07,-0.01794083505212548,-6.518741118048968e-07,3.7063426930407006e-07,-0.22627371068157137,-1.921555965220053e-07,2.039116857083251e-07,-0.07267282432493492,-3.509086541112091e-07,2.1467775031897128e-07,-0.16505799958389097,-6.237877763191782e-07,3.1713134791432193e-07,-0.3224961711919568,-8.179583391359343e-08,1.4825850603265604e-07,-0.05289772353688134,-2.0275204702276862e-07,1.4005438929695093e-07,-0.14710153714013502,-2.7297873671433467e-07,9.61266290685224e-08,-0.25073563084570116,-5.110722660972532e-08,2.194091252720589e-08,-0.12997448881492385,-7.67596420788475e-08,2.6272262327378085e-08,-0.2885569405848242,-2.041728216506151e-08,1.652739891260123e-08,-0.11050516042534506
39.0,1.0011105016301247e-06,1.1942963881693646e-06,0.10701717674579246,-1.3435179365856572e-06,5.357880914388069e-07,-0.16341271054335277,-8.225348835746284e-07,6.013023336447313e-07,-0.13857002439528668,6.946521735260712e-07,3.6278005556059294e-07,0.13597067334687593,-8.558911423359225e-07,4.52841398909885e-07,-0.19864804194356894,-4.890467352035688e-08,3.768979116472397e-07,-0.011955822241368467,-1.0401804692707706e-07,3.211566864810872e-07,-0.02958648636651307,1.5166085102710308e-08,3.881761376689348e-07,0.004565387715275392,-5.547719509851024e-07,3.7653922060796106e-07,-0.1925683282373156,-7.245208742598717e-08,1.9798407004250236e-07,-0.027401220244348285,-2.943592387944895e-07,2.2087500768668863e-07,-0.13845867448757035,-6.112768672602408e-07,3.1248227029438697e-07,-0.3160280735106492,-1.073414527026984e-07,1.4747623182374617e-07,-0.06941818693495748,-1.7814062369849652e-07,1.3915960815953854e-07,-0.12924535144253546,-2.345991203192531e-07,7.819965925109934e-08,-0.21548329784620032,-5.353458493674369e-08,2.3780021246878236e-08,-0.13614767954847906,-7.155529116965205e-08,2.535333327853658e-08,-0.26899260266692865,-2.1521983821288556e-08,1.6201248612926722e-08,-0.1164841752989511
39.5,1.6062995850609284e-06,1.1988386690491858e-06,0.17171096129872596,-8.80312681734396e-07,6.081529995063693e-07,-0.10707284028785567,-4.3911239715974367e-07,5.857183694883187e-07,-0.07397596965403083,8.669458946103976e-07,3.3509074718901495e-07,0.16969531160771834,-8.042650417017468e-07,5.084595853993345e-07,-0.18666588288515032,3.0713487912651336e-07,3.442750815750606e-07,0.0750858712395303,2.582734712772873e-08,3.293535604352713e-07,0.007346229584693656,8.166234779884055e-08,4.070551744298215e-07,0.024582499499145427,-4.577230676958993e-07,3.8096805908912184e-07,-0.15888143909464147,4.6178962935482994e-08,2.065388403809111e-07,0.01746478229965953,-2.3473060445281765e-07,2.274549067071316e-07,-0.11041096752153894,-5.933327474159598e-07,3.068369233791023e-07,-0.30675102422421174,-1.335390368035783e-07,1.4744587101467343e-07,-0.0863602791516155,-1.5547159180572834e-07,1.3823549426957328e-07,-0.11279841793004436,-1.9555540284549212e-07,6.494527560551322e-08,-0.17962097666625654,-5.6117189964033485e-08,2.5548454629306457e-08,-0.14271568940736204,-6.596882594307632e-08,2.4691359629641456e-08,-0.2479918101826654,-2.2707566401187386e-08,1.589653697199797e-08,-0.12290094478521538
40.0,2.191042321785119e-06,1.2221310725438879e-06,0.23421906275699164,-4.2215829010174735e-07,7.001198286141417e-07,-0.05134730887120934,-5.855514639659913e-08,5.865656885187209e-07,-0.009864612707225254,1.0218375341308504e-06,3.377347021935368e-07,0.20001368002869774,-7.495990275191952e-07,5.67418784419576e-07,-0.17397817513695965,6.52351492701315e-07,3.4129056307201155e-07,0.15948165940381448,1.5175160357493442e-07,3.3904501605799193e-07,0.04316363249363749,1.3829246119465604e-07,4.20088523053831e-07,0.041629642665031094,-3.627409757176727e-07,3.828614947757587e-07,-0.12591195923494106,1.610773538361069e-07,2.2789369380770422e-07,0.060919101238439535,-1.7317744061137287e-07,2.3427860531637107e-07,-0.08145801360405439,-5.705846706841867e-07,3.00688805308693e-07,-0.29499034547018643,-1.6035193561850934e-07,1.480993284978761e-07,-0.10370029808501113,-1.3513393763751893e-07,1.3727311803658808e-07,-0.09804295561092845,-1.5648989558150915e-07,6.007750829612401e-08,-0.14373864119192822,-5.890900920763415e-08,2.719842028701217e-08,-0.14981576708955843,-6.011705627321978e-08,2.4418001298185873e-08,-0.2259936779974427,-2.3981727313139804e-08,1.56315954964024e-08,-0.12979712983299554
40.5,2.7434895686255587e-06,1.259356419551397e-06,0.2932748258936099,2.212150091160086e-08,8.012627159653194e-07,0.0026906484288842037,3.1131895524765743e-07,6.03594711874055e-07,0.05244698563531381,1.155090888760599e-06,3.6770392468504577e-07,0.22609658748260633,-6.933331824676614e-07,6.267044778925921e-07,-0.16091915466704032,9.801951482295812e-07,3.6746486476895456e-07,0.23963024616055484,2.7096141844053357e-07,3.492244486776171e-07,0.07707120590489598,1.837197155937102e-07,4.266906020319784e-07,0.05530443268286298,-2.7173541810519823e-07,3.813230463167415e-07,-0.09432278451437281,2.6967251360645935e-07,2.5800908770419396e-07,0.10198955201568399,-1.1084603811113936e-07,2.4119694524866833e-07,-0.052138997138058814,-5.436739800628491e-07,2.9454732250712146e-07,-0.2810776094099786,-1.877456640523603e-07,1.4931209163812553e-07,-0.1214159420732979,-1.1746435440267266e-07,1.3624966320636765e-07,-0.08522324359007,-1.1802490018207853e-07,6.547248486193706e-08,-0.10840788611906702,-6.195814798143267e-08,2.869284154438704e-08,-0.15757025270226063,-5.412322573000092e-08,2.462782092770805e-08,-0.20346150670150956,-2.534624988302565e-08,1.542234774072128e-08,-0.13718238239845548
41.0,3.2524403611860056e-06,1.3042840205553527e-06,0.3476808847988595,4.442166256735124e-07,9.041080209149002e-07,0.05403027447047596,6.629780236857562e-07,6.340188773734819e-07,0.11168995108927675,1.2629354501166647e-06,4.1600336730174893e-07,0.2472059976064521,-6.368551633134971e-07,6.840043179642845e-07,-0.14781088965192846,1.2844886409190644e-06,4.1436601955605064e-07,0.3140214780391654,3.809190636534988e-07,3.5881746633752516e-07,0.10834712837311931,2.169118325167491e-07,4.2659191038125986e-07,0.06529612676991156,-1.8651485229458916e-07,3.7566302872948033e-07,-0.06474165327576804,3.6953319472884013e-07,2.927304902541665e-07,0.13975664216308986,-4.8896272983784654e-08,2.480543465732486e-07,-0.02299949263506506,-5.13299176050849e-07,2.889204858000048e-07,-0.2653739384397353,-2.156628832992867e-07,1.5092999624382423e-07,-0.13947012985995724,-1.0274996372365078e-07,1.3513372460716905e-07,-0.07454759558183299,-8.074069995867632e-08,7.865773892037159e-08,-0.07416171157773221,-6.530639590102072e-08,3.000468545098738e-08,-0.16608542444298813,-4.81125881208651e-08,2.5355838210630912e-08,-0.18086615382486732,-2.68006421895529e-08,1.5280995462179142e-08,-0.14505404003902064
41.5,3.707335223890077e-06,1.3504318309495238e-06,0.396308447733706,8.36028315966013e-07,1.0033508215634537e-06,0.10168651231422587,9.893778394434476e-07,6.7351337147413e-07,0.1666775647885281,1.3421825920526092e-06,4.7358883203306133e-07,0.2627177712112912,-5.814571701511449e-07,7.375195106045753e-07,-0.13495329325331384,1.5595658116729294e-06,4.718709549038135e-07,0.3812701379207777,4.791875359751578e-07,3.6684293817183555e-07,0.13629822823025378,2.371651204849961e-07,4.198513605724345e-07,0.07139289541244316,-1.0870703537420001e-07,3.653900691636613e-07,-0.03773358049640575,4.5839822256250287e-07,3.28790996793277e-07,0.17336520040066716,1.1482959763351018e-08,2.5469639290768804e-07,0.005401275647195518,-4.801959781220004e-07,2.842854108836791e-07,-0.24825969703978726,-2.4396793078477427e-07,1.5278054650682356e-07,-0.15777512786471248,-9.121457945405097e-08,1.3388409950972068e-07,-0.06617839397584521,-4.5181579044907194e-08,9.587501462830092e-08,-0.04150005183841422,-6.898876309365434e-08,3.111457608054085e-08,-0.17545031910155143,-4.22064714378694e-08,2.656923417297597e-08,-0.15866371886520944,-2.8346681868401133e-08,1.521383048124836e-08,-0.1534217239135878
42.0,4.098609583810385e-06,1.3917527298471845e-06,0.43813507652593797,1.1902964659889373e-06,1.0951562752169503e-06,0.14477631192013848,1.2840292901686179e-06,7.173592239202901e-07,0.21631662512558308,1.3902600881166844e-06,5.339884832888565e-07,0.2721284227024993,-5.282857789860325e-07,7.858285280854233e-07,-0.12261248001211361,1.8004441933030134e-06,5.320866983228201e-07,0.4401581521993931,5.636788547470529e-07,3.7249394737701436e-07,0.1603306084256433,2.44098112081115e-07,4.067965104460093e-07,0.07347990695488613,-3.978195628451475e-08,3.5025445412644043e-07,-0.01380881784328836,5.342582802453775e-07,3.638108852913956e-07,0.2020553075068406,6.915913630935755e-08,2.6098394876241957e-07,0.032530598942009846,-4.4510170008425363e-07,2.810332509702713e-07,-0.23011607395582312,-2.7251299964413364e-07,1.546862121671089e-07,-0.17623534874171604,-8.300581055228946e-08,1.324570810524138e-07,-0.06022273265844478,-1.1846248611244338e-08,1.1461013775207312e-07,-0.010880981626798573,-7.303314651245786e-08,3.201145112238192e-08,-0.185735883439541,-3.652069373944905e-08,2.817994680606547e-08,-0.13728958822744144,-2.998150969777861e-08,1.5223218221524097e-08,-0.16226995895744298
42.5,4.417848159494808e-06,1.4230719745179399e-06,0.4722611904988362,1.500643716784952e-06,1.1767066380344512e-06,0.182523992156651,1.5411004842719228e-06,7.612091011842157e-07,0.25962465053529016,1.405227397262419e-06,5.930689138214636e-07,0.27505811209281117,-4.783288483292695e-07,8.277954284807706e-07,-0.11101772693476294,2.002902932933287e-06,5.896640550901764e-07,0.4896536406259436,6.32645018324027e-07,3.752440592834143e-07,0.17994707420923317,2.3763919991868855e-07,3.880429221179201e-07,0.07153560570372706,1.8988724501673534e-08,3.302812534305411e-07,0.006591225324483681,5.953743493160064e-07,3.960673830668996e-07,0.2251692705211407,1.2305109003535043e-07,2.6679898357896057e-07,0.05787992553017922,-4.0876050904760723e-07,2.7943332657601687e-07,-0.21132780106751772,-3.0112405572955284e-07,1.5648358920267937e-07,-0.1947382438464164,-7.821004606991536e-08,1.308110440197858e-07,-0.05674328898584861,1.883514493813893e-08,1.3348387815971594e-07,0.017300402240034558,-7.745785870134468e-08,3.269332979344051e-08,-0.1969886894134478,-3.1166526517970446e-08,3.0069956487182226e-08,-0.11716205674126791,-3.169550174188772e-08,1.5305823083042595e-08,-0.17154665721095277
43.0,4.657931910627111e-06,1.4402417026906413e-06,0.4979257751644471,1.7613597943596034e-06,1.2459187191293e-06,0.2142350097460232,1.7556191955150363e-06,8.014257486415045e-07,0.295763984737165,1.3857772751823624e-06,6.482396209263863e-07,0.27125096040352764,-4.324200480918559e-07,8.625291957417336e-07,-0.10036252462684918,2.1635178129926984e-06,6.410119675395531e-07,0.528919477959664,6.846338797489399e-07,3.7490786669880345e-07,0.1947345825810936,2.1806739812515622e-07,3.645664859088353e-07,0.06564398219846074,6.66311078640931e-08,3.057714717511493e-07,0.023128496361801865,6.40321394860601e-07,4.2431519803541463e-07,0.2421681443708186,1.7216464797163464e-07,2.7205870918183684e-07,0.08098162316697072,-3.7188866652045337e-07,2.7959922293921266e-07,-0.19226518315287056,-3.2959214808373014e-07,1.5802681112202396e-07,-0.2131486836808517,-7.685420050853319e-08,1.289050148424756e-07,-0.05575959008301312,4.648315684013857e-08,1.5169758729620226e-07,0.042695573268069074,-8.22732041283932e-08,3.316652005277374e-08,-0.20923494306221876,-2.624708065236801e-08,3.211353381987979e-08,-0.09866874163574996,-3.34770735393554e-08,1.5453789293630095e-08,-0.18118911969429588
43.5,4.8132972898898335e-06,1.4401447140078352e-06,0.514534095849988,1.967758414891821e-06,1.3012996241545859e-06,0.23933936981083442,1.9235882460525843e-06,8.351310936450252e-07,0.32406123497594996,1.3312975556528364e-06,6.978977454088702e-07,0.2605871426966353,-3.9119820780821424e-07,8.893380619777002e-07,-0.09079514221965743,2.2797016285476923e-06,6.836845125256779e-07,0.5573231650944168,7.186596022332305e-07,3.7168434405474044e-07,0.204412725981517,1.8599132400666363e-07,3.3773738347668176e-07,0.055988246143764665,1.0239782994478209e-07,2.7740306601943807e-07,0.03554357586496859,6.680336570722152e-07,4.4765544661417435e-07,0.252648861038993,2.1563165818973182e-07,2.767059360908745e-07,0.10142733651839442,-3.351852284393063e-07,2.8147631918579487e-07,-0.17328962976739606,-3.5769172147673907e-07,1.5920526170600826e-07,-0.23132080069133276,-7.888303911738226e-08,1.2670789561829367e-07,-0.05723156179601604,7.077623982946827e-08,1.6875122872749646e-07,0.06500918480364731,-8.747931731439899e-08,3.344422784391785e-08,-0.2224749864954301,-2.185692477054438e-08,3.419169674494191e-08,-0.0821651478768287,-3.5314147858801e-08,1.565741064654192e-08,-0.1911319803915441
44.0,4.879798263356061e-06,1.4206758162254875e-06,0.5216429478894125,2.1164401290032377e-06,1.3418811658025669e-06,0.2574235957445233,2.0419112538183617e-06,8.60178259716196e-07,0.3439947629029025,1.2420669027577992e-06,7.411386739900705e-07,0.2431212044620604,-3.551185788151059e-07,9.077239287357158e-07,-0.08242124126541854,2.349745198143559e-06,7.160152194706413e-07,0.5744468550601727,7.340628526074142e-07,3.662234591915127e-07,0.20879396626297764,1.4229698262778515e-07,3.0945330909523567e-07,0.04283510820426227,1.25852412566825e-07,2.463747264275554e-07,0.04368495676393203,6.778253436235346e-07,4.6546878066937813e-07,0.25635205537456557,2.5269751476810146e-07,2.8072588720388714e-07,0.11886211924036795,-2.993494700085436e-07,2.848460936526125e-07,-0.15476266382735263,-3.851502486114136e-07,1.5995267556164535e-07,-0.24907835028284786,-8.415797683535048e-08,1.2419384676817577e-07,-0.06105865729530075,9.146987273548088e-08,1.8431172935384202e-07,0.08401663997627566,-9.30680603079065e-08,3.354564473266134e-08,-0.23668812349944235,-1.8083005477688924e-08,3.6200938250699486e-08,-0.06797812751472485,-3.7191189412236294e-08,1.5904545301123733e-08,-0.20129115712772855
44.5,4.854932491377149e-06,1.3807044599152273e-06,0.5189848350133066,2.205179201577918e-06,1.3671950095925019e-06,0.26821697035132913,2.108558057103074e-06,8.750675491211619e-07,0.35522255316621054,1.1191163693056546e-06,7.775027971484312e-07,0.21905496317041306,-3.244196836629199e-07,9.173669889332888e-07,-0.0752961816519155,2.372842168361945e-06,7.36906414961151e-07,0.5800934170422347,7.305524303470553e-07,3.596790424018588e-07,0.2077954754874334,8.814907831209679e-08,2.822964341017507e-07,0.026535174800448445,1.368198019711958e-07,2.1467908168174494e-07,0.04749187569517419,6.694188900182631e-07,4.77380940134724e-07,0.25317275309501086,2.8273025754419085e-07,2.8414670909403917e-07,0.1329887142575084,-2.650158623123494e-07,2.8935894414831735e-07,-0.1370123047379757,-4.117078808396796e-07,1.6024118355290927e-07,-0.26625328719820485,-9.247216622671017e-08,1.2136103433175622e-07,-0.06709080373970075,1.0838479156542853e-07,1.981444750733175e-07,0.09955328174764203,-9.902077684975898e-08,3.3497067665125796e-08,-0.25182690799063967,-1.4998436043747806e-08,3.805393973031993e-08,-0.05638252994842524,-3.9090843044407405e-08,1.6183801782723897e-08,-0.21157271799751368
45.0,4.737901157606193e-06,1.3201141432178465e-06,0.5064743649797103,2.233104822327489e-06,1.377272439978226e-06,0.27161357657148144,2.1226135904625975e-06,8.788816456084784e-07,0.3575904473910167,9.64117949817243e-07,8.068346728104873e-07,0.18871569372198907,-2.991552742860512e-07,9.181264850252596e-07,-0.06943243893356177,2.34915532125617e-06,7.45754519750089e-07,0.5743026466910691,7.082204753465893e-07,3.5374143746146494e-07,0.2014434615660215,2.501507761379403e-08,2.595987868978385e-07,0.007530191691609759,1.3537165226352856e-07,1.8556373638195643e-07,0.046989204700817584,6.429398899158155e-07,4.83235555685595e-07,0.24315845344631576,3.052124009486564e-07,2.869891647579407e-07,0.14356371026636494,-2.328016206706677e-07,2.9458860560180157e-07,-0.1203576507327343,-4.371027160339615e-07,1.6008792163982704e-07,-0.28267623818603677,-1.0356728494740945e-07,1.1821785594574929e-07,-0.07514058199118183,1.2141028643170308e-07,2.1008635900246526e-07,0.111517421195582,-1.0531463884938076e-07,3.333101813820275e-08,-0.26783328419883035,-1.266366201317149e-08,3.967721297867447e-08,-0.04760558371764474,-4.0989677575949586e-08,1.6482650768743168e-08,-0.22184984562071522
45.5,4.529580573998846e-06,1.2398766447916298e-06,0.4842052141922672,2.200896218030917e-06,1.3725472215365266e-06,0.26769602907353224,2.0841989443779278e-06,8.713012449007124e-07,0.3511188453332955,7.795632455812625e-07,8.292757151542458e-07,0.15259110020503233,-2.7920896806543963e-07,9.100283230777206e-07,-0.06480300128811857,2.2797405055684534e-06,7.423987475749435e-07,0.5573326694365591,6.676075828832207e-07,3.5059375008362186e-07,0.18989168930467049,-4.543763562017502e-08,2.451576489661572e-07,-0.013677915036520216,1.21867948032702e-07,1.6408169331919978e-07,0.04230189896352506,5.988818256727861e-07,4.830974992075543e-07,0.22649579037127124,3.1976610950329616e-07,2.8926466419185245e-07,0.15040938361300887,-2.0333526399742054e-07,3.0007740408990914e-07,-0.10512364396496394,-4.6100507169147893e-07,1.5954872996386737e-07,-0.2981339961298854,-1.171141622014376e-07,1.147869459076866e-07,-0.08496917063814374,1.3048486623239324e-07,2.2001578202019168e-07,0.1198525776930156,-1.1192018049622036e-07,3.3084521047923176e-08,-0.2846323154874953,-1.1132714678973106e-08,4.10145509682444e-08,-0.041850404733107575,-4.286034031482355e-08,1.678771274847838e-08,-0.23197449807885298
46.0,4.232690731288232e-06,1.142224692356384e-06,0.45246814548740705,2.11046127778137e-06,1.3539015646628999e-06,0.25669638529388816,1.9945956102263847e-06,8.525943700708868e-07,0.3360236360634849,5.686356499212032e-07,8.451624586268683e-07,0.11130429753981409,-2.6426973908639427e-07,8.932575588952912e-07,-0.06133568116054417,2.1665488417298218e-06,7.270757579638052e-07,0.529660479548693,6.096362885312431e-07,3.526161078536483e-07,0.1734025611133256,-1.2133152070244704e-07,2.4220075515804557e-07,-0.036523956600483694,9.699263092416965e-08,1.5642856869921225e-07,0.03366736323860734,5.381220914739546e-07,4.772378185568823e-07,0.2035165924224061,3.2612303766155165e-07,2.909843376082874e-07,0.15339951176461503,-1.7714911904764246e-07,3.053613225389578e-07,-0.09158549556710252,-4.831034970686962e-07,1.5871846538408254e-07,-0.3124251444717348,-1.3269868597224587e-07,1.1110999809798353e-07,-0.09627612134935123,1.3560800480841676e-07,2.2786019822660962e-07,0.12455826795384152,-1.1879684582797052e-07,3.2797497900044314e-08,-0.3021208610521152,-1.0443203122537588e-08,4.202556453920735e-08,-0.03925837407957042,-4.467635157507096e-08,1.7088224549647927e-08,-0.24180335845436757
46.5,3.851524492698846e-06,1.0310710342706672e-06,0.4117220593578259,1.9648299282918104e-06,1.3227151566227193e-06,0.23898317662571494,1.8562006244666155e-06,8.236201349113315e-07,0.3127086412397102,3.3513919685696654e-07,8.549772831009797e-07,0.06559988437128625,-2.538789587655146e-07,8.681766496679331e-07,-0.058924033156599304,2.0124001426699187e-06,7.004535860685567e-07,0.49197544227037937,5.354903969117467e-07,3.619307307269129e-07,0.15231279374756154,-2.005952796416112e-07,2.518707443968247e-07,-0.06038441820785927,6.171314193448923e-08,1.6621893721511648e-07,0.021421408475130164,4.6191477854435727e-07,4.661325346311371e-07,0.17469515414504766,3.2416485444137494e-07,2.9215397902051346e-07,0.15247843500758904,-1.5472776775017498e-07,3.1001154877600337e-07,-0.07999373275788191,-5.030784560968898e-07,1.5773167676366507e-07,-0.32534303783840807,-1.4984342519090374e-07,1.0724261548565724e-07,-0.10871504628236615,1.3685269137870894e-07,2.335897988448571e-07,0.1257015338219592,-1.2590198417408029e-07,3.251105260109966e-08,-0.3201904528839521,-1.0618022006079723e-08,4.268453875080234e-08,-0.03991555799582104,-4.640939296493856e-08,1.7374947391504787e-08,-0.2511831581389112
47.0,3.391860643996195e-06,9.127694700336227e-07,0.36258469913618924,1.768118718350183e-06,1.280785692627388e-06,0.21505710080977483,1.6723643033806865e-06,7.858497344377343e-07,0.28173827875865726,8.332005333967055e-08,8.592953969922392e-07,0.016309002098684754,-2.4744782105481764e-07,8.353041001275113e-07,-0.05743139834533965,1.8209318573032743e-06,6.636825845841457e-07,0.44516681193057484,4.468058090898196e-07,3.798941215665238e-07,0.12708769650695706,-2.8108158888265763e-07,2.72541189890939e-07,-0.08461289938598895,1.7209187089309264e-08,1.9110049570332481e-07,0.005973525485971211,3.7187016418714544e-07,4.504861148799317e-07,0.14064047887651449,3.139254117880487e-07,2.9276233911233255e-07,0.14766207638715906,-1.3646875012772714e-07,3.136681341058782e-07,-0.07055388238487155,-5.206366225764758e-07,1.5673978676187594e-07,-0.3366979808937331,-1.6804702717380236e-07,1.0327581802937629e-07,-0.12192220188198824,1.3433199854822694e-07,2.3719915396721136e-07,0.12338623441576207,-1.3318769452366458e-07,3.2265531151897994e-08,-0.3387192704535719,-1.166630303629344e-08,4.298051503512937e-08,-0.04385628464278562,-4.803344792447327e-08,1.7640780776260037e-08,-0.2599730868077752
47.5,2.86107535355456e-06,7.976071603404877e-07,0.3058445659053763,1.5256347473164792e-06,1.2303739904791058e-06,0.185563662805788,1.447398395182897e-06,7.41424393788251e-07,0.24383893611728566,-1.82071372470275e-07,8.587375432573227e-07,-0.03563850809867796,-2.4424835875863855e-07,7.953180042721092e-07,-0.056688819191320544,1.596494003419983e-06,6.184658403503239e-07,0.3902980459803042,3.4548980253716635e-07,4.0670616994352683e-07,0.09826976793460931,-3.605340445073488e-07,3.0085581198140774e-07,-0.10853016362398306,-3.5121955900402724e-08,2.2537590072858042e-07,-0.01219127304499736,2.6987678286840793e-07,4.3121626410315545e-07,0.10206680620165236,2.955558648048383e-07,2.9277654072091917e-07,0.13902153520133212,-1.2267444734927082e-07,3.160563602447383e-07,-0.063422274490012,-5.354717071299589e-07,1.5590099712962873e-07,-0.3462918949576863,-1.8679447401785077e-07,9.932383568508859e-08,-0.13552393014420797,1.282090981149126e-07,2.38721175017495e-07,0.11776224581785504,-1.4059963663827911e-07,3.2097330702570286e-08,-0.3575691171656514,-1.358358679906988e-08,4.2917652585419035e-08,-0.051063790069288725,-4.95251713261749e-08,1.7880065631106097e-08,-0.2680467928222497
48.0,2.267786957057522e-06,7.019329461644936e-07,0.2424229465279288,1.2435404406601048e-06,1.174174517127125e-06,0.15125240128536774,1.1864145025218586e-06,6.932502459655904e-07,0.1998717499285971,-4.559402870731565e-07,8.539404152088942e-07,-0.08924539532442456,-2.4345240078198023e-07,7.490781224546087e-07,-0.05650408133657303,1.3440900500942622e-06,5.67214495957202e-07,0.3285923523981797,2.336583594887511e-07,4.414511543219731e-07,0.06646086974005834,-4.3667437147490795e-07,3.33192206003576e-07,-0.13145039063184977,-9.370851874054115e-08,2.639013727949167e-07,-0.03252740655582595,1.5811915278066427e-07,4.094682651809183e-07,0.059800316100191424,2.693368520148005e-07,2.921425504202862e-07,0.12668881626868198,-1.1357760195321307e-07,3.1701282632958236e-07,-0.058719236178705475,-5.472770790677497e-07,1.553633667384145e-07,-0.35392648062222026,-2.0557470270865576e-07,9.552476471444203e-08,-0.1491494424328728,1.1873276426452148e-07,2.382307787866274e-07,0.10905807136572995,-1.4808302557724385e-07,3.203611282703527e-08,-0.37660066547040927,-1.634953725128812e-08,4.2513847335173995e-08,-0.06146162646724199,-5.086041988570727e-08,1.808883563738255e-08,-0.275273604651854
48.5,1.621801402142348e-06,6.486318269222755e-07,0.17336808176223314,9.286825579071076e-07,1.1152296025605234e-06,0.1129560907892346,8.952212447516334e-07,6.45096273290585e-07,0.15081528115294535,-7.330163276056687e-07,8.454985566194095e-07,-0.14348004287221347,-2.441938132573078e-07,6.976274210279662e-07,-0.056676159454000896,1.069276847198991e-06,5.133045435603488e-07,0.26140822526093727,1.1370468462463561e-07,4.824418586216396e-07,0.03234171570067935,-5.072205654157491e-07,3.6641986645854384e-07,-0.15268663749422529,-1.5683903062140692e-07,3.0305712614623777e-07,-0.05444080198268084,3.903273691892505e-08,3.866218855974586e-07,0.014762095324689634,2.35670802657816e-07,2.907921969288114e-07,0.11085321148762879,-1.0928834268349925e-07,3.16493911092553e-07,-0.05650170363920196,-5.557878213825965e-07,1.552400354031594e-07,-0.3594304149000953,-2.2388737908526826e-07,9.204907612809786e-08,-0.16243573415572293,1.0621933673123156e-07,2.358442875643866e-07,0.09756427450680173,-1.555808792537859e-07,3.210305097253707e-08,-0.395669000096734,-1.9929276533757866e-08,4.180188482587616e-08,-0.07491868003687341,-5.201740352986442e-08,1.826560698447106e-08,-0.28153558713186644
49.0,9.340729314661811e-07,6.589497144137345e-07,0.0998509633426153,5.885909164201444e-07,1.0569568957461744e-06,0.07159058649998123,5.80228217118966e-07,6.016001278859488e-07,0.09774933538574226,-1.0078482445406226e-06,8.33934512573759e-07,-0.1972754274215369,-2.455472232144495e-07,6.42218660397776e-07,-0.056990279117863016,7.779991143783947e-07,4.614342796316656e-07,0.19019898193530158,-1.1891598099395059e-08,5.275959064049566e-07,-0.0033823996454236363,-5.699017185780925e-07,3.9803323403240235e-07,-0.1715553016675206,-2.2268286765161377e-07,3.4036032662284257e-07,-0.07729602672705094,-8.480718113397138e-08,3.642532082830553e-07,-0.03207388953324731,1.9507285011442494e-07,2.886474305779829e-07,0.09175702575522962,-1.0982271152118234e-07,3.1457330181530304e-07,-0.05677797052146436,-5.607045501088005e-07,1.5560233698634847e-07,-0.3626100848712986,-2.412731749730755e-07,8.909366596572697e-08,-0.17504955156006155,9.103334695704196e-08,2.3170560105102532e-07,0.08361568359500325,-1.6303775632097045e-07,3.230975285114053e-08,-0.4146331241405656,-2.4278519094891507e-08,4.083031440125443e-08,-0.09126847132449938,-5.2979844696069996e-08,1.8410913711347948e-08,-0.2867446406489648
49.5,2.1618732969288844e-07,7.362335660026686e-07,0.0231100938750242,2.3140830561559848e-07,1.0029572474071005e-06,0.028146299675753213,2.4817574654675195e-07,5.679471885730696e-07,0.04180943561183534,-1.2748845463097095e-06,8.196781735134952e-07,-0.24954490435313043,-2.4657323137436753e-07,5.843628692896852e-07,-0.057228410466470724,4.7654514652942586e-07,4.179214422616531e-07,0.1165019343094293,-1.4042123712222198e-07,5.747449198460403e-07,-0.039940867382350725,-6.227080783671033e-07,4.2618388122388173e-07,-0.18745139513109207,-2.89366769286418e-07,3.7402293131163523e-07,-0.10044284847128991,-2.106774098447597e-07,3.440795190825661e-07,-0.0796777334202036,1.482032974377622e-07,2.856515882835224e-07,0.06971084788083039,-1.1510755370050199e-07,3.1144567326737794e-07,-0.05951021605894708,-5.617910275941499e-07,1.5646548898539053e-07,-0.36331271461292786,-2.572874527613726e-07,8.686728914627601e-08,-0.18666829925429856,7.360670845582716e-08,2.2599104055567928e-07,0.06760901856784905,-1.7039761646830448e-07,3.265772226364263e-08,-0.43335051743024644,-2.933857229765243e-08,3.966300408062462e-08,-0.11029036136777635,-5.3735464541964906e-08,1.852702184800446e-08,-0.29083430800116894
50.0,-5.196741947661099e-07,8.642747778449926e-07,-0.05555237414946189,-1.3474951645397732e-07,9.567784651989962e-07,-0.016389646262639723,-9.385823328586184e-08,5.491030525821607e-07,-0.01581201957003731,-1.5286915915730974e-06,8.030138576145902e-07,-0.299224896959313,-2.463663949480015e-07,5.259130247948293e-07,-0.05718040476917132,1.713362580649919e-07,3.9032507187007917e-07,0.041886913815580226,-2.6913103248491695e-07,6.217884869266235e-07,-0.07655057808384803,-6.63778711822343e-07,4.494602652626498e-07,-0.19981472846103768,-3.5502063473580183e-07,4.026928976983026e-07,-0.12323213168839511,-3.358027333037809e-07,3.278144820420865e-07,-0.1269998557779397,9.581488948057393e-08,2.817588899564743e-07,0.04506874881177218,-1.249478424136247e-07,3.074277751757966e-07,-0.06459761205142917,-5.588632207279952e-07,1.5779041277537467e-07,-0.3614192891074328,-2.715316734248749e-07,8.557824633718956e-08,-0.197002827490796,5.441965588575096e-08,2.189127778059427e-07,0.04998538315897781,-1.776026585029491e-07,3.314005768004084e-08,-0.4516741815667145,-3.503928313980539e-08,3.8378688764145475e-08,-0.1317206290868555,-5.4278009862111554e-08,1.861697570091464e-08,-0.29377074474902465
50.5,-1.260859848897114e-06,1.0224177422562753e-06,-0.13478398346774,-5.016222830525806e-07,9.215280075567188e-07,-0.061012551236111434,-4.3870337499840905e-07,5.483678254342821e-07,-0.07390706289760485,-1.7641056637484223e-06,7.841011179203746e-07,-0.34530466339339533,-2.440932956741637e-07,4.691807203832593e-07,-0.05665282982703691,-1.3117109689068795e-07,3.852263925964398e-07,-0.03206765743927495,-3.9529867048386423e-07,6.667552829417262e-07,-0.1124372074893008,-6.914803991310688e-07,4.6680947451237296e-07,-0.20815365983819684,-4.177630005482762e-07,4.25334152955161e-07,-0.1450107967285221,-4.574348447132483e-07,3.1691016661074545e-07,-0.173000853015191,3.870832977154565e-08,2.7693272944969813e-07,0.018207357967581137,-1.3905382871020614e-07,3.0294588356574584e-07,-0.07189035927128819,-5.517556446836587e-07,1.5949940947310762e-07,-0.35682278859363104,-2.8370244882033533e-07,8.5406029459082e-08,-0.2058330207990713,3.3987129018750666e-08,2.1070730189231746e-07,0.031217758341626864,-1.846012517586328e-07,3.374319006208611e-08,-0.46947281086384735,-4.129971241036195e-08,3.706859957779141e-08,-0.15525500559168412,-5.4603150057220944e-08,1.8686343608660518e-08,-0.2955305122406438
51.0,-1.9946165932825353e-06,1.1945942729570587e-06,-0.21322145373146117,-8.606079667978313e-07,8.993911765770705e-07,-0.10467614665944662,-7.793116227701369e-07,5.660820410382101e-07,-0.13128832920675818,-1.976056024038164e-06,7.630198602180029e-07,-0.38679166120760067,-2.3895940542167976e-07,4.1707891983128096e-07,-0.0554612796452863,-4.246117233866786e-07,4.0461752466808294e-07,-0.10380566765871746,-5.161022580459529e-07,7.078348154528076e-07,-0.14679810737177312,-7.045987075392874e-07,4.776025027552578e-07,-0.21210261328573962,-4.7582967157864803e-07,4.41158231547276e-07,-0.16516646924723807,-5.728782311818952e-07,3.1223016012825453e-07,-0.21666128808011914,-2.2219972938653792e-08,2.7117843434478165e-07,-0.010451678068048057,-1.5707561367484083e-07,2.9850554973811075e-07,-0.08120756116234547,-5.403611874658657e-07,1.6149577775767821e-07,-0.3494539432757099,-2.935391142258971e-07,8.646834512725152e-08,-0.21296976058907122,1.2832151107207268e-08,2.0162863555824152e-07,0.01178654990384832,-1.9134707046231438e-07,3.445070473545626e-08,-0.4866285908936391,-4.8035132808216956e-08,3.58362635470147e-08,-0.1805749817004998,-5.4710694714299444e-08,1.874197606277066e-08,-0.29611257989721396
51.5,-2.7083149192167477e-06,1.3697227893584059e-06,-0.2895147098358675,-1.2034446034977664e-06,8.911448663388354e-07,-0.14637552599120238,-1.1087756976772284e-06,5.995267828429968e-07,-0.18679216960175835,-2.1599464096532784e-06,7.397390806007657e-07,-0.4227862215170925,-2.3030218959066878e-07,3.7322233973724754e-07,-0.05345198326581959,-7.028992894616783e-07,4.446083299590814e-07,-0.17183917923283784,-6.28837573043459e-07,7.433741564261346e-07,-0.17886409936772568,-7.02263234345321e-07,4.815467829298678e-07,-0.21139957485776825,-5.27551591323135e-07,4.496076766260511e-07,-0.18311979872024872,-6.795245043286138e-07,3.138153024128105e-07,-0.2569946742191638,-8.603110810931784e-08,2.6454253130225464e-07,-0.04046672101170008,-1.785918742630593e-07,2.9467194252257214e-07,-0.09233139513519711,-5.246452269681165e-07,1.6368293666854715e-07,-0.3392903628859717,-3.0083591312709463e-07,8.879263228775776e-08,-0.21826376550951507,-8.507753005867523e-09,1.9195719425716234e-07,-0.007814516407693468,-1.9779788928043077e-07,3.5245524359383054e-08,-0.5030341353526456,-5.5150689495935804e-08,3.478887440682767e-08,-0.20732397652068074,-5.4608462695414404e-08,1.8792811725932426e-08,-0.2955592660155637
52.0,-3.389715491869794e-06,1.5400272967842418e-06,-0.3623553856649152,-1.5224522734476076e-06,8.958748495209513e-07,-0.18517657703120777,-1.4205811136993072e-06,6.440943489894243e-07,-0.23932110784811034,-2.3117941921864745e-06,7.141631824631797e-07,-0.45250878775116155,-2.1766573547965006e-07,3.417005469637701e-07,-0.05051912563697125,-9.603183458891911e-07,4.981481061714511e-07,-0.23477092498730132,-7.310669622755873e-07,7.718857661505757e-07,-0.2079418269364211,-6.839576244689348e-07,4.786739448568511e-07,-0.20588910818925785,-5.713437931780199e-07,4.503554628813917e-07,-0.19832062328618413,-7.749492987719795e-07,3.2087450654397454e-07,-0.2930841217728372,-1.5176784958334362e-07,2.5712134680308716e-07,-0.07138751740627239,-2.0309162398332622e-07,2.9202914113777214e-07,-0.1049976829014782,-5.046491331860331e-07,1.6598716028697126e-07,-0.32635880158152225,-3.0548175463506313e-07,9.231847727412582e-08,-0.22163443642094052,-2.947905332385216e-08,1.819844757273644e-07,-0.027077013839451897,-2.039185549455245e-07,3.611250754837358e-08,-0.5186000434208449,-6.254259999524438e-08,3.402577141150688e-08,-0.23511184812860617,-5.430730959792876e-08,1.8848738995945143e-08,-0.29392932471969485
52.5,-4.027062835981314e-06,1.6997165049143485e-06,-0.43048683894822526,-1.8104238765650265e-06,9.113510678807741e-07,-0.22020269684954322,-1.708677115560075e-06,6.947670826228643e-07,-0.2878557910612255,-2.4281550312791655e-06,6.862122288029642e-07,-0.47528516742090265,-2.007391651884375e-07,3.2606735933288316e-07,-0.046590553557123895,-1.19166149553636e-06,5.582812027566614e-07,-0.29132784224774544,-8.204429084294447e-07,7.92082561898591e-07,-0.23336357143648018,-6.496131473567828e-07,4.694000084028328e-07,-0.19555052358858493,-6.058475040851807e-07,4.432825638164352e-07,-0.2102972957109117,-8.569433305117081e-07,3.320005708145437e-07,-0.3240940843873378,-2.1847532430757853e-07,2.4907465964518336e-07,-0.10276492063151667,-2.3000912615501077e-07,2.9110951307510154e-07,-0.11891394051018403,-4.80507232271879e-07,1.6835659937149801e-07,-0.31074612867252366,-3.0744115724652467e-07,9.689727458741276e-08,-0.22305603063049254,-4.9568049559471366e-08,1.720032882436863e-07,-0.04552909990601619,-2.096831798170843e-07,3.7040839771854874e-08,-0.5332604783650531,-7.010539423468851e-08,3.362814441289065e-08,-0.2635421105543334,-5.3821907579645594e-08,1.8920440288635322e-08,-0.2913021666353071
53.0,-4.609453100978945e-06,1.8442884962987045e-06,-0.4927434647880245,-2.0608205441105393e-06,9.343707978042301e-07,-0.25065855980483936,-1.9675718364559853e-06,7.470050163553746e-07,-0.33147102064814465,-2.50627118890169e-06,6.558678332302155e-07,-0.4905755630404691,-1.7942662438085131e-07,3.2765993522768917e-07,-0.04164401971554833,-1.3923699307265435e-06,6.194961187665492e-07,-0.3403954302867126,-8.949240279125352e-07,8.028638119356071e-07,-0.2545486897044089,-5.995739179491226e-07,4.5459010165010355e-07,-0.18048740864016935,-6.299169514746596e-07,4.2850795507365127e-07,-0.21865210391121387,-9.235761699707807e-07,3.4554799525901293e-07,-0.34929447783893436,-2.852156355994869e-07,2.406501382775773e-07,-0.1341577692956519,-2.587422156029475e-07,2.923322706137002e-07,-0.13376885060180826,-4.524228131586458e-07,1.7077861194654996e-07,-0.2925838120010528,-3.0674099569515646e-07,1.0231862086778268e-07,-0.22254804641052991,-6.828375735066719e-08,1.6232397756466807e-07,-0.06271979708716724,-2.1507731703980586e-07,3.802513966113273e-08,-0.5469786993414066,-7.773072108706836e-08,3.3644210318297526e-08,-0.29220744728456266,-5.317291408238821e-08,1.9019454719038247e-08,-0.2877895967472268
53.5,-5.127024153527338e-06,1.970197285811211e-06,-0.5480710162610002,-2.2679237785228535e-06,9.613531236070098e-07,-0.2758486223831025,-2.192458495750175e-06,7.970814313479145e-07,-0.3693570124606037,-2.5440394158664974e-06,6.232732535802626e-07,-0.49796828625827066,-1.5382435852688606e-07,3.44611205764657e-07,-0.03570186220317068,-1.558650194663688e-06,6.777096545289587e-07,-0.3810462952199547,-9.52879859481582e-07,8.033524628854685e-07,-0.2710334197222648,-5.345525412133503e-07,4.355425625007474e-07,-0.16091427605061667,-6.426030993144725e-07,4.0640974029604803e-07,-0.2230556255329294,-9.73201083172031e-07,3.599303623196104e-07,-0.36806251095631276,-3.5109661113451333e-07,2.321926619754726e-07,-0.1651464095159655,-2.8865268460452887e-07,2.959431321237312e-07,-0.14923246194168496,-4.2072220291151144e-07,1.7329874250466227e-07,-0.2720828887073952,-3.034932858498395e-07,1.0833809679722616e-07,-0.22019175399599453,-8.519431722561902e-08,1.5325510702501838e-07,-0.07825243508393981,-2.2009452907997436e-07,3.906570646229494e-08,-0.5597383345917547,-8.530651103911808e-08,3.407981405882375e-08,-0.32068656354765324,-5.238487623330637e-08,1.9156344009574298e-08,-0.2835244723183227
54.0,-5.571199533085937e-06,2.0746878866762047e-06,-0.5955526828931561,-2.4269145875052036e-06,9.889043725544154e-07,-0.2951867483133846,-2.379301824431128e-06,8.420924623963433e-07,-0.4008339566369989,-2.5401885850571076e-06,5.88802050858231e-07,-0.49721452764633134,-1.2419844162839847e-07,3.7278418339695126e-07,-0.02882583546149231,-1.6875127088495784e-06,7.29943387076147e-07,-0.41254956888031397,-9.928778655972678e-07,7.929327500738798e-07,-0.2824102961162148,-4.5570787438836827e-07,4.140901110834024e-07,-0.13717997211522423,-6.432271192116718e-07,3.7766171991260637e-07,-0.22327223069506333,-1.0045061871512769e-06,3.7378106973267833e-07,-0.37990203248540355,-4.15303804260224e-07,2.241510535244897e-07,-0.19534774747689163,-3.1908008446851246e-07,3.0198495941435126e-07,-0.1649633247895655,-3.8580322277292737e-07,1.7597631171935345e-07,-0.24950063152896818,-2.9786782369319233e-07,1.1470000447910219e-07,-0.2161103444984444,-9.99367094436607e-08,1.4508491543418627e-07,-0.09179357406588795,-2.2473774834746535e-07,4.016737707153011e-08,-0.5715468417399964,-9.272146757903273e-08,3.489881720496701e-08,-0.34856107046014473,-5.148377908607834e-08,1.934147527532985e-08,-0.27864743315080553
54.5,-5.934635075220503e-06,2.1556591930655223e-06,-0.6344033847737041,-2.533990188140905e-06,1.014047333051048e-06,-0.3082104033435547,-2.524919210127584e-06,8.798715734432923e-07,-0.42536568786357487,-2.494261024532907e-06,5.531644348845796e-07,-0.48822470285681663,-9.104284966237426e-08,4.07621497979397e-07,-0.021130588837540654,-1.7768654971717785e-06,7.740452825881048e-07,-0.43439382173083485,-1.0138763407344924e-06,7.712463566906034e-07,-0.2883830202416794,-3.645315898686565e-07,3.925955850481082e-07,-0.10973352918339883,-6.314157198484527e-07,3.433425765466492e-07,-0.21917234528182358,-1.0165919514611665e-06,3.860575634872802e-07,-0.38447284198781945,-4.770679730467529e-07,2.1707966700624723e-07,-0.22439995244940103,-3.493618296054782e-07,3.1025802583086723e-07,-0.18061888463606882,-3.4811958466345867e-07,1.7888354035741773e-07,-0.22513045794917064,-2.900739184820103e-07,1.2115337950553205e-07,-0.21045567687005476,-1.1222133642884077e-07,1.380741742308443e-07,-0.10307721371455625,-2.290193034702183e-07,4.1339385623803705e-08,-0.5824355746125964,-9.987327652040106e-08,3.603287495116138e-08,-0.3754463457412436,-5.050094081434199e-08,1.958385619176368e-08,-0.2733279836759755
55.0,-6.211583324605452e-06,2.2116774860668718e-06,-0.66400872774594,-2.586477275485644e-06,1.0342977127026318e-06,-0.31459443215177946,-2.627015205944057e-06,9.088607031359008e-07,-0.44256549897610403,-2.406612053495635e-06,5.175543453914575e-07,-0.47106836179247613,-5.504751079585932e-08,4.453153229632587e-07,-0.012776251198979106,-1.825530151903862e-06,8.08480941895635e-07,-0.4462909661044124,-1.0152759785592448e-06,7.382582664566401e-07,-0.28878112774939985,-2.628793312808526e-07,3.7389156118280026e-07,-0.07913354445142459,-6.070780610032751e-07,3.05100644900307e-07,-0.21072443750872163,-1.0089094767017603e-06,3.960350275885399e-07,-0.38156734691676053,-5.357105795711584e-07,2.116090651511065e-07,-0.25198385843148613,-3.788313329234021e-07,3.2036865504113986e-07,-0.1958545182084975,-3.082169190983985e-07,1.8210852663449733e-07,-0.19932522960863033,-2.803717553503397e-07,1.2746789448773322e-07,-0.20341652174826788,-1.218593651524386e-07,1.3244763023660796e-07,-0.11192990766869816,-2.3296337838126596e-07,4.259459287918282e-08,-0.5924660371208796,-1.0666565553394498e-07,3.739426113168689e-08,-0.40098044223204665,-4.9469689860886643e-08,1.989103359294427e-08,-0.26774650857419224
55.5,-6.398092730219634e-06,2.2419076397949637e-06,-0.6839462970680726,-2.5831304854711526e-06,1.0478007971558028e-06,-0.3141873605281007,-2.6841586297062546e-06,9.2802983862244e-07,-0.4521922829373456,-2.278428373238309e-06,4.83738034474975e-07,-0.44597778843660785,-1.704482834099307e-08,4.83072966425557e-07,-0.0039560191801513095,-1.8332550128570065e-06,8.322254281348369e-07,-0.4481794781370434,-9.968258813469008e-07,6.943098350771022e-07,-0.28353325427205467,-1.5292460486442083e-07,3.610094623582208e-07,-0.046034300063805066,-5.704218342963113e-07,2.655170876911009e-07,-0.19800059975175902,-9.813362952941058e-07,4.033120809047491e-07,-0.3711392303030008,-5.906544860973393e-07,2.084048575022163e-07,-0.27782799534371405,-4.0686370476741134e-07,3.3179649936013194e-07,-0.21034715966817313,-2.666778433718104e-07,1.85701561418017e-07,-0.17246172765957243,-2.6905503059408617e-07,1.3342950150764653e-07,-0.19520596293280118,-1.2875461971203965e-07,1.283743234571868e-07,-0.1182633167197207,-2.3660197416289108e-07,4.394745690022869e-08,-0.6017196135344913,-1.1301033833499948e-07,3.8889171622317075e-08,-0.4248315469072461,-4.8426595517645446e-08,2.02699801916566e-08,-0.2621009330854092
56.0,-6.4915636039373995e-06,2.2461338155161238e-06,-0.6939381900678461,-2.523606231378169e-06,1.05345261858213e-06,-0.3069473978602963,-2.6957632386665823e-06,9.368322867531017e-07,-0.4541472771617145,-2.111655120230062e-06,4.5412952854398085e-07,-0.41333372228091597,2.2002534064614948e-08,5.189763154260511e-07,0.005106677816297562,-1.8007390907710063e-06,8.446675926126298e-07,-0.44023024636653413,-9.585668299739556e-07,6.402056649304813e-07,-0.272650999362626,-3.706604936020625e-08,3.5659583459124173e-07,-0.011157848927844648,-5.219679963167175e-07,2.2875081075815757e-07,-0.18118166260137902,-9.341300266328492e-07,4.0779791316402654e-07,-0.35328592323545294,-6.414348017922134e-07,2.0807120135400948e-07,-0.30171369103299184,-4.329167544499991e-07,3.4390842909204694e-07,-0.22381649826292183,-2.2413356854987005e-07,1.8970469590973673e-07,-0.14494815905917824,-2.5645468840386654e-07,1.3884622079157945e-07,-0.18606410847613641,-1.329194569657331e-07,1.2595117424080745e-07,-0.12208879085277491,-2.3997346544871234e-07,4.5411048374207216e-08,-0.6102938971630066,-1.1883114659959469e-07,4.0429644045837444e-08,-0.4467132881331515,-4.7410385584071694e-08,2.0724728368292018e-08,-0.2566008650142748
56.5,-6.491131083040531e-06,2.22480921762529e-06,-0.6938919542475335,-2.4086334498323105e-06,1.0506932959495867e-06,-0.29296320504865114,-2.662296492845249e-06,9.35187990581858e-07,-0.4485092332592613,-1.909059382271635e-06,4.318011125559454e-07,-0.37367779092812836,6.09864799174827e-08,5.517382413365614e-07,0.01415465614888191,-1.7294995742139364e-06,8.455552927138716e-07,-0.42281418088226463,-9.009451939237807e-07,5.773556851348893e-07,-0.25626132661084033,8.207513391595834e-08,3.6214801585152127e-07,0.024706758901315667,-4.625172239496747e-07,2.0138006224767347e-07,-0.16054555108418722,-8.679555742110109e-07,4.0967462502055467e-07,-0.3282588907539905,-6.876869758746479e-07,2.110425809827625e-07,-0.3234694706098417,-4.564780063412179e-07,3.560478742849661e-07,-0.23599758582485472,-1.812737026044018e-07,1.9413393415613354e-07,-0.11723049629891881,-2.4296353353255725e-07,1.4355185348426394e-07,-0.17627594777193226,-1.3446503009682342e-07,1.251842548593823e-07,-0.12350842616469168,-2.4313103287502047e-07,4.699653280681104e-08,-0.6183241355335418,-1.2406010129368915e-07,4.194027830238452e-08,-0.46637011727045596,-4.645612271488369e-08,2.125532320413069e-08,-0.25143607517618266
57.0,-6.397728519342364e-06,2.178971646918236e-06,-0.6839073634840556,-2.2401496294362265e-06,1.0394951649268217e-06,-0.27247043973165597,-2.58519050317017e-06,9.234937880709391e-07,-0.4355194147316085,-1.6740716050772244e-06,4.200235516501105e-07,-0.32768146714032054,9.870008101179297e-08,5.805229452509762e-07,0.02290779383363341,-1.621892934802801e-06,8.349952550092864e-07,-0.39650737296021515,-8.247880995412016e-07,5.081199136548603e-07,-0.23459950059863813,2.0167502660091704e-07,3.774623929654282e-07,0.06070945024283974,-3.931769546882207e-07,1.9180761405484226e-07,-0.13647667069560016,-7.839166494518653e-07,4.0939115913243144e-07,-0.2964755540933879,-7.291051821987818e-07,2.1747354352308945e-07,-0.3429514816748861,-4.771085489769512e-07,3.6757775148368547e-07,-0.24666350661108072,-1.388351631777091e-07,1.9895537956140848e-07,-0.0897853072410791,-2.2899552265338666e-07,1.4740636569080666e-07,-0.16614181644607007,-1.3360630663292209e-07,1.2598997812725056e-07,-0.1227196740002012,-2.461347127107264e-07,4.871255868749386e-08,-0.625963011228966,-1.2864142278986705e-07,4.336154210642092e-08,-0.4835923460220525,-4.559779890959216e-08,2.1860944997061003e-08,-0.24679053964242087
57.5,-6.213897764211727e-06,2.110324256398422e-06,-0.6642561377890959,-2.0209331939857465e-06,1.0203273403334469e-06,-0.24580704288587,-2.4666727390488725e-06,9.02611659431378e-07,-0.41555307677620074,-1.4106550596553399e-06,4.2138013215844903e-07,-0.2761205184860984,1.3387698687563567e-07,6.048276605899696e-07,0.031072177276619203,-1.4810778335836729e-06,8.134074237489761e-07,-0.36208202671236805,-7.312508838642905e-07,4.3650330139046364e-07,-0.20799414087364096,3.1876473921234106e-07,4.0075782667266724e-07,0.09595651182274548,-3.152802212555291e-07,2.0527394994279446e-07,-0.10943773387544349,-6.834368694355987e-07,4.076238066477398e-07,-0.25847432210484145,-7.654607900502487e-07,2.2720605524347239e-07,-0.3600521824849544,-4.944668771246708e-07,3.779024937696509e-07,-0.2556377035710878,-9.756684967697496e-08,2.0410057529503902e-07,-0.06309690840769554,-2.1496739114724578e-07,1.5030395614891543e-07,-0.15596406614436512,-1.306248820585435e-07,1.2822036024492342e-07,-0.11998118462013647,-2.4905069504771215e-07,5.056265346600174e-08,-0.6333788570649628,-1.3253850167620775e-07,4.4649039587000074e-08,-0.49824235128790645,-4.486905776130781e-08,2.2538815108281285e-08,-0.24284634879230294
58.0,-5.94397886391162e-06,2.021201056756785e-06,-0.6354022214497798,-1.75513787710173e-06,9.941646225079391e-07,-0.21347823506055122,-2.309800242372298e-06,8.73882920657882e-07,-0.3891252302185535,-1.1233609019664774e-06,4.369221125832917e-07,-0.21988578467494438,1.6518652505756902e-07,6.24372744303777e-07,0.03833896407502422,-1.3109064382118966e-06,7.814870784470439e-07,-0.3204798891828393,-6.218811592081068e-07,3.694995813297066e-07,-0.17688544422874042,4.303925448965342e-07,4.2931653641524357e-07,0.12955939676651318,-2.303794212301035e-07,2.38934961875324e-07,-0.07996759736642255,-5.683188110176912e-07,4.0523920042258887e-07,-0.2149369253937645,-7.966228732509392e-07,2.3980899245253675e-07,-0.3747099888847437,-5.082577947663663e-07,3.8648555815605904e-07,-0.2627675613616879,-5.818687520404272e-08,2.0944250906043042e-07,-0.03762970668249341,-2.0131253973916748e-07,1.5217328919018734e-07,-0.14605713962478778,-1.2585703940756165e-07,1.3166051744830148e-07,-0.11560183973321951,-2.5195132091176056e-07,5.254570433527972e-08,-0.6407556487426254,-1.3573055270273062e-07,4.577486774340609e-08,-0.5102419965892478,-4.430326706344171e-08,2.3285003702583532e-08,-0.23978410028491579
58.5,-5.593911794107489e-06,1.9146345934361918e-06,-0.5979805887517823,-1.4482701850612893e-06,9.62423068673389e-07,-0.17615377517135186,-2.1183971455203214e-06,8.391571094000788e-07,-0.35688011535503855,-8.172986204599276e-07,4.657574032199895e-07,-0.1599773929811771,1.912745783286038e-07,6.39041168891289e-07,0.04439387041073741,-1.1157583768890839e-06,7.402001247419473e-07,-0.27277165673851,-4.984654605707971e-07,3.1922689362895774e-07,-0.14178156569017947,5.336644907606232e-07,4.602080809539035e-07,0.16064694967073898,-1.4027978387218616e-07,2.8546651638840054e-07,-0.048692878970884104,-4.4065798730860876e-07,4.0322632952291946e-07,-0.16665588241345142,-8.225136981555398e-07,2.5465581699188743e-07,-0.38688833705673215,-5.182557540078814e-07,3.928612947615252e-07,-0.26793647248422975,-2.140356254476202e-08,2.1481168649251838e-07,-0.013841777509025583,-1.884549348861844e-07,1.53000849127037e-07,-0.13672863485461462,-1.1969531579553236e-07,1.360399646012543e-07,-0.10994219138274823,-2.5491290598207753e-07,5.465714022251699e-08,-0.648287470191984,-1.3820525278872995e-07,4.6726879873245484e-08,-0.5195449566649013,-4.393205510677295e-08,2.409326548851542e-08,-0.2377749770092585
59.0,-5.170827248271032e-06,1.7945428744518989e-06,-0.5527534998874986,-1.1064668845044217e-06,9.270240636255334e-07,-0.1345800809945485,-1.8969649787875613e-06,8.008399365790594e-07,-0.3195760917096076,-4.97971032170112e-07,5.054345061817249e-07,-0.0974724605088531,2.1076406290573228e-07,6.488397394291421e-07,0.04891728204363458,-9.004769854813191e-07,6.907561618888484e-07,-0.22014138927594706,-3.631469284868594e-07,3.024765134975042e-07,-0.10329209176797872,6.256851501341652e-07,4.907272380957224e-07,0.18834757148647918,-4.687940193782401e-08,3.3837615661279903e-07,-0.016272430579631746,-3.0283373014160104e-07,4.0259770852229197e-07,-0.11453105123443559,-8.430894524130837e-07,2.7103288554964264e-07,-0.39656661884856165,-5.243542961756042e-07,3.966674175609121e-07,-0.2710893981644165,1.2078863255072644e-08,2.2002593298504456e-07,0.007811453695570708,-1.768325381288021e-07,1.528281294368614e-07,-0.12829630357427266,-1.1256808679522292e-07,1.4107224415839613e-07,-0.10339570984691906,-2.580156387909845e-07,5.68862347856622e-08,-0.6561782546762713,-1.3997174054783983e-07,4.7507253548456276e-08,-0.526185585640551,-4.378538604314848e-08,2.495254928317843e-08,-0.23698115497779382
59.5,-4.683164548862202e-06,1.6657722592837572e-06,-0.5006231054805015,-7.366210504023156e-07,8.903045929885111e-07,-0.0895955604399626,-1.6506199393428475e-06,7.618525899897925e-07,-0.27807506992052416,-1.7117231967248255e-07,5.527949613989873e-07,-0.0335051360252321,2.2230996637659902e-07,6.538644556460982e-07,0.051597028337885806,-6.702393965600002e-07,6.345927262010559e-07,-0.16385475063232674,-2.183892678002102e-07,3.298417356219974e-07,-0.06211778903033531,7.037785352528214e-07,5.185953514271301e-07,0.2118557200067106,4.7816359367461343e-08,3.9323205358709555e-07,0.016597660298860357,-1.5748700828726849e-07,4.042769408227846e-07,-0.0595612404419851,-8.584090899852784e-07,2.8820699786459694e-07,-0.4037725646193243,-5.265015485046416e-07,3.9765921390900244e-07,-0.27219952035819167,4.1581676159548685e-08,2.2489502285323702e-07,0.026891051835372194,-1.6684697005937667e-07,1.5175230380670593e-07,-0.12105153128319449,-1.0491369479427363e-07,1.4646739027629703e-07,-0.0963650200935749,-2.61339552101527e-07,5.921949828383646e-08,-0.6646315393105948,-1.4105468314768824e-07,4.81307339531057e-08,-0.5302566130056895,-4.388950174789899e-08,2.5849780396614237e-08,-0.23754466399741941
60.0,-4.140355786261942e-06,1.5342505920674206e-06,-0.44259768152203915,-3.4671267994104946e-07,8.548100363189321e-07,-0.04217082427116863,-1.3849514888570306e-06,7.255672161327075e-07,-0.23331869010002312,1.5713699261519456e-07,6.046787849406501e-07,0.030757872080262306,2.2463478928272989e-07,6.542781986584486e-07,0.05213660807568755,-4.3049267371204575e-07,5.734768656196687e-07,-0.10524339521396103,-6.678786282387748e-08,3.9451853814689246e-07,-0.018996878438531963,7.655278579837991e-07,5.420145076143711e-07,0.2304438788831369,1.416756737435559e-07,4.4706187307871223e-07,0.04917740991816029,-7.361345237025026e-09,4.089359517882124e-07,-0.0027840445914061756,-8.685872038677371e-07,3.0546770323024174e-07,-0.40856007583426074,-5.24744881335705e-07,3.956937987940467e-07,-0.2712913293715334,6.648544718556222e-08,2.292174087061063e-07,0.04299642947785054,-1.5884306134664185e-07,1.4995806588909747e-07,-0.11524450101118745,-9.719300332770238e-08,1.5193160523466353e-07,-0.0892734331489786,-2.64963715379747e-07,6.164065153017688e-08,-0.6738484113796972,-1.4148950071120806e-07,4.86230437033854e-08,-0.5318911910527437,-4.426864544295311e-08,2.677066507563841e-08,-0.2395967164942943
60.5,-3.552621241787329e-06,1.4072150306526177e-06,-0.3797697604052092,5.48203783298433e-08,8.232884450526793e-07,0.006667828074300238,-1.1058900870112977e-06,6.955733082893598e-07,-0.18630603928879755,4.809258371137359e-07,6.582967701411473e-07,0.09413604735494346,2.1656525872407067e-07,6.502764695846988e-07,0.05026371050076172,-1.8686134241780847e-07,5.096030680124284e-07,-0.04568236188716918,8.886668979001833e-08,4.815889278515063e-07,0.0252768936120555,8.087660533369155e-07,5.596151232591798e-07,0.24345970495551716,2.3259717200292498e-07,4.97723144180354e-07,0.08073740657903847,1.44648847706297e-07,4.168871337555399e-07,0.05470587632330641,-8.738168704687632e-07,3.2216234386836573e-07,-0.4110199704465563,-5.192107231964233e-07,3.9072163324904906e-07,-0.26843018832574295,8.62774976162188e-08,2.3279644319452975e-07,0.055796035054521534,-1.5315698014226512e-07,1.4771516308383859e-07,-0.1111191109214217,-8.986873642105859e-08,1.571897030645237e-07,-0.08254596893171458,-2.689719608084025e-07,6.413136547850644e-08,-0.6840420705780837,-1.413268316754452e-07,4.902017699347576e-08,-0.5312796811757253,-4.494271504717742e-08,2.7698791147083302e-08,-0.24324500666095134
61.0,-2.9309349436469883e-06,1.293205548173356e-06,-0.3133124489094367,4.594032144477277e-07,7.983948003614465e-07,0.055877426315585364,-8.196080632915257e-07,6.751977398856715e-07,-0.13807695161973751,7.941498233421089e-07,7.112729124968532e-07,0.15544626553173296,1.970557674917637e-07,6.420925390489523e-07,0.04573565542352863,5.508836652806923e-08,4.457961090077786e-07,0.013467561898819152,2.4568507489873795e-07,5.792097376859825e-07,0.06988170162475009,8.316878483194192e-07,5.704609398641292e-07,0.25035976390391923,3.1855627879124726e-07,5.436102596320465e-07,0.11057489468853487,2.9557474882975767e-07,4.280291261600359e-07,0.11178572045457894,-8.743606211658992e-07,3.376978402343115e-07,-0.41127573616019747,-5.100655546635761e-07,3.828075064293029e-07,-0.2637021671161075,1.0050430108098707e-07,2.3546500194089127e-07,0.06499657107800465,-1.500580095421054e-07,1.4537695969765583e-07,-0.10887073244372186,-8.336844852526355e-08,1.6198950455004653e-07,-0.07657534350554285,-2.734434032774076e-07,6.66731087108498e-08,-0.6954137197112357,-1.4062043237098897e-07,4.936713268486656e-08,-0.5286241656391136,-4.5923613211916004e-08,2.8616337856055725e-08,-0.24855395562776586
61.5,-2.286713960029844e-06,1.2017514648735273e-06,-0.24444621410833967,8.581015385885121e-07,7.82165724255596e-07,0.10437128863238666,-5.324104407777788e-07,6.668541410384221e-07,-0.0896936157239445,1.090998908736655e-06,7.616244549106357e-07,0.21355127342167926,1.6521821511489735e-07,6.299972819175209e-07,0.03834631917840824,2.8991764354888044e-07,3.85955954734377e-07,0.07087673961189027,4.0066841361677e-07,6.798130136647716e-07,0.11396455622047601,8.328771910226861e-07,5.740332051707396e-07,0.25071778712019255,3.9761229508411856e-07,5.834630751358048e-07,0.13801623318372677,4.424501028717144e-07,4.4184290003722734e-07,0.16733365658107835,-8.705461508720116e-07,3.515503586899653e-07,-0.40948151185479825,-4.975525127933388e-07,3.721260421112329e-07,-0.25723296677856944,1.0877439811101653e-07,2.3709005585154126e-07,0.07034487899769418,-1.4974108110593515e-07,1.433797806577801e-07,-0.10864079316168428,-7.809814016595114e-08,1.661004717033016e-07,-0.07173447528580881,-2.784515269104012e-07,6.924704773310924e-08,-0.7081502415751793,-1.3943597194034107e-07,4.971348272359109e-08,-0.5241715096749227,-4.7221987775369986e-08,2.9505565431453927e-08,-0.25558119305666277
62.0,-1.6315808384925964e-06,1.1420759119000125e-06,-0.17441348850471022,1.241895782886344e-06,7.756790906308426e-07,0.1510523607965824,-2.5063001753111673e-07,6.713757570750693e-07,-0.0422228994015996,1.3659331589331778e-06,8.077244421581118e-07,0.26736668860361507,1.203864762060562e-07,6.142852154284187e-07,0.027941097403521294,5.123588026759683e-07,3.35571557185623e-07,0.1252573696467764,5.508305327496654e-07,7.783977350580964e-07,0.1566760819772206,8.113527335536535e-07,5.702239394020275e-07,0.24423836325822781,4.679402191579078e-07,6.162770076644374e-07,0.16242794099130867,5.823390145356965e-07,4.574744596506966e-07,0.22023933555358077,-8.627759927947738e-07,3.632840429331592e-07,-0.40582663833243415,-4.819834014851686e-07,3.589468925175463e-07,-0.24918378887486975,1.1077800691687834e-07,2.3757678462130928e-07,0.07164062157549465,-1.5233658182559363e-07,1.4220832891424204e-07,-0.11052389200638899,-7.44282014612832e-08,1.6931786423292293e-07,-0.06836357392053903,-2.840613961549475e-07,7.183610292817711e-08,-0.7224171062780218,-1.3784626388692405e-07,5.0107533254508586e-08,-0.518195435791646,-4.884403342290616e-08,3.035071534012903e-08,-0.2643602466568988
62.5,-9.770341283708438e-07,1.120603173923768e-06,-0.1044434493817396,1.6019012530674357e-06,7.788486578067113e-07,0.19483999331768767,1.959175335351755e-08,6.877471354198826e-07,0.0033005648688661975,1.6136884866390165e-06,8.482869703332697e-07,0.3158621227464904,6.210443427397393e-08,5.952865722431015e-07,0.01441412774861498,7.173953920460322e-07,3.0176795444640836e-07,0.17538307009674545,6.932590890252112e-07,8.71288159594501e-07,0.19718790336724168,7.66590022461179e-07,5.593451017984795e-07,0.23076361813184817,5.279065543700211e-07,6.412840573112062e-07,0.1832430108624695,7.124936135252157e-07,4.73823860170456e-07,0.2694635188646533,-8.514937514070616e-07,3.7254489689033226e-07,-0.40051977521446674,-4.6366892485086755e-07,3.436471884213217e-07,-0.2397152663802505,1.0624364846349234e-07,2.3687242251111106e-07,0.06870823213207004,-1.5791261574271454e-07,1.4236242003737602e-07,-0.11456944011501993,-7.265650141402437e-08,1.7147857823035903e-07,-0.06673623717495333,-2.9032731831171283e-07,7.442598696963339e-08,-0.7383524266486384,-1.3591700525992067e-07,5.059487057853766e-08,-0.5109429141288543,-5.078570164876874e-08,3.11360294364052e-08,-0.27486920456114455
63.0,-3.344097370251208e-07,1.1383160212751595e-06,-0.03574788784500594,1.9296827571768426e-06,7.904685274143539e-07,0.23470820988100283,2.724022271757967e-07,7.13375841432664e-07,0.04589079930694005,1.8295319223458234e-06,8.823040040924742e-07,0.3581111480991134,-9.857438618586703e-09,5.733836261512043e-07,-0.002287862069488065,9.004413367220958e-07,2.912756579787726e-07,0.2201326741532866,8.251254317208786e-07,9.556044293950524e-07,0.23469545004423767,6.985439045895747e-07,5.421769601950705e-07,0.2102799594619066,5.76097089888095e-07,6.579365122874854e-07,0.19997055241372877,8.302794556896125e-07,4.897041234123376e-07,0.3140098655259511,-8.371661305053159e-07,3.790711945686893e-07,-0.39378044742322615,-4.429668549303692e-07,3.2668878855423247e-07,-0.22901236622965063,9.498662786721597e-08,2.3497317306562455e-07,0.06142826767838108,-1.6643063827875886e-07,1.442710993829187e-07,-0.12074947245918521,-7.301293868188771e-08,1.7245665146507426e-07,-0.06706363089173266,-2.9728474053399775e-07,7.700628012444025e-08,-0.75604635090942,-1.3371855620416386e-07,5.121581504493034e-08,-0.5026784444625009,-5.3038194880158186e-08,3.184894683335148e-08,-0.28706045136272124
63.5,2.8525048515751457e-07,1.1902448658307276e-06,0.030492839239242477,2.2173091204120557e-06,8.08519488128421e-07,0.2696923380121396,5.023803630337379e-07,7.44777417176096e-07,0.08463453715027991,2.009260834895749e-06,9.090332630045756e-07,0.393291144924385,-9.547388866241051e-08,5.490361121596881e-07,-0.022159010768313857,1.0573865737074016e-06,3.058927288022598e-07,0.25850138658819727,9.43717486247467e-07,1.0289936622622498e-06,0.2684273101212444,6.077108068403852e-07,5.200259890428842e-07,0.18293682471116923,6.113643607699146e-07,6.659232907898091e-07,0.21221226611815314,9.333391453974725e-07,5.03899582124388e-07,0.35298681369026813,-8.203097324787428e-07,3.8270380161859973e-07,-0.3858516508379637,-4.203101394626887e-07,3.0863276132481044e-07,-0.21729892094024844,7.698601778240037e-08,2.3192859965973688e-07,0.049787194408468106,-1.777518410718495e-07,1.482415002591131e-07,-0.12896328019919687,-7.565536724665208e-08,1.721758965832392e-07,-0.0694907466485333,-3.049449258352531e-07,7.956812544483573e-08,-0.7755275228454607,-1.3131757280442218e-07,5.199972315055718e-08,-0.4936526021648942,-5.559153139667148e-08,3.248231939961095e-08,-0.30087996265203604
64.0,8.715858061129951e-07,1.2674653212483503e-06,0.09317118550853051,2.4577994582814216e-06,8.305940948484717e-07,0.2989432894885245,7.045850638739412e-07,7.782245415179616e-07,0.1186993663603184,2.1493585879287e-06,9.280539742616527e-07,0.42071376957058815,-1.9445193249184667e-07,5.228002277526655e-07,-0.04513131837797168,1.1846417034222316e-06,3.4059591952464965e-07,0.289611699788417,1.0465315932940225e-06,1.0895114431840726e-06,0.29767135253775595,4.950756733530387e-07,4.948112140854154e-07,0.14903070778982613,6.329196573411268e-07,6.65150642122572e-07,0.21969438091867113,1.0196272479078355e-06,5.152550832374833e-07,0.3856207844336051,-8.014601026097345e-07,3.8339210866811965e-07,-0.3769852915657605,-3.9611563422092363e-07,2.9015291505757503e-07,-0.2047904435372534,5.2322007389754894e-08,2.278470668069873e-07,0.03383687101621391,-1.9170712882653155e-07,1.5439509365529364e-07,-0.13908818058906125,-8.066027391384018e-08,1.7061249969483585e-07,-0.07408783888225733,-3.1330226424224765e-07,8.21042963158024e-08,-0.7967816753276019,-1.287740657611789e-07,5.296382204696719e-08,-0.4840909810984447,-5.8427194238410545e-08,3.3031635688905747e-08,-0.3162275184484087
64.5,1.414995104809504e-06,1.3600281891646397e-06,0.15126080585435456,2.6450021767320545e-06,8.54212839065508e-07,0.3217128430687656,8.747237338494496e-07,8.102348859586426e-07,0.14736212598290013,2.247094487498651e-06,9.392505193370783e-07,0.43984451813966335,-3.0618463698434296e-07,4.953754033680715e-07,-0.07106391876441481,1.27923496135439e-06,3.8743188851385867e-07,0.31273710060717597,1.1312655440684992e-06,1.1355031787685503e-06,0.3217727460308234,3.6212093669451267e-07,4.691111582482517e-07,0.10900785961788524,6.40298766824555e-07,6.557618766717872e-07,0.2222557627163281,1.0873377529907836e-06,5.22747519533351e-07,0.41122874865588155,-7.811280685578416e-07,3.8120783546107015e-07,-0.3674216492082442,-3.708224907642743e-07,2.720368908216297e-07,-0.1917139738919031,2.1154937577404357e-08,2.2288795270409605e-07,0.013680990655241015,-2.0802347927221836e-07,1.6261514254388924e-07,-0.1509260893368241,-8.803907667981027e-08,1.6779269735239814e-07,-0.08086539521752467,-3.2233231178079356e-07,8.461147698913602e-08,-0.8197466431150268,-1.261465108116864e-07,5.411121743493161e-08,-0.4742134048499097,-6.152038786476313e-08,3.34963273661622e-08,-0.3329689169922201
65.0,1.9068028867380547e-06,1.4589916541020365e-06,0.20383430322342874,2.7736927091968576e-06,8.772277941397837e-07,0.33736553229506977,1.0092722392160038e-06,8.3784653581962e-07,0.17002911560644862,2.3004759935887378e-06,9.428468425075788e-07,0.4502933724065349,-4.2975991315846034e-07,4.6765543197787036e-07,-0.09974512064906935,1.3388544556554342e-06,4.39490942616837e-07,0.3273123962726681,1.195842574044208e-06,1.1656785291418986e-06,0.34014078382243534,2.1088642665111874e-07,4.4615347738281534e-07,0.06348232223616401,6.332706478604727e-07,6.38167993752475e-07,0.21981621414657238,1.1349996223450573e-06,5.254773590908265e-07,0.4292543629043038,-7.597824682419199e-07,3.763596344512897e-07,-0.3573812525215705,-3.4489192592738753e-07,2.551883298027061e-07,-0.17830795954823334,-1.6250937795502018e-08,2.172665648946587e-07,-0.010509552547989374,-2.2634488754536872e-07,1.72614882722243e-07,-0.16421871626280404,-9.772434640936919e-08,1.6381118299695175e-07,-0.0897614808422927,-3.3199384703099503e-07,8.709005220359845e-08,-0.8443175930298348,-1.234838382031989e-07,5.5427232697338474e-08,-0.46420381333963495,-6.484560614915084e-08,3.3880141872352124e-08,-0.3509661105949195
65.5,2.3394963318525274e-06,1.5571245358061016e-06,0.2500885686788017,2.839756204363812e-06,8.978138839266495e-07,0.3454008658914601,1.1054325197063145e-06,8.587116297152792e-07,0.18622895427528607,2.308375746963759e-06,9.394330090261817e-07,0.4518396639559063,-5.640358904105728e-07,4.407755888021526e-07,-0.1309099015911794,1.3619376187555546e-06,4.918693028342906e-07,0.3329555828012251,1.2383435409451516e-06,1.1790615042553014e-06,0.35222959259097475,4.375478267465559e-08,4.295711516477197e-07,0.013171332348103387,6.120290278111748e-07,6.130370550429925e-07,0.21244298041569945,1.1615028024779358e-06,5.227490570244959e-07,0.43927780738737,-7.379248793248512e-07,3.6918773433026987e-07,-0.34710003015754465,-3.1877155480991566e-07,2.405864014966773e-07,-0.16480381599927826,-5.9527096887609166e-08,2.1126749927300014e-07,-0.03849643390689364,-2.4624775882113215e-07,1.8399023129972114e-07,-0.17865873302790364,-1.0956873403217814e-07,1.5882676595949774e-07,-0.10064075311943657,-3.4222373653742886e-07,8.954385832911421e-08,-0.870333965809861,-1.2083335332183982e-07,5.6883821444549097e-08,-0.454240038265675,-6.837101439124631e-08,3.419089443859002e-08,-0.3700467992099911
66.0,2.7067293512085117e-06,1.6489881559005584e-06,0.2893452150483255,2.8403970787536015e-06,9.146140458763291e-07,0.3454788157411059,1.1613276115636086e-06,8.711739210805728e-07,0.1956454354445486,2.2705900796727263e-06,9.29958924241064e-07,0.4444435269822848,-7.075468466104702e-07,4.1616447392388363e-07,-0.16421807483474585,1.3476620913565776e-06,5.412288761859726e-07,0.3294656163890598,1.2572573131996034e-06,1.1750157382237904e-06,0.3576093519834769,-1.3654372121327996e-07,4.22760002414686e-07,-0.04110322625802052,5.770683757669676e-07,5.813969325051958e-07,0.20030769796984943,1.166152983413697e-06,5.140530594381565e-07,0.44103649559807234,-7.160276978642478e-07,3.6018065014822215e-07,-0.33680018452516186,-2.929763022868864e-07,2.2921788545072605e-07,-0.15146775766435183,-1.0821045640623859e-07,2.0523462004018133e-07,-0.06998017543074021,-2.671951133990456e-07,1.9627306149502258e-07,-0.19385654781043196,-1.233788583748322e-07,1.5307795066606237e-07,-0.11332558813915665,-3.5294855986643874e-07,9.198018291043209e-08,-0.8976090406336859,-1.1823066574864256e-07,5.844087396322491e-08,-0.44445594413651673,-7.206560624426922e-08,3.4441685198503654e-08,-0.39004316611739037
66.5,3.0034490345691516e-06,1.7306369847846821e-06,0.3210640939797276,2.774652047423552e-06,9.270566114346606e-07,0.3374822170490898,1.1760037917433122e-06,8.742636181775046e-07,0.198117888207516,2.1878353476834387e-06,9.157668735927518e-07,0.42824518044273946,-8.585261823296854e-07,3.955335276011882e-07,-0.19925962151170817,1.2959799423024279e-06,5.852777636153248e-07,0.31683077921166575,1.2513787161742672e-06,1.1532802745226766e-06,0.3559372668416912,-3.26923273650229e-07,4.2798065327806295e-07,-0.09841244376860595,5.292018762526223e-07,5.446488041655463e-07,0.18369263339478895,1.1485803955778222e-06,4.990894799759671e-07,0.4343905814959308,-6.945283902774188e-07,3.4999230406160737e-07,-0.32668748806941655,-2.6802639790692824e-07,2.219222974972382e-07,-0.13856874146108328,-1.6172426279758607e-07,1.9954709102243168e-07,-0.10458778807377553,-2.8860156090499957e-07,2.089754599240899e-07,-0.20938744566855236,-1.3889202070171276e-07,1.4688930526198944e-07,-0.12757469262714702,-3.640857553176678e-07,9.440883219156953e-08,-0.9259328488625975,-1.1570815330082765e-07,6.0048763160468e-08,-0.4349732465259557,-7.589521792996318e-08,3.464888199403045e-08,-0.41077030552179955
67.0,3.2262461475723714e-06,1.7993030628940055e-06,0.3448807635500635,2.6429240091382975e-06,9.348378269315675e-07,0.3214600745792564,1.149252645409844e-06,8.676761619648451e-07,0.19361120153190556,2.061563485334425e-06,8.985769548928384e-07,0.4035288248295298,-1.0149990769453776e-06,3.8077456725849003e-07,-0.2355761956589963,1.2076628260411945e-06,6.223998218510113e-07,0.29523971915786434,1.2199401917821267e-06,1.1139086256820598e-06,0.3469950159459072,-5.241285815973119e-07,4.4557216586398653e-07,-0.1577763919590205,4.696244123313606e-07,5.046582643555852e-07,0.16301254564420184,1.1087864625148013e-06,4.778200744896156e-07,0.41934060346234303,-6.739092399740786e-07,3.3941365522170025e-07,-0.3169887939439924,-2.443666558358393e-07,2.192198369751676e-07,-0.12633673480917473,-2.1941093286554135e-07,1.9460503913646458e-07,-0.14189400990704748,-3.0982323624969186e-07,2.2163026949916144e-07,-0.22478428683357682,-1.5578679038971409e-07,1.4066049826024221e-07,-0.14309282706758453,-3.7554434052747733e-07,9.684352476440268e-08,-0.9550740066593275,-1.1329038198488392e-07,6.165371495089638e-08,-0.42588429463577065,-7.981705694089644e-08,3.48293258821506e-08,-0.43199661005939227
67.5,3.3730648101528284e-06,1.8533367312642828e-06,0.3605754533344273,2.446428226061587e-06,9.382812757663833e-07,0.29756020123293825,1.0819722682413489e-06,8.519412458046357e-07,0.182276674946181,1.894029628429986e-06,8.804174245180021e-07,0.3707358786618593,-1.1747515842355322e-06,3.736931619228832e-07,-0.27265395146115845,1.0842174940719085e-06,6.514984576297119e-07,0.2650607947461278,1.1625617805608529e-06,1.0573610925990286e-06,0.3306745251129988,-7.247127092391253e-07,4.7393045991414123e-07,-0.21815745312367893,3.996383547607089e-07,4.638806627311421e-07,0.1387195040036326,1.0471131057272486e-06,4.5047475343503593e-07,0.3960158754581936,-6.545603356614508e-07,3.2936385433339565e-07,-0.3078875893924217,-2.224272357572865e-07,2.211675255279324e-07,-0.11499412881061648,-2.805538655962427e-07,1.9081886261779172e-07,-0.18143541192074183,-3.3014619588671987e-07,2.3381702546962918e-07,-0.2395290879132326,-1.7372943065046435e-07,1.3486287509346366e-07,-0.15957344852171865,-3.8722727323162996e-07,9.92979856245772e-08,-0.9847857188145795,-1.1099083768183821e-07,6.319641006003682e-08,-0.41723978495782643,-8.38013497911997e-08,3.500256791748402e-08,-0.4535609356657525
68.0,3.4429323970837743e-06,1.8919947779247957e-06,0.3680441911882567,2.1878244237897763e-06,9.384266783655126e-07,0.2661061006695703,9.759287205044128e-07,8.284392668169701e-07,0.1644118314115095,1.6883995881796015e-06,8.635399536737874e-07,0.3304860153507491,-1.3353587101887868e-06,3.756161503274683e-07,-0.30993005996921486,9.279387788139318e-07,6.719252455062638e-07,0.22685502819590114,1.0791986608596597e-06,9.844816385641842e-07,0.3069630454479512,-9.251615801498989e-07,5.101613718849379e-07,-0.27849779847973444,3.2081716749240506e-07,4.254552018147683e-07,0.11135967761914176,9.642587043074936e-07,4.1765999418835204e-07,0.36468052292144904,-6.368577506181505e-07,3.2083543093477656e-07,-0.29956076917731,-2.0260535989831363e-07,2.2731302724060927e-07,-0.1047462860136936,-3.443718766534034e-07,1.8856710265237572e-07,-0.2227067987879684,-3.487894912774061e-07,2.451688820129717e-07,-0.2530552517650805,-1.9234553981383396e-07,1.3001565823660576e-07,-0.17667266266254225,-3.9903259733573315e-07,1.0178845070723081e-07,-1.014808693401765,-1.0882781936671498e-07,6.462129776414704e-08,-0.40910850749824984,-8.781437536014417e-08,3.519057196774796e-08,-0.4752807723561656
68.5,3.436579935101796e-06,1.9152225294965885e-06,0.36736512274817007,1.8712065043071776e-06,9.365044448901036e-07,0.2275957160886721,8.337140845751549e-07,7.995014365808109e-07,0.14045335139611925,1.4486081987951512e-06,8.502585115905904e-07,0.2835494362684655,-1.494257245456364e-06,3.8701063095151693e-07,-0.3468096131475052,7.419241593596843e-07,6.834095133464251e-07,0.18137966634597388,9.702956158111714e-07,8.966133650423642e-07,0.27598708932509003,-1.1219967268870862e-06,5.509230674545755e-07,-0.3377503184783062,2.3498981926631623e-07,3.932153123963357e-07,0.08156792456531138,8.612641220257267e-07,3.8048356959218064e-07,0.3257281982426008,-6.212109471085936e-07,3.1480400194675805e-07,-0.2922009333427934,-1.852869124880024e-07,2.3684626864967657e-07,-0.09579270726008102,-4.100355215931642e-07,1.8814131053159508e-07,-0.2651717651591977,-3.649482300839443e-07,2.553728560999288e-07,-0.2647788094385613,-2.112262330426656e-07,1.2663453991637661e-07,-0.1940149017853254,-4.1086245237181444e-07,1.0433539683905291e-07,-1.0448940543784204,-1.0682208670725877e-07,6.588005309419689e-08,-0.4015685025663712,-9.18245975517602e-08,3.541225225145318e-08,-0.49698543623077945
69.0,3.3560683110087124e-06,1.9235780185025237e-06,0.3587585536515214,1.502221171160254e-06,9.340425592728885e-07,0.1827158586648732,6.585743965450731e-07,7.684332816927788e-07,0.11094808502073956,1.179103023794291e-06,8.426794074942708e-07,0.23079670402072106,-1.6487745487229123e-06,4.0735003225777866e-07,-0.3826723043497158,5.298947631669046e-07,6.860848734967056e-07,0.1295444205842297,8.36723696959766e-07,7.956260883094378e-07,0.23799441523828824,-1.3117361669842101e-06,5.930645014534508e-07,-0.39486684545650685,1.4403512078731185e-07,3.712715726479516e-07,0.04999640369023865,7.394775205673226e-07,3.407744851418455e-07,0.2796687732083478,-6.079504253382169e-07,3.1212409964697955e-07,-0.2859635403027136,-1.7081611357875683e-07,2.487802402292733e-07,-0.08831135315298715,-4.7665774237154417e-07,1.8971851454389409e-07,-0.30825664671772096,-3.779371078956797e-07,2.642198256852515e-07,-0.27420255593033954,-2.2995780923890005e-07,1.2514467305394806e-07,-0.21122017436746104,-4.22627998737251e-07,1.0695768813645582e-07,-1.0748158673179804,-1.0498641042258233e-07,6.692866340592503e-08,-0.39466777819787763,-9.580085218021398e-08,3.5684597280247414e-08,-0.5185062562917967
69.5,3.2048419142714203e-06,1.918194123941564e-06,0.3425926838480264,1.0874749358752355e-06,9.328699222866805e-07,0.1322700814631075,4.5446268201026154e-07,7.395407375225069e-07,0.07656198684149261,8.847758954308652e-07,8.424389440585274e-07,0.17318534202830743,-1.7962159238840564e-06,4.3529089918590214e-07,-0.4168927081236025,2.962135893368194e-07,6.804684985208301e-07,0.07241592192849561,6.798182215291093e-07,6.841590371763991e-07,0.1933648355951048,-1.4910036272635294e-06,6.338607502614403e-07,-0.44883103300821486,4.9886126561627725e-08,3.6299841070602405e-07,0.017316102548352818,6.005200193076983e-07,3.0148777332192663e-07,0.22711535160391305,-5.973681966557754e-07,3.1338811240108377e-07,-0.2809859443471875,-1.59499642835344e-07,2.6211415759961627e-07,-0.08246077604214447,-5.433100958180154e-07,1.9332164479699458e-07,-0.35136101520448815,-3.8708935022987027e-07,2.715591349292762e-07,-0.2808427301500714,-2.481306770482467e-07,1.25803078149086e-07,-0.22791226375616833,-4.342359543280803e-07,1.0967536387881185e-07,-1.1043368997470278,-1.0333687611136348e-07,6.77302627665332e-08,-0.38846680381415033,-9.971950043020869e-08,3.602111101689969e-08,-0.5397152913639169
70.0,2.987618270749884e-06,1.9006035674652265e-06,0.3193718096146063,6.341260970428344e-07,9.350280057299555e-07,0.07712905166520645,2.2601212708842297e-07,7.179365418590578e-07,0.03807559605030646,5.709540485194399e-07,8.504435463998305e-07,0.11175809906884202,-1.93392078057672e-06,4.690478203239891e-07,-0.44885331478844065,4.578932688106525e-08,6.674331937170109e-07,0.01119420728806321,5.013340985319466e-07,5.661652655939293e-07,0.14259750985021077,-1.656663985998992e-06,6.710686738939251e-07,-0.49869912761252627,-4.5495589459170027e-08,3.695996130718997e-07,-0.015792091847410063,4.4627500048843685e-07,2.673268001528354e-07,0.16878022445415666,-5.896998010401237e-07,3.187990494363912e-07,-0.27737893715170175,-1.5158383110400597e-07,2.7593037313614296e-07,-0.07836832814216083,-6.090695641318595e-07,1.9882184270928767e-07,-0.39388795097083334,-3.917094640282058e-07,2.772642093916091e-07,-0.2841947349829557,-2.6534985883515997e-07,1.286448933586306e-07,-0.24372837624886634,-4.455882616652935e-07,1.1251022362087e-07,-1.1332077745900664,-1.0189011769385569e-07,6.825700159133583e-08,-0.3830281101019967,-1.0356634112175365e-07,3.643152204165429e-08,-0.5605356799108976
70.5,2.71020778345656e-06,1.8727686758385176e-06,0.2897170541191189,1.5097997718658795e-07,9.420822693011467e-07,0.01836376473881256,-2.179951602643773e-08,7.088102508308265e-07,-0.0036725001308893987,2.4317017632771845e-07,8.667016634981279e-07,0.047597940196925745,-2.059292279125345e-06,5.067349109798403e-07,-0.4779514108783762,-2.1600696701849364e-07,6.482685845072144e-07,-0.052807650366896976,3.035227247741698e-07,4.483782222329308e-07,0.08633281650398142,-1.8058452816176907e-06,7.028734106299125e-07,-0.543606593827704,-1.401614595485297e-07,3.894438644952256e-07,-0.04865180710855242,2.788511513077622e-07,2.4509247446621404e-07,0.10546089262341184,-5.851368804084154e-07,3.281818284357418e-07,-0.27523266192335943,-1.4729903731357483e-07,2.894441647577299e-07,-0.07615310424034767,-6.729815536702893e-07,2.059692431320453e-07,-0.43522011413292405,-3.912230785579146e-07,2.8128645883995516e-07,-0.28384185050473176,-2.812382693378566e-07,1.3346798917644064e-07,-0.2583221525937911,-4.5659420331800723e-07,1.1547925542677722e-07,-1.1611977817795025,-1.0066147587576104e-07,6.84915589553916e-08,-0.3784093662608023,-1.0732024548084112e-07,3.692069259552552e-08,-0.5808530659404751
71.0,2.3796168300825657e-06,1.8369265168910765e-06,0.2543773883877369,-3.531257605381328e-07,9.554194684828332e-07,-0.042950850242363066,-2.8343036911146176e-07,7.164030324210166e-07,-0.04774867783291644,-9.307851591350201e-08,8.903823929796339e-07,-0.01821911593343885,-2.1699061208816947e-06,5.465703007752523e-07,-0.5036243288347236,-4.834264606996641e-07,6.246489558339612e-07,-0.11818422279198368,8.898524131103931e-08,3.444639607491324e-07,0.02531061394294073,-1.9360688348426493e-06,7.279192780174427e-07,-0.5828072844546142,-2.3225234365713936e-07,4.188464777619235e-07,-0.08061771231915589,1.0052596555909559e-07,2.4209008527914115e-07,0.03801869925934736,-5.838134306743795e-07,3.40998791695461e-07,-0.2746101467385941,-1.4682580560889252e-07,3.0200127822205504e-07,-0.07590844504912846,-7.341178747844865e-07,2.144057951062957e-07,-0.47475724038530837,-3.8514459112913875e-07,2.8363003041442443e-07,-0.2794317601634022,-2.9547467360205423e-07,1.3990444971366872e-07,-0.2713985330002749,-4.671675013635276e-07,1.1859762321067442e-07,-1.188087501682496,-9.967107464013951e-08,6.842642912305958e-08,-0.374686222916689,-1.1096843417597187e-07,3.748668636625726e-08,-0.6005982834360349
71.5,2.0034971577973576e-06,1.7954134434503123e-06,0.2141707724537577,-8.688609944899544e-07,9.758767983537226e-07,-0.10567996625026398,-5.53313840052782e-07,7.427460493639586e-07,-0.09321514971031288,-4.3217680919519595e-07,9.199420423046029e-07,-0.08459395074356539,-2.263537009671294e-06,5.869174233925508e-07,-0.5253555885749838,-7.505852440825999e-07,5.986058775977495e-07,-0.18349705885492312,-1.3929558342209465e-07,2.833093426031774e-07,-0.039620690847257924,-2.0452741402555684e-06,7.452184561891851e-07,-0.6156809335472161,-3.200444636160484e-07,4.5350449344814673e-07,-0.11109146237605264,-8.611782629688261e-08,2.6172523573358027e-07,-0.03256957265359642,-5.857666014031733e-07,3.5644061949984e-07,-0.2755288657543934,-1.5030243095346038e-07,3.1306272469828603e-07,-0.07770584859702735,-7.916522683729011e-07,2.2377825241065938e-07,-0.5119649843532599,-3.730415165292464e-07,2.843498941949458e-07,-0.2706506854274911,-3.077616889445414e-07,1.4750051855228646e-07,-0.2826843663959115,-4.772310014298313e-07,1.218775810768623e-07,-1.2136807174285815,-9.892414751899539e-08,6.806745757760344e-08,-0.37187835410594355,-1.1449326141058039e-07,3.812352625680468e-08,-0.6196758274442468
72.0,1.5903187329862564e-06,1.7506790738122242e-06,0.17000263272936347,-1.3862583240283656e-06,1.0037188464648072e-06,-0.16861124371622252,-8.257461126238192e-07,7.871112275133038e-07,-0.13911101067632,-7.684712984176076e-07,9.534248745268671e-07,-0.15041997113922295,-2.338208706379746e-06,6.26345179524394e-07,-0.5426865149113101,-1.0115351394259767e-06,5.72465893956043e-07,-0.24729199578115477,-3.7808603270965397e-07,3.0016959823110277e-07,-0.10754131213380136,-2.131901263393587e-06,7.541305238991926e-07,-0.6417579600906899,-4.0192338933883234e-07,4.89480102370073e-07,-0.13951266827210784,-2.783839403578537e-07,3.0092491406103053e-07,-0.10528419446889571,-5.909903858699179e-07,3.7359633477953713e-07,-0.27798599356881604,-1.578522326768204e-07,3.2219504770249095e-07,-0.08160907056044751,-8.447771722231799e-07,2.3373125741962052e-07,-0.5463210920220691,-3.5459822164087965e-07,2.8355758968470885e-07,-0.2572696268002365,-3.1784510580537564e-07,1.5578144343165792e-07,-0.2919461569592081,-4.867139447562393e-07,1.2532785901171189e-07,-1.237797477289627,-9.84336884844156e-08,6.74334700746099e-08,-0.37003460712292413,-1.1788135344908194e-07,3.882222114621838e-08,-0.6380133148347641
72.5,1.1488782389700073e-06,1.7050807339931092e-06,0.1228133211658923,-1.8957491123759013e-06,1.0386429448272105e-06,-0.2305808449054154,-1.094926302755172e-06,8.464391885906236e-07,-0.18445900291116268,-1.0967409389517835e-06,9.887110432827096e-07,-0.21467521392670355,-2.392317512034044e-06,6.636020769909866e-07,-0.5552448973544278,-1.2604357314662685e-06,5.486959358725246e-07,-0.3081412157021588,-6.238707556557692e-07,3.8661202571772996e-07,-0.17745135725934072,-2.194904095247014e-06,7.544174790250838e-07,-0.6607234579514262,-4.764067048313497e-07,5.235721961400444e-07,-0.16536676475354978,-4.734969900648046e-07,3.533907935757966e-07,-0.1790755210891003,-5.993434416293369e-07,3.9148603384334976e-07,-0.28191504649443994,-1.695184608245707e-07,3.290514055464549e-07,-0.08764047106672516,-8.927700884838182e-07,2.439080547893184e-07,-0.5773583208712274,-3.2963164177047524e-07,2.814123535025661e-07,-0.2391557663978505,-3.255382598678206e-07,1.6431799330644834e-07,-0.299012450327907,-4.955410924183834e-07,1.2895373122795524e-07,-1.260246435708801,-9.821935310320247e-08,6.65565928281326e-08,-0.36922887171057794,-1.2112000342849613e-07,3.957210964702319e-08,-0.6555419718148361
73.0,6.884107491737691e-07,1.6606740313980839e-06,0.07359005294427706,-2.3876234050115073e-06,1.0798830679957886e-06,-0.29040774354023985,-1.355241827593932e-06,9.164197429771912e-07,-0.2283135911452993,-1.4120575320198986e-06,1.0237850348495842e-06,-0.27639503733024373,-2.4245853069272282e-06,6.975796116154235e-07,-0.5627340907299704,-1.4916792691953274e-06,5.296680909582742e-07,-0.3646737806400064,-8.730400241290003e-07,5.065477059525994e-07,-0.24832408927482968,-2.233619473885521e-06,7.461515998350878e-07,-0.6723777980683024,-5.422031272893871e-07,5.53337143983683e-07,-0.18820553130301557,-6.685276582287584e-07,4.1335245800805386e-07,-0.2528356911907844,-6.105983914387729e-07,4.092543055091573e-07,-0.2872090723874972,-1.8528732462649013e-07,3.334029681504555e-07,-0.09579292033428564,-9.350628012925311e-07,2.5400888878157247e-07,-0.6047092032174275,-2.9810044482147846e-07,2.781251446649796e-07,-0.21627911677988193,-3.307089992668519e-07,1.7274825609813508e-07,-0.30376186275746037,-5.036450760744582e-07,1.3275374598852742e-07,-1.2808562633777199,-9.829613916668307e-08,6.547932690053666e-08,-0.36951752797521703,-1.2419181123006027e-07,4.035963635696097e-08,-0.672167623121578
73.5,2.1870396765256174e-07,1.619178662481313e-06,0.023379118611950828,-2.852186356181602e-06,1.1264200725379975e-06,-0.3469127510294974,-1.6012684510265653e-06,9.923908480027953e-07,-0.2697609703285274,-1.7099149036613111e-06,1.056923035836316e-06,-0.33469740638184436,-2.434119142083438e-06,7.273487580053417e-07,-0.5649468460586738,-1.699968010766889e-06,5.173207086474871e-07,-0.41559454116959743,-1.1217996116638491e-06,6.377478214352745e-07,-0.31908029324680937,-2.2478617487597253e-06,7.297844871132173e-07,-0.6766650947772367,-5.982244780145682e-07,5.769733606812677e-07,-0.20765124739516558,-8.605849584023031e-07,4.7654021260007735e-07,-0.32547134005274686,-6.244546114858552e-07,4.262129515261737e-07,-0.29372666588646174,-2.05041654156887e-07,3.3514502210205617e-07,-0.10600584190772387,-9.71140310807626e-07,2.637742322712949e-07,-0.6280406864106264,-2.6013627398009174e-07,2.7394872668491944e-07,-0.1887351882769478,-3.3329265304648165e-07,1.80793280970499e-07,-0.30613499287052215,-5.109652278367858e-07,1.367171783091483e-07,-1.2994726713980904,-9.867135107922297e-08,6.425052734033173e-08,-0.37092803483300407,-1.270777534561649e-07,4.11686134025418e-08,-0.6877873077640176
74.0,-2.5090583153012534e-07,1.5819590242370177e-06,-0.02682144845717545,-3.2806153738244207e-06,1.1770428865069738e-06,-0.3990227714035911,-1.827826005382331e-06,1.0700275230433701e-06,-0.30792845290091436,-1.986519512489411e-06,1.0866919522189507e-06,-0.3888397762563905,-2.420495409249315e-06,7.521299051764298e-07,-0.5617848459892787,-1.8804238482662516e-06,5.128363936620147e-07,-0.4597109366028801,-1.366389126432828e-06,7.696763551792081e-07,-0.3886503780339011,-2.2379345596203914e-06,7.061306918594768e-07,-0.673676751573503,-6.435283891749513e-07,5.932127276755837e-07,-0.2233768052920195,-1.0468274252179875e-06,5.398626401367348e-07,-0.39590783171740035,-6.40648483742906e-07,4.417581585473914e-07,-0.3013438281563292,-2.2860251263014156e-07,3.342832383255197e-07,-0.11818672607389948,-1.0005658170909887e-06,2.7299510483371955e-07,-0.647070290020443,-2.1601263434002005e-07,2.69159499616039e-07,-0.15672241548090765,-3.3328404664649016e-07,1.8825809757043516e-07,-0.3061270877451737,-5.174443038391725e-07,1.4082830507657402e-07,-1.3159500787486,-9.934463992922427e-08,6.292787753578058e-08,-0.37345908064594163,-1.2975633250664828e-07,4.198409476516211e-08,-0.7022846735393778
74.5,-7.114551380671797e-07,1.5497436418055213e-06,-0.07605346276286276,-3.6646086228943014e-06,1.2305415679324584e-06,-0.445728048610627,-2.03023387119418e-06,1.1455360570757617e-06,-0.34202750871415155,-2.238503392546289e-06,1.111970857833487e-06,-0.43816290393045404,-2.3836946621600283e-06,7.712888657952663e-07,-0.5532435771412385,-2.0287944539159468e-06,5.163565523733383e-07,-0.495983391959392,-1.6032361670405273e-06,8.966123598789432e-07,-0.45601822375783907,-2.20457715367165e-06,6.763940437091142e-07,-0.6636353011727915,-6.774394127076189e-07,6.01246269063914e-07,-0.23514774846769104,-1.2244124949954847e-06,6.009965192862248e-07,-0.4630701148476419,-6.589104392650091e-07,4.554247262232741e-07,-0.309933761210568,-2.5570135041868354e-07,3.309161100666451e-07,-0.13219673358338457,-1.0230469613032662e-06,2.8149689312276417e-07,-0.6616089443067976,-1.6613908952310972e-07,2.640540020934342e-07,-0.12053794675211077,-3.3073372272427606e-07,1.9502014055983935e-07,-0.30378457167526307,-5.230377226830897e-07,1.4507085743862699e-07,-1.3301751072463812,-1.0031576629156762e-07,6.157489454884366e-08,-0.3771097653605892,-1.3221018587273913e-07,4.279170397082461e-08,-0.7155657487426271
75.0,-1.154088854583651e-06,1.5226225744423134e-06,-0.12337032798099583,-3.9962657355208135e-06,1.2857676112704663e-06,-0.4860676572376719,-2.204406724184428e-06,1.2156382025604029e-06,-0.3713698952436653,-2.463029865549572e-06,1.1320513894837194e-06,-0.4821115402148401,-2.3241165886274887e-06,7.843279418458764e-07,-0.5394158050513109,-2.141635747661234e-06,5.269434844986754e-07,-0.5235699261777039,-1.8287084576106284e-06,1.014764853347596e-06,-0.5201506800772265,-2.1488320404228353e-06,6.422210900799348e-07,-0.6468545661650936,-6.99560585120473e-07,6.006648511939978e-07,-0.2428262858966807,-1.3905822283093548e-06,6.581165359335853e-07,-0.5259151428135967,-6.788632396172182e-07,4.668968310501279e-07,-0.31931902222835035,-2.859493465802904e-07,3.2526123123705314e-07,-0.14783484532374014,-1.0383976283672796e-06,2.891432155425498e-07,-0.6715362878352795,-1.1110236682583693e-07,2.5895315466655117e-07,-0.0806074670020591,-3.257396601979674e-07,2.0102112807469811e-07,-0.299197439970103,-5.277095638522267e-07,1.4942711561310952e-07,-1.3420564048252948,-1.0158007357052614e-07,6.025517610677563e-08,-0.38186258377525356,-1.3442745302927618e-07,4.357657280569649e-08,-0.7275663402443823
75.5,-1.570529460841776e-06,1.5001255427343434e-06,-0.16788718989732046,-4.269103581573507e-06,1.3418624262650219e-06,-0.5192530511562577,-2.3466835029294937e-06,1.277599692324845e-06,-0.39533884427584065,-2.6579655750073835e-06,1.1466042514061934e-06,-0.5202681035777486,-2.2425906778377405e-06,7.909106129041329e-07,-0.5204940499997867,-2.2162560723904273e-06,5.428802598021559e-07,-0.5418125045211432,-2.0393663709186137e-06,1.121411078372057e-06,-0.5800693928795756,-2.0720636618956817e-06,6.057533284940419e-07,-0.6237452792346883,-7.096843111331176e-07,5.914293836320881e-07,-0.24634035864373627,-1.5427203530122152e-06,7.097158770252882e-07,-0.5834534472386249,-7.001695405495357e-07,4.759621771281229e-07,-0.3293409335412192,-3.1886708103483084e-07,3.176763295164185e-07,-0.16485320273456402,-1.0465479078163861e-06,2.9583301854475845e-07,-0.6768071092013481,-5.165219787827834e-08,2.541878202167151e-07,-0.03747492474740791,-3.18453314797409e-07,2.0625595307025e-07,-0.29250480730369666,-5.314297460179194e-07,1.5387698615958458e-07,-1.3515174694801373,-1.0312950661527091e-07,5.902935895817408e-08,-0.3876872547471859,-1.3639305364572946e-07,4.432459727269384e-08,-0.7382048282516167
76.0,-1.9533394735166943e-06,1.4813023175874925e-06,-0.20880899295480826,-4.477800416147041e-06,1.3981258068037136e-06,-0.5446369440621822,-2.4539858288361142e-06,1.329176358394771e-06,-0.4134157504538901,-2.821900124512917e-06,1.15563401361846e-06,-0.5523565241291997,-2.1403758577638635e-06,7.908543726670268e-07,-0.49677050285584323,-2.2507975087670493e-06,5.620623498696762e-07,-0.550256917775605,-2.231961980270906e-06,1.21451162449125e-06,-0.6348505346015181,-1.9758775263800887e-06,5.69663187942912e-07,-0.594790740308606,-7.078170756669474e-07,5.738582768691951e-07,-0.24569221770671282,-1.6784115387877906e-06,7.545699253550425e-07,-0.6347715555050226,-7.225301065246283e-07,4.825264679504184e-07,-0.3398587427949138,-3.5385196058434577e-07,3.08647489957066e-07,-0.1829402671700129,-1.0475562523960369e-06,3.014805982610152e-07,-0.6774592100511374,1.1302312330249263e-08,2.5006790788063876e-07,0.008200102250167976,-3.090770830323664e-07,2.1076738282506775e-07,-0.28389257832622994,-5.341837651535504e-07,1.5839896045480635e-07,-1.3585214149705396,-1.0494624074304666e-07,5.795212020519803e-08,-0.3945167712426969,-1.3808961289179153e-07,4.5022546924703215e-08,-0.7473871743710238
76.5,-2.2958973769677615e-06,1.464920506968637e-06,-0.24542790729003655,-4.61783620594576e-06,1.4540657960105744e-06,-0.5616695622066359,-2.5239411192127377e-06,1.3685639040590512e-06,-0.4252009117736636,-2.9540684807405196e-06,1.1595099545734813e-06,-0.5782270548441552,-2.0190865782219795e-06,7.841436058483968e-07,-0.468619869325528,-2.2442958092095807e-06,5.823644684980292e-07,-0.5486674344280978,-2.4033994205198044e-06,1.2923726121020337e-06,-0.6836135294709552,-1.8622460225182025e-06,5.371145070674962e-07,-0.5605846898818803,-6.941750590119163e-07,5.486523577210671e-07,-0.24095690198575723,-1.7954329878195278e-06,7.916070354358957e-07,-0.6790288103633731,-7.456774194564191e-07,4.866239753243173e-07,-0.35074661667178003,-3.9022341311427666e-07,2.9877463913881506e-07,-0.20174418514802556,-1.0415751205972547e-06,3.060279624586557e-07,-0.6735911859575894,7.674066717153288e-08,2.468428971640528e-07,0.0556772188880751,-2.9783544853001824e-07,2.1462498438971763e-07,-0.27356694508237495,-5.359745433361928e-07,1.6297168822078374e-07,-1.3630756726423023,-1.070043125265837e-07,5.7065222321902596e-08,-0.40225353083768534,-1.3950556428489872e-07,4.56588057748675e-08,-0.7550507769301125
77.0,-2.5925962589827252e-06,1.449587336202092e-06,-0.2771445625894988,-4.6859659468182165e-06,1.5094927201972784e-06,-0.5699562142277305,-2.554796572283963e-06,1.394335083757416e-06,-0.4303990388928758,-3.0541519205714283e-06,1.1589040386444691e-06,-0.5978173091085356,-1.880698299513755e-06,7.709388951254281e-07,-0.4365006438381586,-2.1967729530370284e-06,6.018952091363144e-07,-0.5370494278062021,-2.5511166693181314e-06,1.353705249638853e-06,-0.7256296458736643,-1.7333579389106912e-06,5.115266324864432e-07,-0.5217860104888731,-6.691136814687085e-07,5.169071840304695e-07,-0.23225778234164002,-1.8917663684009937e-06,8.199234509980329e-07,-0.715461883197774,-7.693645869945888e-07,4.883686689041802e-07,-0.36188842364590984,-4.272259430057938e-07,2.887522909389589e-07,-0.22087436798816554,-1.0288385232100876e-06,3.0945860765740244e-07,-0.6653543727221055,1.4356317133523096e-07,2.447208920011192e-07,0.10415856949524903,-2.8495493567348545e-07,2.1790487605433236e-07,-0.26173597408598337,-5.36810835976744e-07,1.6757386991045651e-07,-1.3652025090148838,-1.0927127533059139e-07,5.6398071924155164e-08,-0.41077555925558906,-1.4063787134143112e-07,4.6224033620719195e-08,-0.7611792014638626
77.5,-2.8388926686428244e-06,1.4339042518570047e-06,-0.30347327092042714,-4.680676747576431e-06,1.5642153554631008e-06,-0.5693128864677003,-2.5455401819550614e-06,1.4054892257755592e-06,-0.42883964213135006,-3.122475244597497e-06,1.1547420613148866e-06,-0.6111908631362517,-1.7275429941907299e-06,7.515586301655073e-07,-0.40095406552838153,-2.10905972165452e-06,6.191015277649677e-07,-0.5156060006828461,-2.6729036301501943e-06,1.3976054906322008e-06,-0.7602702526022542,-1.5914989196013791e-06,4.960265511051885e-07,-0.47908274068195306,-6.332261548705107e-07,4.801342188932025e-07,-0.2198007700696322,-1.9657656287653545e-06,8.388555636416887e-07,-0.7434482408473596,-7.933263726403541e-07,4.879475339213603e-07,-0.3731594035969901,-4.6404478703837093e-07,2.7929997538487497e-07,-0.2399095858603162,-1.0097507522912943e-06,3.117442498409303e-07,-0.6530102277860167,2.1060275089153989e-07,2.4378420373352956e-07,0.15279741357485516,-2.706842083807631e-07,2.2069946456680882e-07,-0.24862806739172616,-5.367174842913251e-07,1.7218485788404388e-07,-1.3649650995838265,-1.1171774113824598e-07,5.5966886788426226e-08,-0.41997238026182876,-1.4148084986427587e-07,4.6709423744799985e-08,-0.7657416831962004
78.0,-3.031344690470155e-06,1.4166109128912929e-06,-0.3240460967987336,-4.601596768358244e-06,1.6182006884379827e-06,-0.5596943518714321,-2.495923373400865e-06,1.4014291485618781e-06,-0.42048084482187714,-3.1597809508280704e-06,1.1481552564461286e-06,-0.6184930529071463,-1.5621451412588298e-06,7.265249047851226e-07,-0.36256605331350933,-1.9828561754723226e-06,6.327941391232666e-07,-0.4847527701882879,-2.7668472270989206e-06,1.4235206838512118e-06,-0.7869912018265101,-1.4390796749977113e-06,4.926745554331879e-07,-0.43320056725535233,-5.873159590182599e-07,4.403952418504923e-07,-0.20386476312368426,-2.016131437334206e-06,8.479266881864096e-07,-0.7624964789645787,-8.173168075914348e-07,4.856237790512935e-07,-0.3844438594112885,-4.998067985855115e-07,2.710812458166552e-07,-0.2583984249108816,-9.848085329534215e-07,3.128695658842374e-07,-0.6368799854521001,2.7663359827445634e-07,2.440283962679183e-07,0.2007043979497251,-2.552656648438193e-07,2.230872512283473e-07,-0.2344658718779299,-5.35729799923958e-07,1.7678320360133304e-07,-1.362453247948062,-1.143151731896213e-07,5.577274287207462e-08,-0.429736717689978,-1.42032806831927e-07,4.710712915784697e-08,-0.7687290589284391
78.5,-3.1678566438692783e-06,1.3967275358251195e-06,-0.33863901518390593,-4.449918132987287e-06,1.671416549923484e-06,-0.5412456090132048,-2.4063844441220035e-06,1.3819307658651202e-06,-0.4053964856508974,-3.1675841548894425e-06,1.14033359428416e-06,-0.6200204459693491,-1.3872244620862526e-06,6.965448225704873e-07,-0.3219678408840204,-1.8207343227407424e-06,6.422211555628162e-07,-0.4451185202654608,-2.8315004417342985e-06,1.4312545437307679e-06,-0.8053809092846965,-1.2785389792816556e-06,5.01776996465269e-07,-0.3848736249323883,-5.322858476948403e-07,4.004485384993585e-07,-0.1847631187066455,-2.0419483702181104e-06,8.468139005505436e-07,-0.7722603862461748,-8.411936380321778e-07,4.8172278631322e-07,-0.3956748787172524,-5.335758179318784e-07,2.6462789902024584e-07,-0.27585689373239647,-9.545400486923003e-07,3.1285745447890506e-07,-0.6173052242971907,3.403538371893519e-07,2.454364982191834e-07,0.24693497973154643,-2.389379435205311e-07,2.2513833263554036e-07,-0.21946858104296033,-5.339068917004757e-07,1.8134791571253687e-07,-1.3578172780428088,-1.1701650393623816e-07,5.580153790271442e-08,-0.4398916339277425,-1.422960449074047e-07,4.741235464955414e-08,-0.7701537914430586
79.0,-3.2474006619861155e-06,1.37365851882e-06,-0.3471421486861706,-4.227749053055143e-06,1.7238837926301794e-06,-0.5142230806479352,-2.2780643651112197e-06,1.347161270251893e-06,-0.38377878063435855,-3.1476880816454796e-06,1.1324911036571305e-06,-0.6161260041479001,-1.2056867723339976e-06,6.625119304278154e-07,-0.27983385348251183,-1.6261342773134989e-06,6.470461575843131e-07,-0.3975442623507875,-2.8658670598070394e-06,1.4209610755243631e-06,-0.8151560156927714,-1.1123474647040717e-06,5.217469319528932e-07,-0.3348456385471661,-4.6910196224433905e-07,3.6387696672933963e-07,-0.16283119664184773,-2.042764686019427e-06,8.354347315448715e-07,-0.7725691150883032,-8.648337042860917e-07,4.766349209053311e-07,-0.40679453051320114,-5.64455941952593e-07,2.6021331313711634e-07,-0.2918218134385459,-9.194727788284057e-07,3.117663135661691e-07,-0.5946270675048405,4.0043352508901794e-07,2.479063210762505e-07,0.290524253283729,-2.2191510349712418e-07,2.269015224788517e-07,-0.20383281181262283,-5.31325356304005e-07,1.8585805278148414e-07,-1.3512519884395169,-1.1978461407058126e-07,5.6029733568388704e-08,-0.4502975890616579,-1.4227092296249929e-07,4.762071631888424e-08,-0.7700178230742264
79.5,-3.270058974088762e-06,1.347196531573653e-06,-0.3495642874881329,-3.938591153595341e-06,1.775515506444828e-06,-0.4790526710545714,-2.1127769053194507e-06,1.2976782717724705e-06,-0.35593329007468394,-3.102318137786291e-06,1.125737727294729e-06,-0.607245326808434,-1.0205299670503542e-06,6.255219799445393e-07,-0.23685988751560327,-1.4032819433851973e-06,6.472579231639202e-07,-0.34306311159917696,-2.8693644097231323e-06,1.3931315090195316e-06,-0.8161507882218495,-9.429879838166225e-07,5.496768548258843e-07,-0.28386401156349567,-3.9883662836448075e-07,3.350768547133297e-07,-0.13844121467853018,-2.0185505106652473e-06,8.139559001893983e-07,-0.7634113671822413,-8.88060887892019e-07,4.7081990022000774e-07,-0.4177199734085112,-5.915815720263321e-07,2.5783332812328414e-07,-0.3058456724688873,-8.80129353745727e-07,3.0963571139630985e-07,-0.5691835024301689,4.555924079375822e-07,2.5125784328149557e-07,0.3305433631921249,-2.043979801269936e-07,2.2840235710403866e-07,-0.1877430348883199,-5.280677603928559e-07,1.9028961584113434e-07,-1.3429673603858276,-1.225856738737841e-07,5.642708332954508e-08,-0.4608274094896517,-1.4196987276874622e-07,4.7729023602543585e-08,-0.7683884387277784
80.0,-3.2371421087303717e-06,1.317663514294264e-06,-0.34604552508154507,-3.587380999487917e-06,1.8262057367803317e-06,-0.43633481691196413,-1.9130622960402476e-06,1.2344645823578554e-06,-0.3222879592412428,-3.0341153565229616e-06,1.1209351500812802e-06,-0.5938953677268527,-8.347533725303499e-07,5.868413335988754e-07,-0.19374207157510487,-1.1568511843361224e-06,6.431860304972106e-07,-0.28281769663347156,-2.8418999173241018e-06,1.3486072589550745e-06,-0.8083388954404287,-7.73134967461467e-07,5.821232277185448e-07,-0.23273381751416128,-3.2275311483997554e-07,3.186166163474538e-07,-0.1120316693152164,-1.969682851708481e-06,7.827873844637055e-07,-0.7449297259559905,-9.107971114280718e-07,4.647765957829274e-07,-0.42841448188239944,-6.141271378697447e-07,2.572021979420688e-07,-0.31750165377836453,-8.371948267307233e-07,3.0654026750990336e-07,-0.5414175560297008,5.046959571718093e-07,2.552244493090835e-07,0.36616918141422133,-1.8660397459769774e-07,2.296695113884124e-07,-0.17139893697299827,-5.242488522217451e-07,1.9462429919438724e-07,-1.3332552184775677,-1.253722399174515e-07,5.696097914396648e-08,-0.4713027445813952,-1.4140132831634127e-07,4.773907546376103e-08,-0.7653112859797275
80.5,-3.1510734514854927e-06,1.2859615019499477e-06,-0.3368449176664295,-3.180260083268157e-06,1.8757496397788278e-06,-0.3868165108092286,-1.68201730892834e-06,1.1589311598010919e-06,-0.283364492115607,-2.9459232175032666e-06,1.118649459288649e-06,-0.5766327073862971,-6.513118751410906e-07,5.479295058643171e-07,-0.15116621996841717,-8.920607179065533e-07,6.354416721598117e-07,-0.21808384769931619,-2.7839182609083123e-06,1.288656651423562e-06,-0.7918468199041879,-6.053242432539817e-07,6.158003455180598e-07,-0.18221840674072393,-2.42140088122867e-07,3.176168045277533e-07,-0.08404987290049372,-1.8969954905715039e-06,7.426630434719337e-07,-0.7174395257111816,-9.32948483828189e-07,4.590701624975511e-07,-0.43883389210088447,-6.313767642033402e-07,2.577837220970939e-07,-0.32641965226801445,-7.912898868965193e-07,3.025644047711152e-07,-0.5117306306675602,5.467327197978594e-07,2.5949795706125034e-07,0.39666787422392963,-1.6874770771469947e-07,2.3074071650522963e-07,-0.1549976509411743,-5.19995907879924e-07,1.9883921705168374e-07,-1.3224392477537454,-1.280963954173852e-07,5.7597390487050795e-08,-0.48154346425451106,-1.405830483794795e-07,4.765678915135988e-08,-0.7608824812561249
81.0,-3.0152209732747653e-06,1.2535578281941466e-06,-0.3223224961671464,-2.724564866817548e-06,1.9237713821137826e-06,-0.3313900900119904,-1.4233141948585143e-06,1.0730199584825542e-06,-0.23978154196521398,-2.840980409878008e-06,1.1190428420711628e-06,-0.5560912842690447,-4.730418114117624e-07,5.104155907649774e-07,-0.10979063218007282,-6.144540569658558e-07,6.24827188118141e-07,-0.15021679834982476,-2.6963997415153153e-06,1.214949321741804e-06,-0.7669533946060412,-4.4194547863803547e-07,6.478676421528644e-07,-0.13303713155579078,-1.58331409900844e-07,3.320404178390349e-07,-0.05495882561820693,-1.80175924495403e-06,6.946750018927248e-07,-0.6814213869091069,-9.54328919315766e-07,4.5436071624842757e-07,-0.448890674316046,-6.427051172001802e-07,2.588957629534161e-07,-0.33227637246370245,-7.430173551844161e-07,2.978086766891544e-07,-0.48051257328300423,5.808001200024412e-07,2.6375573182277594e-07,0.4213846009354452,-1.5105206800104567e-07,2.316852644863873e-07,-0.1387439037071384,-5.154447383009918e-07,2.0290172818061624e-07,-1.310864838834065,-1.3071232214432916e-07,5.830339346821682e-08,-0.49137732737161177,-1.395402576151622e-07,4.749116435117657e-08,-0.7552385488380217
81.5,-2.8336122881929083e-06,1.2224312011969798e-06,-0.3029088063513576,-2.228187897639674e-06,1.9698365847082766e-06,-0.27101552873833135,-1.141104807273208e-06,9.792660723122903e-07,-0.1922385592866845,-2.722387663385863e-06,1.1219565749617924e-06,-0.5328780327899042,-3.025480496899961e-07,4.7605308170403095e-07,-0.070219885090451,-3.298204848951639e-07,6.12305149521222e-07,-0.08063186614111878,-2.580603229350178e-06,1.129583991491269e-06,-0.7340166876626254,-2.8541092122924054e-07,6.760593349174643e-07,-0.08591614149340017,-7.273303128375657e-08,3.586684997370778e-07,-0.025246550798170207,-1.6856794949576874e-06,6.404065144127252e-07,-0.6375202805564719,-9.748017624136881e-07,4.512780031789874e-07,-0.4585205494643146,-6.47590990392202e-07,2.598258427452044e-07,-0.33480235238375494,-6.929859835660834e-07,2.923760602036147e-07,-0.4481570664385693,6.061724942418564e-07,2.676679297797666e-07,0.4397928750136527,-1.3373613996304994e-07,2.325903768472408e-07,-0.12283892813085708,-5.107452543369462e-07,2.0678509255736591e-07,-1.298913240861724,-1.331795822567252e-07,5.905480586184748e-08,-0.5006523188955256,-1.3829947620476192e-07,4.7255714465689554e-08,-0.7485230248177043
82.0,-2.6112280212392923e-06,1.1949919474234907e-06,-0.27913626939034636,-1.700897937502438e-06,2.01330656985708e-06,-0.20688100601859796,-8.399220175635528e-07,8.809337734005319e-07,-0.14149918354600707,-2.5937832637938363e-06,1.1268289000005772e-06,-0.507705108160392,-1.422459284632384e-07,4.4658921268913524e-07,-0.033014566649852015,-4.398921561998813e-08,5.990341176560058e-07,-0.010754130528463433,-2.4380252835393547e-06,1.035300470427982e-06,-0.6934623744975772,-1.3807889425658085e-07,6.987214667842802e-07,-0.04156535343884818,1.3193794552830045e-08,3.927659293372624e-07,0.004579732186592306,-1.5507894223608737e-06,5.820794577638434e-07,-0.5865051515337617,-9.941762401455808e-07,4.503911468339875e-07,-0.4676337830649751,-6.455523632084615e-07,2.5989448454766397e-07,-0.33374838902281256,-6.418144998996447e-07,2.863387244479137e-07,-0.41506424414619253,6.22329629064948e-07,2.709385505267326e-07,0.4515152689581651,-1.1702983957587698e-07,2.3357795415959778e-07,-0.10749390596138629,-5.060531552032641e-07,2.1046168976861123e-07,-1.2869804237862377,-1.3544717335975647e-07,5.982770441093783e-08,-0.5091767092322593,-1.368856819214556e-07,4.6966858777350426e-08,-0.7408710972583865
82.5,-2.3534398309083108e-06,1.1738602628739027e-06,-0.25157910733610056,-1.1529625198019516e-06,2.0533185700308774e-06,-0.14023536670790013,-5.246045305521091e-07,7.823269859546488e-07,-0.08837857706479646,-2.4586098588157317e-06,1.1328435270208637e-06,-0.48124637155244704,5.692934258738195e-09,4.235883495560906e-07,0.0013213014920628197,2.3715745206348171e-07,5.862010520604717e-07,0.0579783512695692,-2.270622375787925e-06,9.356156363569396e-07,-0.6458469462692952,-2.2400284255358584e-09,7.147966366455629e-07,-0.0006743070599004819,9.798992767286019e-08,4.2973231778061673e-07,0.034013537495093865,-1.3994869195737405e-06,5.228793392272673e-07,-0.5292828774809052,-1.0122314339121222e-06,4.5217055676402913e-07,-0.47612646094649697,-6.362874033042543e-07,2.585197897820524e-07,-0.32895843607922526,-5.901746600139486e-07,2.798080730765968e-07,-0.3816685338384037,6.289701491684478e-07,2.733124453256803e-07,0.4563331276628177,-1.0116387484664241e-07,2.3480291211979083e-07,-0.09292074644265308,-5.015301505301989e-07,2.1390274479207497e-07,-1.2754776430781707,-1.3746976825795582e-07,6.06091722632666e-08,-0.5167801031520404,-1.353179336518219e-07,4.664609972090622e-08,-0.7323859192292125
83.0,-2.0657949971605324e-06,1.1615441396962265e-06,-0.22083031590590807,-5.945307115631818e-07,2.0887043069039825e-06,-0.07231304654161098,-2.0028032484642886e-07,6.891858922151748e-07,-0.033740635265528625,-2.320119516756411e-06,1.139046685499391e-06,-0.4541383802735019,1.3940873941221145e-07,4.081987860523609e-07,0.032356069299275356,5.078942754296429e-07,5.74852009924306e-07,0.1241659178425517,-2.0805439019932e-06,8.35187539862977e-07,-0.5917817687387283,1.1999461640350036e-07,7.238465884359723e-07,0.03612151348997924,1.8016886721879268e-07,4.657735770439194e-07,0.06253888196605217,-1.2344115452419402e-06,4.6735615622511786e-07,-0.46685173367701405,-1.0287425307834082e-06,4.5695838834260144e-07,-0.4838928371489106,-6.196939427273037e-07,2.5528483079873533e-07,-0.32037967306711856,-5.385511876788459e-07,2.7284307353775986e-07,-0.3482834084971694,6.25936255728239e-07,2.745511983362956e-07,0.45413196424608554,-8.635440000954804e-08,2.3646317255349665e-07,-0.07931799092965416,-4.973203826721593e-07,2.1707978859723153e-07,-1.2647714775967889,-1.3921274249833215e-07,6.139399290695715e-08,-0.5233323394665939,-1.3363653649801337e-07,4.632013537583668e-08,-0.7232856354246284
83.5,-1.754580553978395e-06,1.1600150433035755e-06,-0.18756196938708258,-3.651418426125599e-08,2.118254667037324e-06,-0.004441237188522528,1.2754799978374913e-07,6.090539977788399e-07,0.021487635107697592,-2.1815917825848987e-06,1.1444292653032551e-06,-0.42702306989175065,2.573565132346479e-07,4.0088000977486786e-07,0.059731156109361805,7.627601901906067e-07,5.658180974192482e-07,0.1864734920051205,-1.8701943594443743e-06,7.403498803529663e-07,-0.5319507677088192,2.2678288169151806e-07,7.261453026600096e-07,0.06826757037807885,2.5820330966120684e-07,4.979397948677123e-07,0.08962561931710879,-1.0581815253945603e-06,4.218046085826234e-07,-0.40020192745249544,-1.0434508965897283e-06,4.6491843879450823e-07,-0.49081125711004936,-5.957403221785305e-07,2.4991378661529094e-07,-0.3079957322359157,-4.875047465819049e-07,2.655572881045667e-07,-0.3152714517813771,6.133080356955457e-07,2.7448319777837453e-07,0.4449698837372538,-7.286218132138049e-08,2.387953755464461e-07,-0.06692515768189079,-4.935697684685894e-07,2.19973081899535e-07,-1.2552330190227479,-1.4062507186700863e-07,6.21786579619598e-08,-0.528641606559121,-1.3187342560884256e-07,4.6017515589567466e-08,-0.7137430895519512
84.0,-1.4261688235041583e-06,1.170445159166639e-06,-0.1524552592403759,5.097566501831757e-07,2.140488379077558e-06,0.06200193808772535,4.5349324860921775e-07,5.51027101270037e-07,0.07639866925738184,-2.0460996773852066e-06,1.14795187248e-06,-0.40050195115160114,3.583128990213208e-07,4.0129648208971474e-07,0.08316262696614393,9.966453938533615e-07,5.596130685828615e-07,0.2436518702375032,-1.6422469051161826e-06,6.597956940616101e-07,-0.4671142854925123,3.1656908094693263e-07,7.227169698072974e-07,0.09529556133987847,3.3067808384431866e-07,5.240537231422751e-07,0.11478252582443432,-8.736186172478513e-07,3.9394092751499113e-07,-0.330400641185463,-1.0559840930866588e-06,4.76076738149282e-07,-0.49670653588969316,-5.645534748285505e-07,2.422544243666765e-07,-0.2918722376056357,-4.3759813346501347e-07,2.580532636241284e-07,-0.28299662680547216,5.914147362723676e-07,2.7300843193584706e-07,0.4290857629823247,-6.094985742252731e-08,2.4206571112800807e-07,-0.055983484775173044,-4.904009180748751e-07,2.225544748210728e-07,-1.2471740861207694,-1.4167376318779315e-07,6.296643665842742e-08,-0.5325838755815924,-1.300621728585646e-07,4.57663725796052e-08,-0.7039399838240586
84.5,-1.0869532837679067e-06,1.1929755781681278e-06,-0.1161936384584913,1.0328450349421621e-06,2.153821429589538e-06,0.12562542124303222,7.722539899380582e-07,5.235725344253685e-07,0.13009935063181438,-1.916495531302248e-06,1.1487397107472056e-06,-0.3751333369255846,4.4140209535701094e-07,4.083900048619315e-07,0.10244721275318959,1.2048474744607278e-06,5.563460960870493e-07,0.294551444589811,-1.3994454402853059e-06,6.043821223735043e-07,-0.3980527866352582,3.882287866175161e-07,7.153479713733729e-07,0.11686700431498527,3.962296879137837e-07,5.425456933776814e-07,0.13753631282919634,-6.835289990870264e-07,3.9063861362887205e-07,-0.258509165336548,-1.0660173989440795e-06,4.902412754664429e-07,-0.5014259333016314,-5.264308193629932e-07,2.3232908726004233e-07,-0.2721629536311103,-3.892708235860752e-07,2.504199844318852e-07,-0.2517431441408443,5.607240939113447e-07,2.701227984903001e-07,0.4068189561440311,-5.086742342914658e-08,2.465246561063699e-07,-0.046722596992415176,-4.879138497184588e-07,2.2480134881092784e-07,-1.2408490424876746,-1.423363700623001e-07,6.376633630285289e-08,-0.5350747654208363,-1.2824822481230776e-07,4.55986627534277e-08,-0.6941222902527826
85.0,-7.434890401906985e-07,1.2266340460595634e-06,-0.07947783775426268,1.521718424493859e-06,2.156845241498129e-06,0.18508731864217115,1.0785190040897148e-06,5.299855760670002e-07,0.18169491372572585,-1.7954260673712224e-06,1.1461938382089194e-06,-0.35143529471132673,5.060976435619909e-07,4.206937732910313e-07,0.11746272505106194,1.3831358508854963e-06,5.556985519132437e-07,0.3381379565281727,-1.1444943278602594e-06,5.84497978274199e-07,-0.3255354895437338,4.410299853912879e-07,7.065706739624e-07,0.1327615441781773,4.535588020908888e-07,5.523429669077065e-07,0.15743597007900526,-4.90654371723945e-07,4.139988431966602e-07,-0.18556440512765482,-1.0732975645155756e-06,5.070393444774518e-07,-0.5048503275187368,-4.817815871462597e-07,2.2035797842559278e-07,-0.24907945154403296,-3.4290968488613057e-07,2.427925617294331e-07,-0.22176119297698282,5.218932986076234e-07,2.6590742644174855e-07,0.37864627053405603,-4.2871532249847295e-08,2.5242394144946515e-07,-0.03937823441258093,-4.861887932399356e-07,2.2669974116788082e-07,-1.2364619264407581,-1.4256550858516757e-07,6.458719094785796e-08,-0.5359361492071344,-1.2646466650122952e-07,4.55437071213542e-08,-0.684469076093313
85.5,-4.021169259402476e-07,1.269392747524301e-06,-0.0429856824653724,1.967022005161082e-06,2.1486311069810556e-06,0.23924979995330325,1.3670850349858463e-06,5.654670816269784e-07,0.23030878134329302,-1.6851654685425446e-06,1.1400434337098456e-06,-0.3298529713015197,5.522442157813467e-07,4.3662913256270896e-07,0.12817311304358617,1.5280523975489701e-06,5.570636139191472e-07,0.3735659912541436,-8.800123936591603e-07,6.046977654554962e-07,-0.25030728278923003,4.742658674824613e-07,6.995312700612714e-07,0.14276641272386864,5.014026364097472e-07,5.528808498611148e-07,0.174043167279379,-2.977101682302406e-07,4.6000544544277583e-07,-0.11259333137906004,-1.0774555032229699e-06,5.260659316647275e-07,-0.5068061101345096,-4.3119962939849727e-07,2.0668657832470352e-07,-0.2229287504172767,-2.9884848012742605e-07,2.353292834175496e-07,-0.1932666191519884,4.7579782645089413e-07,2.605481159575027e-07,0.3452028853301882,-3.7245611602638624e-08,2.600258567285234e-07,-0.03421073023425404,-4.852857414443254e-07,2.282370246706548e-07,-1.2341653100267205,-1.4234555176914648e-07,6.544361550514221e-08,-0.5351092815436996,-1.2472069491965607e-07,4.562448461670825e-08,-0.6750301185552329
86.0,-6.85359681209534e-08,1.3186445917566586e-06,-0.007326389845977181,2.359549585616989e-06,2.128139874941646e-06,0.28699311185008064,1.6330524769127727e-06,6.199764969081382e-07,0.2751155313695031,-1.5877016800724254e-06,1.130343889966597e-06,-0.3107754855463812,5.800393277071528e-07,4.547487655801603e-07,0.13462421913237502,1.6368089565566694e-06,5.596524667498033e-07,0.4001539222938571,-6.088488067432939e-07,6.604269714853715e-07,-0.17317857287406005,4.878422445829509e-07,6.979975700497732e-07,0.14685325681136785,5.387169602299831e-07,5.44058654579101e-07,0.1869954388291741,-1.0725692238050978e-07,5.215763045348413e-07,-0.04056433233730634,-1.0780058254663746e-06,5.46782539476512e-07,-0.5070649669268933,-3.75387052638855e-07,1.9186680370927099e-07,-0.19407383694726352,-2.5750786548378876e-07,2.2825346620277119e-07,-0.16653146285327072,4.2339439516748726e-07,2.544155128222563e-07,0.30718292249183066,-3.426095484681536e-08,2.695202832008943e-07,-0.031469272040342146,-4.852451000925884e-07,2.2940952550055813e-07,-1.2340619520621587,-1.4166950423228187e-07,6.635596268737696e-08,-0.5325678651998458,-1.2303136426132492e-07,4.5855972902231545e-08,-0.6658868959705057
86.5,2.517664479332733e-07,1.371428784427615e-06,0.026913447030336,2.6904949206165694e-06,2.0943967745605166e-06,0.32724614663381935,1.8719756781452542e-06,6.831226322778309e-07,0.31536621797808034,-1.504801198408753e-06,1.1175014895267383e-06,-0.2945486100795231,5.899495027046434e-07,4.7383197435608753e-07,0.13692432105094002,1.7073060006265514e-06,5.625320569603763e-07,0.41738847406099217,-3.3428149921134635e-07,7.413583560437499e-07,-0.09508172198164504,4.823050492599089e-07,7.056323017448974e-07,0.14518641640175028,5.648010573616353e-07,5.262634247633223e-07,0.19604955731750573,7.829794613776773e-08,5.91935068723871e-07,0.029612111162328744,-1.0744739591772998e-06,5.686846428583555e-07,-0.50540367194986,-3.150905100338366e-07,1.766521616796745e-07,-0.1629007282964756,-2.1917933472120705e-07,2.2183212297663112e-07,-0.1417442343741812,3.656776267953487e-07,2.4806306062676404e-07,0.26530800447756625,-3.413344332834891e-08,2.8104769252438966e-07,-0.03135215053334273,-4.860718413693646e-07,2.3020811218927277e-07,-1.236164497669882,-1.4053409274134825e-07,6.734229205817575e-08,-0.5282995953479342,-1.2140987217846154e-07,4.6250779718678154e-08,-0.6571108384474399
87.0,5.530013766137708e-07,1.4245240580211041e-06,0.05911499875925548,2.95297319463032e-06,2.047123847118777e-06,0.35917150099442574,2.0798118693702357e-06,7.466622240269351e-07,0.3503797677537552,-1.4375064858490958e-06,1.102546538593634e-06,-0.2813763956560442,5.82823219550243e-07,4.929381093642405e-07,0.13527034646826874,1.7381998043600945e-06,5.648612736774887e-07,0.4249411433502415,-5.962847561386905e-08,8.369111606888132e-07,-0.016960490346857815,4.5828188846312555e-07,7.249990340893005e-07,0.13795481757839143,5.790916483697692e-07,5.004508101121449e-07,0.20101000136135658,2.567783618635369e-07,6.657923610772212e-07,0.0971130121626012,-1.0665974883805491e-06,5.91382961866768e-07,-0.5016987917815853,-2.512104127744332e-07,1.620317747696938e-07,-0.1298749340061651,-1.8406707947769267e-07,2.1636858941662254e-07,-0.11903698534008135,3.038442770635303e-07,2.42252353205414e-07,0.220446406650874,-3.7066257964173595e-08,2.9472305820200143e-07,-0.034045990854820025,-4.877587991270508e-07,2.3063090168254352e-07,-1.240454722100998,-1.3895482826132634e-07,6.842614862861015e-08,-0.5223627812306758,-1.198539881556095e-07,4.682830285524251e-08,-0.6486898736903034
87.5,8.299535338938116e-07,1.4749244375442065e-06,0.08872075947948123,3.1417649782788085e-06,1.986625587359758e-06,0.38213433331262814,2.2530727694223928e-06,8.047011740553774e-07,0.3795685202631172,-1.3864550616257012e-06,1.0869808490964557e-06,-0.2713836297920338,5.599323410461253e-07,5.113692732649978e-07,0.12995748836250465,1.7288061155843663e-06,5.660041431050256e-07,0.4226446496798238,2.1214102185492797e-07,9.387495168268179e-07,0.06034056239576569,4.1666906942645223e-07,7.571082961465207e-07,0.12542827222793343,5.812807271558541e-07,4.682650179335955e-07,0.20176985816642323,4.2626929138442647e-07,7.392741879981443e-07,0.16121410923541515,-1.0542362095547913e-06,6.145298938568979e-07,-0.49588437845386013,-1.8464305678927394e-07,1.4934751935094438e-07,-0.09545983604085757,-1.525333526437029e-07,2.121776242244576e-07,-0.09864398627959112,2.390992070883831e-07,2.3793182989124667e-07,0.1734722850306853,-4.317383948500532e-08,3.1057730375481994e-07,-0.0396559087700379,-4.90278874172948e-07,2.3068799190048983e-07,-1.246863707436223,-1.369376238685343e-07,6.963019615215523e-08,-0.5147796514458806,-1.1836942031202749e-07,4.7601353733515644e-08,-0.6406548959498248
88.0,1.0783003252079522e-06,1.519874307383653e-06,0.11526865046358283,3.2533579067640094e-06,1.913907509016117e-06,0.39570743302693523,2.388767842814915e-06,8.531686710147783e-07,0.40242866881828304,-1.351905448078789e-06,1.0727377422426828e-06,-0.26462091544824623,5.227568783465417e-07,5.285608629682924e-07,0.12132924990046895,1.6791791967895157e-06,5.655970229684775e-07,0.4105122587080063,4.782780903928215e-07,1.0409541259809787e-06,0.13603954908641497,3.586393613731639e-07,8.01200863457314e-07,0.10795981451631509,5.713731536020707e-07,4.3222622476149343e-07,0.1983308146589919,5.851304826751443e-07,8.096214593948867e-07,0.2212950626694106,-1.0373951070198677e-06,6.378391088839137e-07,-0.4879627764567754,-1.16328424275537e-07,1.4015409799156375e-07,-0.060141402018205524,-1.2486152813266035e-07,2.096094436668154e-07,-0.08074849634189436,1.7266476402424344e-07,2.3618709942975147e-07,0.1252724821814135,-5.247616644634698e-08,3.285717593050302e-07,-0.04820025492336412,-4.936129272720453e-07,2.3040180246900203e-07,-1.2553427793010719,-1.3450242818135882e-07,7.097484656053898e-08,-0.5056251973840062,-1.169480483353873e-07,4.857388672868561e-08,-0.6329619553795321
88.5,1.2939529922864608e-06,1.5571267371758438e-06,0.1383215897253957,3.284218282585932e-06,1.830768323659934e-06,0.3994609948694089,2.4846035127842872e-06,8.894441179273019e-07,0.41857382131063886,-1.3338743105855637e-06,1.0622887924532416e-06,-0.26109151469258596,4.729012320660799e-07,5.440916710001687e-07,0.10975800441892865,1.5904091657673237e-06,5.636527905234927e-07,0.38881047368698346,7.361474013429061e-07,1.139388288287262e-06,0.2093868871508905,2.8574196018291034e-07,8.549885249389651e-07,0.0860157928643457,5.49698151814395e-07,3.95978936263061e-07,0.19080714867086485,7.319688185776069e-07,8.747965664659778e-07,0.27682899861690413,-1.0162804380081746e-06,6.610836865189984e-07,-0.4780310036489109,-4.7234083390060844e-08,1.3591886905708366e-07,-0.024419861403731542,-1.0138074829720841e-07,2.0899466309039485e-07,-0.06556337332599348,1.0587118607636146e-07,2.3807568016200672e-07,0.07681211824674267,-6.495999985065101e-08,3.4864103626489275e-07,-0.05966686906949236,-4.977047662117212e-07,2.2979674658748324e-07,-1.265749031210585,-1.3166952588919982e-07,7.247406323039975e-08,-0.49497567380283264,-1.1558739119371273e-07,4.9746847798666787e-08,-0.6255976238044934
89.0,1.4734111378728198e-06,1.5848809632438467e-06,0.15750539016841927,3.2329075690606203e-06,1.7399720499730225e-06,0.39322004895513746,2.538998855369087e-06,9.120597078993783e-07,0.4277376441459798,-1.3317812077062686e-06,1.0583880528307608e-06,-0.26068181237144095,4.1221563198175677e-07,5.576684348379173e-07,0.09567318097044639,1.4640802632258672e-06,5.605048529433833e-07,0.35792659707539304,9.832192317376164e-07,1.2311641119971718e-06,0.27966303208415644,1.9984211266674233e-07,9.152207304519035e-07,0.06015769527762839,5.168627812537859e-07,3.644907211193894e-07,0.17940957818324105,8.656720092966371e-07,9.332441610094734e-07,0.32739525152171933,-9.912540762279243e-07,6.841113602257755e-07,-0.46625927569659387,2.1669374235176647e-08,1.376334643147901e-07,0.011202993210617764,-8.236891406537396e-08,2.1057465142583157e-07,-0.053268336977480076,3.996603797786132e-08,2.4439842085415806e-07,0.02899633175730259,-8.054734217221803e-08,3.706546422912734e-07,-0.07398410914924239,-5.025031853072193e-07,2.2890964276508074e-07,-1.277952238279905,-1.284730210255422e-07,7.413152308862349e-08,-0.4829592855154291,-1.1429099347393773e-07,5.1112754800326767e-08,-0.6185810857148187
89.5,1.6139875609058165e-06,1.601835593120677e-06,0.17253279412184597,3.0999586536739594e-06,1.6454461176486977e-06,0.3770494106364968,2.551262773208741e-06,9.205209926952493e-07,0.4298037101915161,-1.3446026992578198e-06,1.0636117913836434e-06,-0.26319148110352947,3.4270047653537067e-07,5.690750576831409e-07,0.07953906200160256,1.302316827826337e-06,5.568125078103972e-07,0.3183799701464794,1.2171963626854772e-06,1.3142878654482735e-06,0.3462145719310626,1.0299933223335011e-07,9.782102620308525e-07,0.031005489081402476,4.7359452262718776e-07,3.4373727273759876e-07,0.1643906209077901,9.853526125016374e-07,9.838455350875668e-07,0.3726581926446609,-9.628397134048746e-07,7.068128235228489e-07,-0.4528939231124507,8.94276007457891e-08,1.4537189776262935e-07,0.04623376721098676,-6.8191333234626e-08,2.1447717144073364e-07,-0.04409963344669965,-2.397898025558856e-08,2.5556969286998267e-07,-0.01739733288243404,-9.904706645628432e-08,3.9437529835778974e-07,-0.0909764217911278,-5.079810883994501e-07,2.2779186353395553e-07,-1.291883490304739,-1.2495813081707016e-07,7.593535215751277e-08,-0.4697460143539193,-1.1305416553855071e-07,5.2652646524883985e-08,-0.6118869592236654
90.0,1.7139698296699069e-06,1.607366146066465e-06,0.1832207452624536,2.887101148743121e-06,1.5523890247391114e-06,0.3511594534628392,2.5216729624242203e-06,9.153453457292841e-07,0.42481880209321904,-1.3709376073146668e-06,1.0801896922044733e-06,-0.26834625541718554,2.6646696515858016e-07,5.781850028198616e-07,0.06184564631307028,1.1080739458213863e-06,5.535171784338185e-07,0.27089302867992177,1.4361274129489514e-06,1.3873604474105387e-06,0.4084864634458852,-2.471115452579101e-09,1.0402462224930875e-06,-0.0007438702904426996,4.2102127581769126e-07,3.394350148739799e-07,0.14614178509311787,1.0902525839672367e-06,1.025763769419806e-06,0.4123311313255656,-9.317051544733216e-07,7.291724204698651e-07,-0.43824906338909864,1.5517084791404827e-07,1.5831906670891393e-07,0.08022280370445192,-5.911249795682906e-08,2.207236278139529e-07,-0.03822831096505457,-8.496967683523443e-08,2.7150954089894606e-07,-0.06164756537012856,-1.2021169301936967e-07,4.194769665005162e-07,-0.11041649268010054,-5.140869863625196e-07,2.2649697444153078e-07,-1.307411841560548,-1.211619119417549e-07,7.785692276034834e-08,-0.455475164793077,-1.1189381940552704e-07,5.4347101263140426e-08,-0.6056067778291931
90.5,1.7720529255839532e-06,1.6014081372825389e-06,0.18942973910604516,2.596914073615894e-06,1.4671653334902703e-06,0.3158638647551075,2.451129550661165e-06,8.980606665404663e-07,0.4129345616991198,-1.409131550296772e-06,1.109522653584211e-06,-0.27582230795537593,1.8550866966469247e-07,5.849276149179924e-07,0.0430556319251919,8.847307358055474e-07,5.51708831749604e-07,0.21629187248051504,1.6381499745108412e-06,1.4494556100604792e-06,0.46594897057764506,-1.138836475064947e-07,1.0979126484767358e-06,-0.03428195224910015,3.604629498223386e-07,3.545294599383012e-07,0.1251212277684946,1.1798635454097341e-06,1.0584573586486206e-06,0.4462218000147461,-8.986040821530567e-07,7.51135057910081e-07,-0.4226792086213302,2.1799961448630628e-07,1.752099475244205e-07,0.1127050635842909,-5.5286266954697963e-08,2.2924841412411328e-07,-0.03575387064144612,-1.4228058169718627e-07,2.9168272051362436e-07,-0.10322801954496816,-1.4370358889968967e-07,4.4554748522593397e-07,-0.1319942001756025,-5.207612591304554e-07,2.250822072061156e-07,-1.324385667940294,-1.1712249267260503e-07,7.985904640996943e-08,-0.44029006967697465,-1.1083626783285694e-07,5.61762043616982e-08,-0.5998829549789625
91.0,1.7874967746739032e-06,1.5845328669060117e-06,0.1910806628801973,2.2329706571428993e-06,1.3969776218830799e-06,0.27159725799777484,2.3413645330395396e-06,8.713529472269311e-07,0.3944427731156661,-1.457269141443325e-06,1.1518545472980947e-06,-0.28524472241104415,1.019796435712114e-07,5.893552639584313e-07,0.02366896385705704,6.361891153379684e-07,5.525735381557471e-07,0.1555304110497353,1.8217809673234835e-06,1.499976080146694e-06,0.5181802518391493,-2.2845237644979218e-07,1.148148659211108e-06,-0.06877013190325314,2.9351056400264054e-07,3.875780046356675e-07,0.10188121178371885,1.2540440855683758e-06,1.081681096139859e-06,0.47427671728414966,-8.644237062850284e-07,7.726125979869403e-07,-0.406601678472945,2.772170668692024e-07,1.9485066313133015e-07,0.14332028623888537,-5.685835285655822e-08,2.398819134684878e-07,-0.03677054546990597,-1.9535084495367196e-07,3.153114744418967e-07,-0.14173178518430593,-1.691168914937603e-07,4.7209343083711826e-07,-0.15533675254613807,-5.279329256434767e-07,2.2361051638329098e-07,-1.3426244523709028,-1.1289522981641023e-07,8.189072694004779e-08,-0.4243988278238866,-1.0991455733791593e-07,5.8112714263558736e-08,-0.594894349478693
91.5,1.7607860786087993e-06,1.5576091943067958e-06,0.1882253304497135,1.8004098409907531e-06,1.349184450092157e-06,0.2189846850522253,2.1948611493123463e-06,8.391986997958922e-07,0.3697617804155829,-1.5134012364345519e-06,1.2065528137866605e-06,-0.29623197479893504,1.8267002260462553e-08,5.915591394228693e-07,0.00423967961780288,3.669752836664175e-07,5.571207028268879e-07,0.0897151732679523,1.985807025048181e-06,1.5385904384580149e-06,0.5648351820555074,-3.437191060838488e-07,1.1884043248006002e-06,-0.10346842799531772,2.218808682279559e-07,4.338061934035726e-07,0.07701764263069054,1.312849707863397e-06,1.0953891475767753e-06,0.49651687440533526,-8.299867917123631e-07,7.935839261883506e-07,-0.39040347941284403,3.3222555657928687e-07,2.162664087065382e-07,0.17175948942307415,-6.382131789119215e-08,2.5241417109243883e-07,-0.04127352541125755,-2.438197904762336e-07,3.4150733351719446e-07,-0.17689718299224821,-1.9584407716543494e-07,4.984743999400331e-07,-0.17988612895830322,-5.355168060877677e-07,2.22135182425166e-07,-1.3619115678997398,-1.0853633543480381e-07,8.388723825298532e-08,-0.40801275314942775,-1.0919577867046546e-07,6.012624978090963e-08,-0.5910040789071842
92.0,1.6930138799045359e-06,1.5216600024628539e-06,0.18098058638262474,1.3040930405867699e-06,1.3301084162060406e-06,0.1586174421344764,2.014662629756835e-06,8.068929142555961e-07,0.3394042676225876,-1.5754574486379575e-06,1.2718898854565625e-06,-0.308378809258292,-6.362533366924569e-08,5.916982110478118e-07,-0.014767120871127417,8.162265693062452e-08,5.660902695405732e-07,0.01995445234338469,2.1289691729083216e-06,1.5653764346392532e-06,0.6055556633661614,-4.5683136340508807e-07,1.216623584261771e-06,-0.137518171651917,1.4743649421909705e-07,4.879275419324831e-07,0.051177063228462646,1.3564786086059462e-06,1.0997395004888015e-06,0.5130172287876247,-7.96050423029998e-07,8.139356135342128e-07,-0.37444072368645664,3.8250139353333357e-07,2.3869887646963253e-07,0.1977519271345418,-7.625302492175438e-08,2.666998622072944e-07,-0.049313164719646564,-2.8756288416888174e-07,3.6934077833539976e-07,-0.20863386045588383,-2.232439983052731e-07,5.239780195989535e-07,-0.2050534243850866,-5.433977554244688e-07,2.2071119166621137e-07,-1.381954180840492,-1.0410086110282367e-07,8.578201889829577e-08,-0.3913387970363442,-1.0873785918001943e-07,6.219128510023958e-08,-0.5885256654560431
92.5,1.5868226787292055e-06,1.478012966801415e-06,0.16962890989284296,7.495147799890075e-07,1.3430366640467496e-06,0.0911638307573124,1.8049322894144469e-06,7.811761413805312e-07,0.30407161613505984,-1.64159424660985e-06,1.345507609497865e-06,-0.3213243743856528,-1.4175344797650137e-07,5.900097388101561e-07,-0.0329002643986116,-2.1514354771651902e-07,5.798677240796721e-07,-0.052596568542787096,2.250768800696273e-06,1.5806184208408213e-06,0.6401998730341333,-5.652468721958498e-07,1.2312178483869e-06,-0.17015407133378158,7.218792606199316e-08,5.453842170737804e-07,0.025057337913340652,1.385161153594288e-06,1.0950427479378455e-06,0.5238649042696714,-7.632634230402876e-07,8.335499904104856e-07,-0.3590186001017143,4.2767473831188155e-07,2.6163030623564207e-07,0.22110639364393625,-9.407096783549062e-08,2.825812176755969e-07,-0.06083610633110335,-3.265799350841283e-07,3.979469489317805e-07,-0.23694167903816996,-2.506560252172263e-07,5.478507818411453e-07,-0.23023183917026646,-5.514449545679077e-07,2.1939623441951e-07,-1.4024195957033938,-9.965683971816458e-08,8.750802564955773e-08,-0.3746327106096575,-1.0861184098120975e-07,6.428234019890812e-08,-0.5878436128124349
93.0,1.446317920428101e-06,1.4284798334476535e-06,0.15460916678930933,1.4343539310711198e-07,1.3875431456915414e-06,0.017446113473595686,1.5702412990677493e-06,7.695763889961991e-07,0.26453391760443545,-1.7100616710207084e-06,1.424880562654489e-06,-0.33472613451002586,-2.1430134062448462e-07,5.867226909284141e-07,-0.04973826646312864,-5.182233849679658e-07,5.984009149612616e-07,-0.12669109567653536,2.351182507212852e-06,1.5846734588377805e-06,0.6687611549138688,-6.670981289258588e-07,1.2313030667795181e-06,-0.20081395970388213,-1.8020702969319733e-09,6.025411051363832e-07,-0.0006255212864134723,1.3993264630431246e-06,1.0817931275139198e-06,0.5292221931736443,-7.322668941102772e-07,8.523255074145648e-07,-0.34443866598128,4.673835369200864e-07,2.846986286099799e-07,0.241635708260108,-1.1723403966958755e-07,2.999332443528688e-07,-0.07581576619298976,-3.610881633970157e-07,4.2657309230992436e-07,-0.26197823725471125,-2.771873461647819e-07,5.692920375832056e-07,-0.2546013104888939,-5.59510253438862e-07,2.1822049628482447e-07,-1.4229310412939942,-9.527175776781488e-08,8.90035818313463e-08,-0.3581481909123551,-1.0890212310985403e-07,6.637256435999376e-08,-0.5894147167887192
93.5,1.2761186857991663e-06,1.3746339795968851e-06,0.1364151297228469,-5.066052722575769e-07,1.4597091491770015e-06,-0.06161863452716603,1.3153152217310944e-06,7.78871407950934e-07,0.22158727368580103,-1.7783182089660732e-06,1.5065518529587834e-06,-0.34808661588252027,-2.7957547627978125e-07,5.82190780334879e-07,-0.06488806600667202,-8.230554155344404e-07,6.213287796208194e-07,-0.20121398497485804,2.4302895816660737e-06,1.5781521258733683e-06,0.6912620617175297,-7.606182497485566e-07,1.2165809208999667e-06,-0.22896595857791682,-7.243884155906265e-08,6.56705063047328e-07,-0.025144433841160562,1.3996330196683799e-06,1.0606129463948857e-06,0.5293381322156293,-7.037204996785002e-07,8.700218154880613e-07,-0.33101120927698174,5.013224026596642e-07,3.076452527524476e-07,0.25918198709262447,-1.4549518003285383e-07,3.1865408652544414e-07,-0.09409236926977085,-3.912045003625987e-07,4.5452047825056226e-07,-0.28382837157256613,-3.020778974252596e-07,5.875876169855354e-07,-0.27746370683342725,-5.674381359063731e-07,2.1722131413373222e-07,-1.4430930132782749,-9.102371770513285e-08,9.021774612419868e-08,-0.34217884281781674,-1.0968562767063126e-07,6.844382776523416e-08,-0.5936553055449855
94.0,1.0816090073160207e-06,1.3178394773312586e-06,0.11562234350483876,-1.1918303485369951e-06,1.5536735580591446e-06,-0.14496287876677866,1.0449969860622032e-06,8.134049053517674e-07,0.17604755827781546,-1.8444170181829314e-06,1.5874989665164782e-06,-0.3610247451206714,-3.36114932202219e-07,5.767842363884267e-07,-0.07801059018760206,-1.1254475887595998e-06,6.480453951222957e-07,-0.2751403975242884,2.488212905226693e-06,1.5617169620589653e-06,0.7077375452846344,-8.442324995706685e-07,1.187258893041304e-06,-0.2541360315647563,-1.3800852574402077e-07,7.058938433875709e-07,-0.04790449668162166,1.386792373874537e-06,1.0322275422009565e-06,0.5244818281949041,-6.781301616417322e-07,8.863273099712483e-07,-0.3189742020514892,5.293447285530457e-07,3.3033377652455454e-07,0.27366943482979317,-1.7863483728383807e-07,3.387496706113143e-07,-0.11552393055468173,-4.172550844986643e-07,4.811210207088983e-07,-0.30272870341179703,-3.2452874227153896e-07,6.020511718804809e-07,-0.2980851911779813,-5.750350875777131e-07,2.1641545900326557e-07,-1.4624133711911458,-8.697548332150131e-08,9.11068895394839e-08,-0.3269606096828695,-1.1102462684278767e-07,7.048492533759254e-08,-0.6009024169446483
94.5,8.692076287741468e-07,1.2594631378480684e-06,0.0929169619995473,-1.9016543861342952e-06,1.6631001877323588e-06,-0.23129910609499954,7.641668501182792e-07,8.736850283290009e-07,0.12873693405290318,-1.9065087553218515e-06,1.664954466378059e-06,-0.37317853320313155,-3.8290226552829284e-07,5.70940986667925e-07,-0.08886969561965459,-1.4214429279777818e-06,6.779516426851191e-07,-0.34750296341470516,2.5251117351732755e-06,1.5362194372110146e-06,0.7182329041325101,-9.166728131218142e-07,1.1440568190279474e-06,-0.275942457899394,-1.9668734864296943e-07,7.487046813074539e-07,-0.06827265482032953,1.3618255332025298e-06,9.974040827798888e-07,0.5150394239196915,-6.560438073571113e-07,9.008773136057321e-07,-0.3085853746070532,5.512949355990398e-07,3.5275587084488015e-07,0.2850176176540454,-2.1635281431116146e-07,3.6028396519734187e-07,-0.1399163112628417,-4.3960781418589315e-07,5.057750883094822e-07,-0.31894615198779114,-3.4376383165094723e-07,6.120862311278802e-07,-0.31575294921646346,-5.820973044415279e-07,2.157998673604401e-07,-1.480373806293288,-8.320436448787406e-08,9.164658179769382e-08,-0.3127841168834957,-1.1297730434389491e-07,7.249014236768244e-08,-0.6114709607289952
95.0,6.45563987163238e-07,1.2006868750095223e-06,0.0690097998197723,-2.626689659348846e-06,1.7817353251374897e-06,-0.31948548307529395,4.781318856843216e-07,9.565753296615798e-07,0.08054946773261025,-1.9631396188771173e-06,1.7360122879347226e-06,-0.3842634141597957,-4.192563082596091e-07,5.651674259107474e-07,-0.09730728662637916,-1.707513913427406e-06,7.106688958834057e-07,-0.4174393029145512,2.5416357800221623e-06,1.5026035105286863e-06,0.7229329388099923,-9.772420502101103e-07,1.0882199142473663e-06,-0.29417538017655387,-2.467354811688646e-07,7.840525865067709e-07,-0.08564499167838036,1.3258951400890238e-06,9.56959086485229e-07,0.501450628204524,-6.379042338162887e-07,9.132180870853237e-07,-0.3000530067475698,5.671340804314679e-07,3.749414508742437e-07,0.2932064019767431,-2.579450504107206e-07,3.8325341352040803e-07,-0.16681419225760397,-4.5860420792426007e-07,5.279079774375051e-07,-0.3327284972714331,-3.590739009403406e-07,6.172298124749527e-07,-0.32981550928166237,-5.884365234412254e-07,2.1536083428894718e-07,-1.4964955331728045,-7.978391096718497e-08,9.182917167327058e-08,-0.29992585469502964,-1.155980143677524e-07,7.446033016963488e-08,-0.6256551199757266
95.5,4.1770102198215856e-07,1.14278985570392e-06,0.044651598423525805,-3.357094906449084e-06,1.903822094853794e-06,-0.4083250124730673,1.9167852921783156e-07,1.0569312903904883e-06,0.03229151614134275,-2.013580663678029e-06,1.7984792236060916e-06,-0.3941367048328616,-4.448705565045072e-07,5.599535889393077e-07,-0.10325222519160207,-1.9801056252040658e-06,7.460127434520746e-07,-0.4840803377251709,2.5385333348310693e-06,1.4616720121590726e-06,0.7220504914360911,-1.0258087229445494e-06,1.0215693154764353e-06,-0.3087952171069153,-2.8638445014832087e-07,8.110970857585039e-07,-0.09940764795389942,1.279928112653431e-06,9.117962926683175e-07,0.48406599944517514,-6.238981835391099e-07,9.228758573770601e-07,-0.29346493713532856,5.771036328922156e-07,3.9702633645532187e-07,0.29836062688967785,-3.029022882018526e-07,4.0775701675816915e-07,-0.19588823456358892,-4.745765624209024e-07,5.47043790173848e-07,-0.3443168285988075,-3.6965187155117735e-07,6.171792509564084e-07,-0.33953155590895323,-5.938183844885307e-07,2.1504986843969997e-07,-1.5101825337185033,-7.679365931491498e-08,9.165907269156738e-08,-0.28868481910667426,-1.1890856503451872e-07,7.641094358680775e-08,-0.6435729275257083
96.0,1.920569350073652e-07,1.0865026942975715e-06,0.020530591703384345,-4.080784485832053e-06,2.025225005996072e-06,-0.4963477120876995,-9.064261578727081e-08,1.1689570720652945e-06,-0.015270293979884582,-2.056030054132266e-06,1.8506567588841503e-06,-0.4024457153322154,-4.593092213515415e-07,5.558894082270018e-07,-0.10660336689440647,-2.2365270340448204e-06,7.843230597508767e-07,-0.5467681866013157,2.516399248152228e-06,1.4143495044210778e-06,0.715754758406054,-1.062495404496395e-06,9.465267364812171e-07,-0.31983886641632636,-3.1433971164796846e-07,8.293558507737739e-07,-0.10911127115053916,1.2252426170395137e-06,8.628322103857115e-07,0.4633840651804237,-6.141906894817886e-07,9.294242853154381e-07,-0.2888987928373707,5.812876858142306e-07,4.1917227864493503e-07,0.30052376810314707,-3.50509283840172e-07,4.338896241413003e-07,-0.22667588685841839,-4.877708397716062e-07,5.627601006293955e-07,-0.3538895974474684,-3.749777690772283e-07,6.118147052885357e-07,-0.3444234837275342,-5.980473195761952e-07,2.1481187697441503e-07,-1.520937444769499,-7.434948521763521e-08,9.117036750794983e-08,-0.2794966131605958,-1.229534048334453e-07,7.834805231416008e-08,-0.6654649534702817
96.5,-2.4716269485683263e-08,1.0320584374677034e-06,-0.0026421312889426283,-4.786337286662228e-06,2.141338791495688e-06,-0.5821644269044149,-3.645481970031529e-07,1.2872329333296183e-06,-0.06141435890530401,-2.0895066099429677e-06,1.8910687773757145e-06,-0.40899839019366463,-4.6226705629792376e-07,5.536093131459476e-07,-0.10728986555227023,-2.474859076316655e-06,8.26418291764339e-07,-0.6050336922617975,2.4762107556502713e-06,1.3617217568569415e-06,0.7043237008095444,-1.087540543594035e-06,8.662965084335362e-07,-0.32737810739970286,-3.304976825186263e-07,8.384731293041937e-07,-0.11471990625320568,1.1635888247267092e-06,8.109741984146154e-07,0.44006673641762933,-6.089229271534983e-07,9.324740096386255e-07,-0.2864209790188622,5.799672922525934e-07,4.4146092580502986e-07,0.29984112909632465,-3.999188842124893e-07,4.617725864771524e-07,-0.2586292915186559,-4.984377573110117e-07,5.746480564182207e-07,-0.3616287053363146,-3.7484979721061464e-07,6.011928980555947e-07,-0.34430593938290105,-6.009371018305521e-07,2.1457229786215862e-07,-1.5282866592781377,-7.245586586106337e-08,9.041866353917903e-08,-0.27237806761548633,-1.2772488106960404e-07,8.028634868604257e-08,-0.6912897788647567
97.0,-2.2553897107354725e-07,9.79595237698734e-07,-0.024109769991564417,-5.463008033608755e-06,2.2501964427943328e-06,-0.6644682040947221,-6.26146296737475e-07,1.4065412333179583e-06,-0.105485018746999,-2.113529291960065e-06,1.918618902752594e-06,-0.4137005711900652,-4.543230488982898e-07,5.537230661773129e-07,-0.10544610127307041,-2.693384857001642e-06,8.730039269091444e-07,-0.658457121986534,2.4176304372418878e-06,1.3048406370844146e-06,0.687661344197997,-1.102342359052697e-06,7.849908111990646e-07,-0.3318338404383281,-3.33713823471596e-07,8.387025830410823e-07,-0.11583626926613234,1.0965213058251711e-06,7.572568378604864e-07,0.4147019481561406,-6.081808714032305e-07,9.316296566753496e-07,-0.28607193593803776,5.735703848392733e-07,4.640949002278483e-07,0.29653394959300333,-4.500080518301255e-07,4.914128808302541e-07,-0.2910221752886189,-5.067123966671776e-07,5.822866821409286e-07,-0.3676321572690863,-3.6913148877998263e-07,5.856783783829645e-07,-0.33905357544795756,-6.023250902159107e-07,2.1424879206231978e-07,-1.5318165530492411,-7.117398998395922e-08,8.948964161505266e-08,-0.2675592048473835,-1.3322708627406323e-07,8.225187553778037e-08,-0.72106955385618
97.5,-4.049928569655439e-07,9.296622435425175e-07,-0.04329311507979577,-6.102043930825549e-06,2.348693367175472e-06,-0.7421944370351499,-8.716662933330108e-07,1.5226371320494926e-06,-0.14684704800212336,-2.12853813997381e-06,1.9327305748917375e-06,-0.41663839136592506,-4.3654185575593585e-07,5.569087676533298e-07,-0.1013191755153054,-2.890061758795387e-06,9.249314319271359e-07,-0.7065391130839759,2.340816843826014e-06,1.2445856095253143e-06,0.6658127861688803,-1.1084391966976626e-06,7.080120761297874e-07,-0.333669147803271,-3.2262569549656785e-07,8.308894656154698e-07,-0.11198744045703143,1.0253879846047642e-06,7.025361464673269e-07,0.38779948239263207,-6.119990756391879e-07,9.266080058469958e-07,-0.2878679165894301,5.624549046519164e-07,4.873085806412587e-07,0.2907872839200478,-4.999322329699483e-07,5.228376028043697e-07,-0.32330836158178966,-5.127205249322408e-07,5.852561026788447e-07,-0.3719912003273625,-3.575984249033029e-07,5.656199651158743e-07,-0.3284602593475566,-6.020228416769437e-07,2.1375841120382523e-07,-1.5310478829030936,-7.05771729467806e-08,8.848752012125925e-08,-0.26531563395943875,-1.3940490558763093e-07,8.428635593469445e-08,-0.7545059783913128
98.0,-5.580207712624362e-07,8.828850000833752e-07,-0.0596515643465692,-6.695239470165437e-06,2.4335897249513835e-06,-0.8143450859592007,-1.097677025134023e-06,1.6319309527210972e-06,-0.18492240899247747,-2.135347151090338e-06,1.9331433662719596e-06,-0.41797118187839283,-4.0969097450993135e-07,5.637106851304946e-07,-0.09508722063209359,-3.0635315092012053e-06,9.828641382029466e-07,-0.7489476059909619,2.247164538530639e-06,1.1818339177414106e-06,0.6391746908030189,-1.1077932048102162e-06,6.423678465998068e-07,-0.33347468737349345,-2.973424668922953e-07,8.157696305009761e-07,-0.10321131351672513,9.513664229709274e-07,6.476960068439148e-07,0.35980469045193975,-6.201101195164585e-07,9.172344902855594e-07,-0.29168313363020215,5.467172632923919e-07,5.11123326639745e-07,0.2826509765496355,-5.491161555285819e-07,5.560646699840734e-07,-0.35511581941288595,-5.165025504617837e-07,5.833429032086885e-07,-0.37473515175507127,-3.4024249483958777e-07,5.415015503102969e-07,-0.3125185412276084,-5.998844143445278e-07,2.130027212966928e-07,-1.5256094935042501,-7.072371819752598e-08,8.748564464925521e-08,-0.26586653086394596,-1.4611933498858187e-07,8.647339918562887e-08,-0.7908467162093182
98.5,-6.798407097104525e-07,8.398317379351762e-07,-0.0726739288735868,-7.232355942183415e-06,2.508247992835072e-06,-0.8796748118823238,-1.301471769010111e-06,1.7307766371158968e-06,-0.21925510806028364,-2.132259854253417e-06,1.9200167688765356e-06,-0.41736687680927176,-3.7467544101939737e-07,5.743000057411289e-07,-0.08696029090768943,-3.2140573247646802e-06,1.0472830384634462e-06,-0.7857469497768845,2.136713941256969e-06,1.1175376364806777e-06,0.6077585549789957,-1.1026294635611334e-06,5.95800874829427e-07,-0.331920266393803,-2.581315785986862e-07,7.938153288083925e-07,-0.08960072056228213,8.762950017315434e-07,5.935478549015346e-07,0.331412843915593,-6.324501043571827e-07,9.03672196349716e-07,-0.2974875308396821,5.263678557474896e-07,5.356799928603122e-07,0.2721304016547889,-5.95933899397747e-07,5.907632432747573e-07,-0.38539305913670574,-5.181134332768776e-07,5.765424599610493e-07,-0.375903886383069,-3.1741428181687333e-07,5.139926812788941e-07,-0.2915504377693518,-5.957891156832139e-07,2.1190266730014215e-07,-1.5151944429261108,-7.172556276724954e-08,8.661544342975265e-08,-0.26963269230180154,-1.5332835923325338e-07,8.87900946797727e-08,-0.8298643667578739
99.0,-7.662500029738307e-07,8.030335288015375e-07,-0.0819109497564848,-7.703970851654783e-06,2.5722583290340294e-06,-0.9370375523346249,-1.4814786229423624e-06,1.8166479828911965e-06,-0.24958033151136633,-2.1196709446134618e-06,1.8935757228951558e-06,-0.41490273347871975,-3.320257105847836e-07,5.888103263005062e-07,-0.07706150235715686,-3.340930329025525e-06,1.1182435771853235e-06,-0.8167638440117401,2.0142170802788875e-06,1.054066388415698e-06,0.5729160270298844,-1.0957118840452335e-06,5.751755851066897e-07,-0.32983789429003013,-2.0617883039969383e-07,7.655099651985947e-07,-0.0715672676268023,8.01484704637045e-07,5.408440984072032e-07,0.3031197539569975,-6.486513581016075e-07,8.862437352170616e-07,-0.30510816516281936,5.013623993049088e-07,5.610841197033277e-07,0.2592026652229784,-6.396433291648698e-07,6.264414397351184e-07,-0.41366013853610956,-5.173967652346625e-07,5.64873708298968e-07,-0.375383926302877,-2.894013800699511e-07,4.836451452328409e-07,-0.2658201091881794,-5.895396247358475e-07,2.1045658915473652e-07,-1.4993009099539485,-7.348784265540725e-08,8.604213552041994e-08,-0.2762575029341727,-1.6085353507798492e-07,9.118078388462567e-08,-0.870593135515059
