# vmf_atol: 1e-09 | ps2_atol: 1e-09 | ps2_ratio: 2.0 | ode_method: dopri5 | ode_atol: 1e-09 | ode_rtol: 1e-07 | vmf_reg_method: extend | vmf_reg_type: ip | cache_svd_info: True
# frame = {Node('[H]0'): [End('[H]i'), End('[H]j'), Node('[H]47')], Node('[H]47'): [Node('[H]0'), Node('[H]43'), Node('[H]46')], Node('[H]43'): [Node('[H]47'), Node('[H]42'), Node('[H]41')], Node('[H]46'): [Node('[H]47'), Node('[H]45'), Node('[H]44')], Node('[H]45'): [Node('[H]46'), Node('[H]38'), Node('[H]37')], Node('[H]44'): [Node('[H]46'), Node('[H]40'), Node('[H]39')], Node('[H]38'): [Node('[H]45'), Node('[H]34'), Node('[H]33')], Node('[H]37'): [Node('[H]45'), Node('[H]36'), Node('[H]35')], Node('[H]40'): [Node('[H]44'), Node('[H]30'), Node('[H]29')], Node('[H]39'): [Node('[H]44'), Node('[H]32'), Node('[H]31')], Node('[H]42'): [Node('[H]43'), Node('[H]26'), Node('[H]25')], Node('[H]41'): [Node('[H]43'), Node('[H]28'), Node('[H]27')], Node('[H]26'): [Node('[H]42'), Node('[H]22'), Node('[H]21')], Node('[H]25'): [Node('[H]42'), Node('[H]24'), Node('[H]23')], Node('[H]28'): [Node('[H]41'), Node('[H]18'), Node('[H]17')], Node('[H]27'): [Node('[H]41'), Node('[H]20'), Node('[H]19')], Node('[H]30'): [Node('[H]40'), Node('[H]14'), Node('[H]13')], Node('[H]29'): [Node('[H]40'), Node('[H]16'), Node('[H]15')], Node('[H]32'): [Node('[H]39'), Node('[H]10'), Node('[H]9')], Node('[H]31'): [Node('[H]39'), Node('[H]12'), Node('[H]11')], Node('[H]34'): [Node('[H]38'), Node('[H]6'), Node('[H]5')], Node('[H]33'): [Node('[H]38'), Node('[H]8'), Node('[H]7')], Node('[H]36'): [Node('[H]37'), Node('[H]2'), Node('[H]1')], Node('[H]35'): [Node('[H]37'), Node('[H]4'), Node('[H]3')], Node('[H]2'): [Node('[H]36'), End('[H]0-2'), End('[H]0-3')], Node('[H]1'): [Node('[H]36'), End('[H]0-0'), End('[H]0-1')], Node('[H]4'): [Node('[H]35'), End('[H]1-2'), End('[H]1-3')], Node('[H]3'): [Node('[H]35'), End('[H]1-0'), End('[H]1-1')], Node('[H]6'): [Node('[H]34'), End('[H]2-2'), End('[H]2-3')], Node('[H]5'): [Node('[H]34'), End('[H]2-0'), End('[H]2-1')], Node('[H]8'): [Node('[H]33'), End('[H]3-2'), End('[H]3-3')], Node('[H]7'): [Node('[H]33'), End('[H]3-0'), End('[H]3-1')], Node('[H]10'): [Node('[H]32'), End('[H]4-2'), End('[H]4-3')], Node('[H]9'): [Node('[H]32'), End('[H]4-0'), End('[H]4-1')], Node('[H]12'): [Node('[H]31'), End('[H]5-2'), End('[H]5-3')], Node('[H]11'): [Node('[H]31'), End('[H]5-0'), End('[H]5-1')], Node('[H]14'): [Node('[H]30'), End('[H]6-2'), End('[H]6-3')], Node('[H]13'): [Node('[H]30'), End('[H]6-0'), End('[H]6-1')], Node('[H]16'): [Node('[H]29'), End('[H]7-2'), End('[H]7-3')], Node('[H]15'): [Node('[H]29'), End('[H]7-0'), End('[H]7-1')], Node('[H]18'): [Node('[H]28'), End('[H]8-2'), End('[H]8-3')], Node('[H]17'): [Node('[H]28'), End('[H]8-0'), End('[H]8-1')], Node('[H]20'): [Node('[H]27'), End('[H]9-2'), End('[H]9-3')], Node('[H]19'): [Node('[H]27'), End('[H]9-0'), End('[H]9-1')], Node('[H]22'): [Node('[H]26'), End('[H]10-2'), End('[H]10-3')], Node('[H]21'): [Node('[H]26'), End('[H]10-0'), End('[H]10-1')], Node('[H]24'): [Node('[H]25'), End('[H]11-2'), End('[H]11-3')], Node('[H]23'): [Node('[H]25'), End('[H]11-0'), End('[H]11-1')]}
# time ode_steps max_rank tr norm
# # ([H]0)-([H]47) ([H]47)-([H]46) ([H]46)-([H]44) ([H]44)-([H]39) ([H]39)-([H]31) ([H]31)-([H]11) ([H]31)-([H]12) ([H]39)-([H]32) ([H]32)-([H]9) ([H]32)-([H]10) ([H]44)-([H]40) ([H]40)-([H]29) ([H]29)-([H]15) ([H]29)-([H]16) ([H]40)-([H]30) ([H]30)-([H]13) ([H]30)-([H]14) ([H]46)-([H]45) ([H]45)-([H]37) ([H]37)-([H]35) ([H]35)-([H]3) ([H]35)-([H]4) ([H]37)-([H]36) ([H]36)-([H]1) ([H]36)-([H]2) ([H]45)-([H]38) ([H]38)-([H]33) ([H]33)-([H]7) ([H]33)-([H]8) ([H]38)-([H]34) ([H]34)-([H]5) ([H]34)-([H]6) ([H]47)-([H]43) ([H]43)-([H]41) ([H]41)-([H]27) ([H]27)-([H]19) ([H]27)-([H]20) ([H]41)-([H]28) ([H]28)-([H]17) ([H]28)-([H]18) ([H]43)-([H]42) ([H]42)-([H]25) ([H]25)-([H]23) ([H]25)-([H]24) ([H]42)-([H]26) ([H]26)-([H]21) ([H]26)-([H]22)
0.0 0 8 1.0 0.9964404361501844
# 8 8 8 8 8 8 8 8 8 8 8 8 8 8 8 8 8 8 8 8 8 8 8 8 8 8 8 8 8 8 8 8 8 8 8 8 8 8 8 8 8 8 8 8 8 8 8
0.05000000000000001 1488 112 0.999996874340097 1.0000806951344223
# 49 9 9 9 9 16 16 9 16 16 9 9 16 16 9 16 16 9 9 9 16 16 9 16 16 9 9 14 14 9 14 12 112 54 28 16 16 22 14 14 64 32 16 16 30 16 16
0.10000000000000002 236 112 0.9999970587622731 1.0002666769701825
# 49 9 9 9 9 16 16 9 16 16 9 9 16 16 9 16 16 9 9 9 16 16 9 16 16 9 9 14 14 9 14 12 112 54 28 16 16 22 14 14 64 32 16 16 30 16 16
0.15000000000000005 152 112 0.99999700557446 1.0004622663675329
# 49 9 9 9 9 16 16 9 16 16 9 9 16 16 9 16 16 9 9 9 16 16 9 16 16 9 9 14 14 9 14 12 112 54 28 16 16 22 14 14 64 32 16 16 30 16 16
0.20000000000000004 98 112 0.999996883663465 1.0006568481664382
# 49 9 9 9 9 16 16 9 16 16 9 9 16 16 9 16 16 9 9 9 16 16 9 16 16 9 9 14 14 9 14 12 112 54 28 16 16 22 14 14 64 32 16 16 30 16 16
0.25000000000000006 74 112 0.9999966934422209 1.000850287975008
# 49 9 9 9 9 16 16 9 16 16 9 9 16 16 9 16 16 9 9 9 16 16 9 16 16 9 9 14 14 9 14 12 112 54 28 16 16 22 14 14 64 32 16 16 30 16 16
0.3000000000000001 86 112 0.9999964249526748 1.0010424588516658
# 49 9 9 9 9 16 16 9 16 16 9 9 16 16 9 16 16 9 9 9 16 16 9 16 16 9 9 14 14 9 14 12 112 54 28 16 16 22 14 14 64 32 16 16 30 16 16
0.3500000000000001 50 112 0.9999960599540232 1.0012332368526071
# 49 9 9 9 9 16 16 9 16 16 9 9 16 16 9 16 16 9 9 9 16 16 9 16 16 9 9 14 14 9 14 12 112 54 28 16 16 22 14 14 64 32 16 16 30 16 16
0.4000000000000001 44 112 0.9999955767440115 1.0014225009195428
# 49 9 9 9 9 16 16 9 16 16 9 9 16 16 9 16 16 9 9 9 16 16 9 16 16 9 9 14 14 9 14 12 112 54 28 16 16 22 14 14 64 32 16 16 30 16 16
0.45000000000000007 38 112 0.9999949583438039 1.001610132619029
# 49 9 9 9 9 16 16 9 16 16 9 9 16 16 9 16 16 9 9 9 16 16 9 16 16 9 9 14 14 9 14 12 112 54 28 16 16 22 14 14 64 32 16 16 30 16 16
0.5000000000000001 38 112 0.9999941888609942 1.001796016910303
# 49 9 9 9 9 16 16 9 16 16 9 9 16 16 9 16 16 9 9 9 16 16 9 16 16 9 9 14 14 9 14 12 112 54 28 16 16 22 14 14 64 32 16 16 30 16 16
0.5500000000000002 32 112 0.9999932520827901 1.001980042538689
# 49 9 9 9 9 16 16 9 16 16 9 9 16 16 9 16 16 9 9 9 16 16 9 16 16 9 9 14 14 9 14 12 112 54 28 16 16 22 14 14 64 32 16 16 30 16 16
0.6000000000000002 32 112 0.9999921316513466 1.0021621022416158
# 49 9 9 9 9 16 16 9 16 16 9 9 16 16 9 16 16 9 9 9 16 16 9 16 16 9 9 14 14 9 14 12 112 54 28 16 16 22 14 14 64 32 16 16 30 16 16
0.6500000000000001 32 112 0.9999908113226905 1.0023420929661904
# 49 9 9 9 9 16 16 9 16 16 9 9 16 16 9 16 16 9 9 9 16 16 9 16 16 9 9 14 14 9 14 12 112 54 28 16 16 22 14 14 64 32 16 16 30 16 16
0.7000000000000002 26 112 0.9999892750073428 1.0025199160778429
# 49 9 9 9 9 16 16 9 16 16 9 9 16 16 9 16 16 9 9 9 16 16 9 16 16 9 9 14 14 9 14 12 112 54 28 16 16 22 14 14 64 32 16 16 30 16 16
0.7500000000000002 26 112 0.9999875066007529 1.0026954775086043
# 49 9 9 9 9 16 16 9 16 16 9 9 16 16 9 16 16 9 9 9 16 16 9 16 16 9 9 14 14 9 14 12 112 54 28 16 16 22 14 14 64 32 16 16 30 16 16
0.8000000000000002 32 112 0.9999854903229355 1.0028686878471085
# 49 9 9 9 9 16 16 9 16 16 9 9 16 16 9 16 16 9 9 9 16 16 9 16 16 9 9 14 14 9 14 12 112 54 28 16 16 22 14 14 64 32 16 16 30 16 16
0.8500000000000002 26 112 0.9999832117896568 1.0030394624616927
# 49 9 9 9 9 16 16 9 16 16 9 9 16 16 9 16 16 9 9 9 16 16 9 16 16 9 9 14 14 9 14 12 112 54 28 16 16 22 14 14 64 32 16 16 30 16 16
0.9000000000000001 20 112 0.9999806590072073 1.0032077216522255
# 49 9 9 9 9 16 16 9 16 16 9 9 16 16 9 16 16 9 9 9 16 16 9 16 16 9 9 14 14 9 14 12 112 54 28 16 16 22 14 14 64 32 16 16 30 16 16
0.9500000000000002 20 112 0.9999778229544197 1.0033733907626352
# 49 9 9 9 9 16 16 9 16 16 9 9 16 16 9 16 16 9 9 9 16 16 9 16 16 9 9 14 14 9 14 12 112 54 28 16 16 22 14 14 64 32 16 16 30 16 16
1.0000000000000002 20 112 0.9999746979315967 1.003536400247822
# 49 9 9 9 9 16 16 9 16 16 9 9 16 16 9 16 16 9 9 9 16 16 9 16 16 9 9 14 14 9 14 12 112 54 28 16 16 22 14 14 64 32 16 16 30 16 16
1.0500000000000003 20 112 0.9999712818091873 1.0036966857141179
# 49 9 9 9 9 16 16 9 16 16 9 9 16 16 9 16 16 9 9 9 16 16 9 16 16 9 9 14 14 9 14 12 112 54 28 16 16 22 14 14 64 32 16 16 30 16 16
1.1000000000000003 20 112 0.9999675761889111 1.0038541879388254
# 49 9 9 9 9 16 16 9 16 16 9 9 16 16 9 16 16 9 9 9 16 16 9 16 16 9 9 14 14 9 14 12 112 54 28 16 16 22 14 14 64 32 16 16 30 16 16
1.1500000000000004 20 112 0.999963586483192 1.00400885286976
# 49 9 9 9 9 16 16 9 16 16 9 9 16 16 9 16 16 9 9 9 16 16 9 16 16 9 9 14 14 9 14 12 112 54 28 16 16 22 14 14 64 32 16 16 30 16 16
1.2000000000000004 20 112 0.9999593219488128 1.004160631604262
# 49 9 9 9 9 16 16 9 16 16 9 9 16 16 9 16 16 9 9 9 16 16 9 16 16 9 9 14 14 9 14 12 112 54 28 16 16 22 14 14 64 32 16 16 30 16 16
1.2500000000000004 20 112 0.9999547957045828 1.0043094803487616
# 49 9 9 9 9 16 16 9 16 16 9 9 16 16 9 16 16 9 9 9 16 16 9 16 16 9 9 14 14 9 14 12 112 54 28 16 16 22 14 14 64 32 16 16 30 16 16
1.3000000000000003 20 112 0.9999500247215283 1.0044553603628497
# 49 9 9 9 9 16 16 9 16 16 9 9 16 16 9 16 16 9 9 9 16 16 9 16 16 9 9 14 14 9 14 12 112 54 28 16 16 22 14 14 64 32 16 16 30 16 16
1.3500000000000003 20 112 0.9999450297426498 1.0045982378897667
# 49 9 9 9 9 16 16 9 16 16 9 9 16 16 9 16 16 9 9 9 16 16 9 16 16 9 9 14 14 9 14 12 112 54 28 16 16 22 14 14 64 32 16 16 30 16 16
1.4000000000000004 20 112 0.9999398351001588 1.0047380840725928
# 49 9 9 9 9 16 16 9 16 16 9 9 16 16 9 16 16 9 9 9 16 16 9 16 16 9 9 14 14 9 14 12 112 54 28 16 16 22 14 14 64 32 16 16 30 16 16
1.4500000000000004 8 112 0.9999344684281611 1.0048748748547003
# 49 9 9 9 9 16 16 9 16 16 9 9 16 16 9 16 16 9 9 9 16 16 9 16 16 9 9 14 14 9 14 12 112 54 28 16 16 22 14 14 64 32 16 16 30 16 16
1.5000000000000004 8 112 0.9999289602943044 1.005008590865532
# 49 9 9 9 9 16 16 9 16 16 9 9 16 16 9 16 16 9 9 9 16 16 9 16 16 9 9 14 14 9 14 12 112 54 28 16 16 22 14 14 64 32 16 16 30 16 16
1.5500000000000005 8 112 0.9999233437575685 1.0051392172918634
# 49 9 9 9 9 16 16 9 16 16 9 9 16 16 9 16 16 9 9 9 16 16 9 16 16 9 9 14 14 9 14 12 112 54 28 16 16 22 14 14 64 32 16 16 30 16 16
1.6000000000000003 8 112 0.9999176538731362 1.0052667437383591
# 49 9 9 9 9 16 16 9 16 16 9 9 16 16 9 16 16 9 9 9 16 16 9 16 16 9 9 14 14 9 14 12 112 54 28 16 16 22 14 14 64 32 16 16 30 16 16
1.6500000000000004 8 112 0.9999119271496976 1.0053911640782036
# 49 9 9 9 9 16 16 9 16 16 9 9 16 16 9 16 16 9 9 9 16 16 9 16 16 9 9 14 14 9 14 12 112 54 28 16 16 22 14 14 64 32 16 16 30 16 16
1.7000000000000004 8 112 0.9999062009663546 1.0055124762953451
# 49 9 9 9 9 16 16 9 16 16 9 9 16 16 9 16 16 9 9 9 16 16 9 16 16 9 9 14 14 9 14 12 112 54 28 16 16 22 14 14 64 32 16 16 30 16 16
1.7500000000000004 8 112 0.9999005129560394 1.0056306823196681
# 49 9 9 9 9 16 16 9 16 16 9 9 16 16 9 16 16 9 9 9 16 16 9 16 16 9 9 14 14 9 14 12 112 54 28 16 16 22 14 14 64 32 16 16 30 16 16
1.8000000000000003 8 112 0.999894900362238 1.005745787856186
# 49 9 9 9 9 16 16 9 16 16 9 9 16 16 9 16 16 9 9 9 16 16 9 16 16 9 9 14 14 9 14 12 112 54 28 16 16 22 14 14 64 32 16 16 30 16 16
1.8500000000000005 8 112 0.9998893993799258 1.0058578022099376
# 49 9 9 9 9 16 16 9 16 16 9 9 16 16 9 16 16 9 9 9 16 16 9 16 16 9 9 14 14 9 14 12 112 54 28 16 16 22 14 14 64 32 16 16 30 16 16
1.9000000000000004 8 112 0.9998840444866745 1.005966738106919
# 49 9 9 9 9 16 16 9 16 16 9 9 16 16 9 16 16 9 9 9 16 16 9 16 16 9 9 14 14 9 14 12 112 54 28 16 16 22 14 14 64 32 16 16 30 16 16
1.9500000000000006 8 112 0.9998788677741678 1.0060726115128877
# 49 9 9 9 9 16 16 9 16 16 9 9 16 16 9 16 16 9 9 9 16 16 9 16 16 9 9 14 14 9 14 12 112 54 28 16 16 22 14 14 64 32 16 16 30 16 16
2.0000000000000004 8 112 0.9998738982895834 1.0061754414507489
# 49 9 9 9 9 16 16 9 16 16 9 9 16 16 9 16 16 9 9 9 16 16 9 16 16 9 9 14 14 9 14 12 112 54 28 16 16 22 14 14 64 32 16 16 30 16 16
2.0500000000000003 8 112 0.999869161395514 1.0062752498176557
# 49 9 9 9 9 16 16 9 16 16 9 9 16 16 9 16 16 9 9 9 16 16 9 16 16 9 9 14 14 9 14 12 112 54 28 16 16 22 14 14 64 32 16 16 30 16 16
2.1000000000000005 8 112 0.9998646781570781 1.0063720612025906
# 49 9 9 9 9 16 16 9 16 16 9 9 16 16 9 16 16 9 9 9 16 16 9 16 16 9 9 14 14 9 14 12 112 54 28 16 16 22 14 14 64 32 16 16 30 16 16
2.1500000000000004 8 112 0.9998604647651012 1.0064659027054221
# 49 9 9 9 9 16 16 9 16 16 9 9 16 16 9 16 16 9 9 9 16 16 9 16 16 9 9 14 14 9 14 12 112 54 28 16 16 22 14 14 64 32 16 16 30 16 16
2.2000000000000006 8 112 0.999856532001555 1.0065568037582704
# 49 9 9 9 9 16 16 9 16 16 9 9 16 16 9 16 16 9 9 9 16 16 9 16 16 9 9 14 14 9 14 12 112 54 28 16 16 22 14 14 64 32 16 16 30 16 16
2.2500000000000004 8 112 0.9998528847556967 1.006644795949637
# 49 9 9 9 9 16 16 9 16 16 9 9 16 16 9 16 16 9 9 9 16 16 9 16 16 9 9 14 14 9 14 12 112 54 28 16 16 22 14 14 64 32 16 16 30 16 16
2.3000000000000007 8 112 0.9998495215953921 1.0067299128522877
# 49 9 9 9 9 16 16 9 16 16 9 9 16 16 9 16 16 9 9 9 16 16 9 16 16 9 9 14 14 9 14 12 112 54 28 16 16 22 14 14 64 32 16 16 30 16 16
2.3500000000000005 8 112 0.9998464343995525 1.0068121898551243
# 49 9 9 9 9 16 16 9 16 16 9 9 16 16 9 16 16 9 9 9 16 16 9 16 16 9 9 14 14 9 14 12 112 54 28 16 16 22 14 14 64 32 16 16 30 16 16
2.400000000000001 8 112 0.9998436080551198 1.0068916639996446
# 49 9 9 9 9 16 16 9 16 16 9 9 16 16 9 16 16 9 9 9 16 16 9 16 16 9 9 14 14 9 14 12 112 54 28 16 16 22 14 14 64 32 16 16 30 16 16
2.4500000000000006 8 112 0.9998410202215937 1.0069683738214403
# 49 9 9 9 9 16 16 9 16 16 9 9 16 16 9 16 16 9 9 9 16 16 9 16 16 9 9 14 14 9 14 12 112 54 28 16 16 22 14 14 64 32 16 16 30 16 16
2.500000000000001 8 112 0.9998386411646474 1.007042359196954
# 49 9 9 9 9 16 16 9 16 16 9 9 16 16 9 16 16 9 9 9 16 16 9 16 16 9 9 14 14 9 14 12 112 54 28 16 16 22 14 14 64 32 16 16 30 16 16
2.5500000000000007 8 112 0.9998364336600908 1.0071136611957625
# 49 9 9 9 9 16 16 9 16 16 9 9 16 16 9 16 16 9 9 9 16 16 9 16 16 9 9 14 14 9 14 12 112 54 28 16 16 22 14 14 64 32 16 16 30 16 16
2.6000000000000005 8 112 0.9998343529672609 1.0071823219387082
# 49 9 9 9 9 16 16 9 16 16 9 9 16 16 9 16 16 9 9 9 16 16 9 16 16 9 9 14 14 9 14 12 112 54 28 16 16 22 14 14 64 32 16 16 30 16 16
2.650000000000001 8 112 0.9998323468711201 1.0072483844618232
# 49 9 9 9 9 16 16 9 16 16 9 9 16 16 9 16 16 9 9 9 16 16 9 16 16 9 9 14 14 9 14 12 112 54 28 16 16 22 14 14 64 32 16 16 30 16 16
2.7000000000000006 8 112 0.9998303557908021 1.0073118925862141
# 49 9 9 9 9 16 16 9 16 16 9 9 16 16 9 16 16 9 9 9 16 16 9 16 16 9 9 14 14 9 14 12 112 54 28 16 16 22 14 14 64 32 16 16 30 16 16
2.750000000000001 8 112 0.999828312951651 1.0073728907940847
# 49 9 9 9 9 16 16 9 16 16 9 9 16 16 9 16 16 9 9 9 16 16 9 16 16 9 9 14 14 9 14 12 112 54 28 16 16 22 14 14 64 32 16 16 30 16 16
2.8000000000000007 8 112 0.9998261446176286 1.0074314241104632
# 49 9 9 9 9 16 16 9 16 16 9 9 16 16 9 16 16 9 9 9 16 16 9 16 16 9 9 14 14 9 14 12 112 54 28 16 16 22 14 14 64 32 16 16 30 16 16
2.850000000000001 8 112 0.9998237703796178 1.0074875379911552
# 49 9 9 9 9 16 16 9 16 16 9 9 16 16 9 16 16 9 9 9 16 16 9 16 16 9 9 14 14 9 14 12 112 54 28 16 16 22 14 14 64 32 16 16 30 16 16
2.900000000000001 8 112 0.9998211034952722 1.0075412782163633
# 49 9 9 9 9 16 16 9 16 16 9 9 16 16 9 16 16 9 9 9 16 16 9 16 16 9 9 14 14 9 14 12 112 54 28 16 16 22 14 14 64 32 16 16 30 16 16
2.950000000000001 8 112 0.9998180512756627 1.0075926907901442
# 49 9 9 9 9 16 16 9 16 16 9 9 16 16 9 16 16 9 9 9 16 16 9 16 16 9 9 14 14 9 14 12 112 54 28 16 16 22 14 14 64 32 16 16 30 16 16
3.000000000000001 8 112 0.9998145155135113 1.0076418218453547
# 49 9 9 9 9 16 16 9 16 16 9 9 16 16 9 16 16 9 9 9 16 16 9 16 16 9 9 14 14 9 14 12 112 54 28 16 16 22 14 14 64 32 16 16 30 16 16
3.0500000000000007 8 112 0.9998103929477676 1.00768871755424
# 49 9 9 9 9 16 16 9 16 16 9 9 16 16 9 16 16 9 9 9 16 16 9 16 16 9 9 14 14 9 14 12 112 54 28 16 16 22 14 14 64 32 16 16 30 16 16
3.100000000000001 8 112 0.9998055757595655 1.0077334240440752
# 49 9 9 9 9 16 16 9 16 16 9 9 16 16 9 16 16 9 9 9 16 16 9 16 16 9 9 14 14 9 14 12 112 54 28 16 16 22 14 14 64 32 16 16 30 16 16
3.150000000000001 8 112 0.9997999520939351 1.007775987318113
# 49 9 9 9 9 16 16 9 16 16 9 9 16 16 9 16 16 9 9 9 16 16 9 16 16 9 9 14 14 9 14 12 112 54 28 16 16 22 14 14 64 32 16 16 30 16 16
3.2000000000000006 8 112 0.9997934066024424 1.0078164531813882
# 49 9 9 9 9 16 16 9 16 16 9 9 16 16 9 16 16 9 9 9 16 16 9 16 16 9 9 14 14 9 14 12 112 54 28 16 16 22 14 14 64 32 16 16 30 16 16
3.250000000000001 8 112 0.9997858210016863 1.0078548671712568
# 49 9 9 9 9 16 16 9 16 16 9 9 16 16 9 16 16 9 9 9 16 16 9 16 16 9 9 14 14 9 14 12 112 54 28 16 16 22 14 14 64 32 16 16 30 16 16
3.3000000000000007 8 112 0.9997770746429956 1.0078912744925423
# 49 9 9 9 9 16 16 9 16 16 9 9 16 16 9 16 16 9 9 9 16 16 9 16 16 9 9 14 14 9 14 12 112 54 28 16 16 22 14 14 64 32 16 16 30 16 16
3.3500000000000005 8 112 0.9997670450887475 1.0079257199569438
# 49 9 9 9 9 16 16 9 16 16 9 9 16 16 9 16 16 9 9 9 16 16 9 16 16 9 9 14 14 9 14 12 112 54 28 16 16 22 14 14 64 32 16 16 30 16 16
3.400000000000001 8 112 0.9997556086912287 1.0079582479267264
# 49 9 9 9 9 16 16 9 16 16 9 9 16 16 9 16 16 9 9 9 16 16 9 16 16 9 9 14 14 9 14 12 112 54 28 16 16 22 14 14 64 32 16 16 30 16 16
3.450000000000001 8 112 0.9997426411700381 1.0079889022623183
# 49 9 9 9 9 16 16 9 16 16 9 9 16 16 9 16 16 9 9 9 16 16 9 16 16 9 9 14 14 9 14 12 112 54 28 16 16 22 14 14 64 32 16 16 30 16 16
3.500000000000001 8 112 0.9997280181844734 1.0080177262737557
# 49 9 9 9 9 16 16 9 16 16 9 9 16 16 9 16 16 9 9 9 16 16 9 16 16 9 9 14 14 9 14 12 112 54 28 16 16 22 14 14 64 32 16 16 30 16 16
3.5500000000000007 8 112 0.9997116158976391 1.0080447626757414
# 49 9 9 9 9 16 16 9 16 16 9 9 16 16 9 16 16 9 9 9 16 16 9 16 16 9 9 14 14 9 14 12 112 54 28 16 16 22 14 14 64 32 16 16 30 16 16
3.6000000000000005 8 112 0.9996933115291945 1.0080700535461866
# 49 9 9 9 9 16 16 9 16 16 9 9 16 16 9 16 16 9 9 9 16 16 9 16 16 9 9 14 14 9 14 12 112 54 28 16 16 22 14 14 64 32 16 16 30 16 16
3.650000000000001 8 112 0.9996729838942567 1.0080936402879623
# 49 9 9 9 9 16 16 9 16 16 9 9 16 16 9 16 16 9 9 9 16 16 9 16 16 9 9 14 14 9 14 12 112 54 28 16 16 22 14 14 64 32 16 16 30 16 16
3.700000000000001 8 112 0.9996505139259141 1.0081155635938683
# 49 9 9 9 9 16 16 9 16 16 9 9 16 16 9 16 16 9 9 9 16 16 9 16 16 9 9 14 14 9 14 12 112 54 28 16 16 22 14 14 64 32 16 16 30 16 16
3.750000000000001 8 112 0.9996257851793319 1.0081358634145896
# 49 9 9 9 9 16 16 9 16 16 9 9 16 16 9 16 16 9 9 9 16 16 9 16 16 9 9 14 14 9 14 12 112 54 28 16 16 22 14 14 64 32 16 16 30 16 16
3.8000000000000007 8 112 0.9995986843155564 1.0081545789294353
# 49 9 9 9 9 16 16 9 16 16 9 9 16 16 9 16 16 9 9 9 16 16 9 16 16 9 9 14 14 9 14 12 112 54 28 16 16 22 14 14 64 32 16 16 30 16 16
3.8500000000000005 8 112 0.9995691015635598 1.0081717485197244
# 49 9 9 9 9 16 16 9 16 16 9 9 16 16 9 16 16 9 9 9 16 16 9 16 16 9 9 14 14 9 14 12 112 54 28 16 16 22 14 14 64 32 16 16 30 16 16
3.9000000000000012 8 112 0.9995369311590091 1.0081874097448937
# 49 9 9 9 9 16 16 9 16 16 9 9 16 16 9 16 16 9 9 9 16 16 9 16 16 9 9 14 14 9 14 12 112 54 28 16 16 22 14 14 64 32 16 16 30 16 16
3.950000000000001 8 112 0.9995020717587686 1.008201599320915
# 49 9 9 9 9 16 16 9 16 16 9 9 16 16 9 16 16 9 9 9 16 16 9 16 16 9 9 14 14 9 14 12 112 54 28 16 16 22 14 14 64 32 16 16 30 16 16
4.000000000000001 8 112 0.999464426830099 1.008214353101119
# 49 9 9 9 9 16 16 9 16 16 9 9 16 16 9 16 16 9 9 9 16 16 9 16 16 9 9 14 14 9 14 12 112 54 28 16 16 22 14 14 64 32 16 16 30 16 16
4.050000000000001 8 112 0.9994239050139024 1.0082257060590971
# 49 9 9 9 9 16 16 9 16 16 9 9 16 16 9 16 16 9 9 9 16 16 9 16 16 9 9 14 14 9 14 12 112 54 28 16 16 22 14 14 64 32 16 16 30 16 16
4.1000000000000005 8 112 0.999380420461332 1.008235692273878
# 49 9 9 9 9 16 16 9 16 16 9 9 16 16 9 16 16 9 9 9 16 16 9 16 16 9 9 14 14 9 14 12 112 54 28 16 16 22 14 14 64 32 16 16 30 16 16
4.150000000000001 8 112 0.9993338931434457 1.008244344916964
# 49 9 9 9 9 16 16 9 16 16 9 9 16 16 9 16 16 9 9 9 16 16 9 16 16 9 9 14 14 9 14 12 112 54 28 16 16 22 14 14 64 32 16 16 30 16 16
4.200000000000001 8 112 0.9992842491335916 1.0082516962413592
# 49 9 9 9 9 16 16 9 16 16 9 9 16 16 9 16 16 9 9 9 16 16 9 16 16 9 9 14 14 9 14 12 112 54 28 16 16 22 14 14 64 32 16 16 30 16 16
4.250000000000001 8 112 0.9992314208623099 1.0082577775723804
# 49 9 9 9 9 16 16 9 16 16 9 9 16 16 9 16 16 9 9 9 16 16 9 16 16 9 9 14 14 9 14 12 112 54 28 16 16 22 14 14 64 32 16 16 30 16 16
4.300000000000001 8 112 0.9991753473449303 1.0082626193001525
# 49 9 9 9 9 16 16 9 16 16 9 9 16 16 9 16 16 9 9 9 16 16 9 16 16 9 9 14 14 9 14 12 112 54 28 16 16 22 14 14 64 32 16 16 30 16 16
4.350000000000001 8 112 0.999115974381648 1.0082662508738762
# 49 9 9 9 9 16 16 9 16 16 9 9 16 16 9 16 16 9 9 9 16 16 9 16 16 9 9 14 14 9 14 12 112 54 28 16 16 22 14 14 64 32 16 16 30 16 16
4.400000000000001 8 112 0.9990532547305935 1.008268700797514
# 49 9 9 9 9 16 16 9 16 16 9 9 16 16 9 16 16 9 9 9 16 16 9 16 16 9 9 14 14 9 14 12 112 54 28 16 16 22 14 14 64 32 16 16 30 16 16
4.450000000000001 8 112 0.9989871482539191 1.00826999662713
# 49 9 9 9 9 16 16 9 16 16 9 9 16 16 9 16 16 9 9 9 16 16 9 16 16 9 9 14 14 9 14 12 112 54 28 16 16 22 14 14 64 32 16 16 30 16 16
4.500000000000001 8 112 0.9989176220374246 1.008270164969551
# 49 9 9 9 9 16 16 9 16 16 9 9 16 16 9 16 16 9 9 9 16 16 9 16 16 9 9 14 14 9 14 12 112 54 28 16 16 22 14 14 64 32 16 16 30 16 16
4.550000000000001 8 112 0.9988446504840325 1.008269231482473
# 49 9 9 9 9 16 16 9 16 16 9 9 16 16 9 16 16 9 9 9 16 16 9 16 16 9 9 14 14 9 14 12 112 54 28 16 16 22 14 14 64 32 16 16 30 16 16
4.600000000000001 8 112 0.9987682153817915 1.0082672208758974
# 49 9 9 9 9 16 16 9 16 16 9 9 16 16 9 16 16 9 9 9 16 16 9 16 16 9 9 14 14 9 14 12 112 54 28 16 16 22 14 14 64 32 16 16 30 16 16
4.650000000000001 8 112 0.9986883059467404 1.008264156914598
# 49 9 9 9 9 16 16 9 16 16 9 9 16 16 9 16 16 9 9 9 16 16 9 16 16 9 9 14 14 9 14 12 112 54 28 16 16 22 14 14 64 32 16 16 30 16 16
4.700000000000001 8 112 0.9986049188414713 1.008260062422174
# 49 9 9 9 9 16 16 9 16 16 9 9 16 16 9 16 16 9 9 9 16 16 9 16 16 9 9 14 14 9 14 12 112 54 28 16 16 22 14 14 64 32 16 16 30 16 16
4.750000000000001 8 112 0.9985180581699201 1.0082549592860202
# 49 9 9 9 9 16 16 9 16 16 9 9 16 16 9 16 16 9 9 9 16 16 9 16 16 9 9 14 14 9 14 12 112 54 28 16 16 22 14 14 64 32 16 16 30 16 16
4.800000000000002 8 112 0.9984277354492216 1.0082488684633932
# 49 9 9 9 9 16 16 9 16 16 9 9 16 16 9 16 16 9 9 9 16 16 9 16 16 9 9 14 14 9 14 12 112 54 28 16 16 22 14 14 64 32 16 16 30 16 16
4.850000000000001 8 112 0.9983339695592532 1.0082418099886603
# 49 9 9 9 9 16 16 9 16 16 9 9 16 16 9 16 16 9 9 9 16 16 9 16 16 9 9 14 14 9 14 12 112 54 28 16 16 22 14 14 64 32 16 16 30 16 16
4.900000000000001 8 112 0.9982367866707906 1.0082338029814564
# 49 9 9 9 9 16 16 9 16 16 9 9 16 16 9 16 16 9 9 9 16 16 9 16 16 9 9 14 14 9 14 12 112 54 28 16 16 22 14 14 64 32 16 16 30 16 16
4.950000000000001 8 112 0.9981362201530602 1.008224865655934
# 49 9 9 9 9 16 16 9 16 16 9 9 16 16 9 16 16 9 9 9 16 16 9 16 16 9 9 14 14 9 14 12 112 54 28 16 16 22 14 14 64 32 16 16 30 16 16
5.000000000000002 8 112 0.9980323104615055 1.0082150153308722
# 49 9 9 9 9 16 16 9 16 16 9 9 16 16 9 16 16 9 9 9 16 16 9 16 16 9 9 14 14 9 14 12 112 54 28 16 16 22 14 14 64 32 16 16 30 16 16
5.050000000000002 8 112 0.9979251050067631 1.008204268440751
# 49 9 9 9 9 16 16 9 16 16 9 9 16 16 9 16 16 9 9 9 16 16 9 16 16 9 9 14 14 9 14 12 112 54 28 16 16 22 14 14 64 32 16 16 30 16 16
5.100000000000001 8 112 0.9978146580057077 1.0081926405477006
# 49 9 9 9 9 16 16 9 16 16 9 9 16 16 9 16 16 9 9 9 16 16 9 16 16 9 9 14 14 9 14 12 112 54 28 16 16 22 14 14 64 32 16 16 30 16 16
5.150000000000001 8 112 0.997701030315451 1.0081801463542865
# 49 9 9 9 9 16 16 9 16 16 9 9 16 16 9 16 16 9 9 9 16 16 9 16 16 9 9 14 14 9 14 12 112 54 28 16 16 22 14 14 64 32 16 16 30 16 16
5.200000000000001 8 112 0.9975842892513914 1.0081667997171366
# 49 9 9 9 9 16 16 9 16 16 9 9 16 16 9 16 16 9 9 9 16 16 9 16 16 9 9 14 14 9 14 12 112 54 28 16 16 22 14 14 64 32 16 16 30 16 16
5.250000000000002 8 112 0.9974645083901112 1.0081526136613088
# 49 9 9 9 9 16 16 9 16 16 9 9 16 16 9 16 16 9 9 9 16 16 9 16 16 9 9 14 14 9 14 12 112 54 28 16 16 22 14 14 64 32 16 16 30 16 16
5.300000000000002 8 112 0.9973417673582893 1.0081376003955234
# 49 9 9 9 9 16 16 9 16 16 9 9 16 16 9 16 16 9 9 9 16 16 9 16 16 9 9 14 14 9 14 12 112 54 28 16 16 22 14 14 64 32 16 16 30 16 16
5.350000000000001 8 112 0.9972161516083842 1.008121771328027
# 49 9 9 9 9 16 16 9 16 16 9 9 16 16 9 16 16 9 9 9 16 16 9 16 16 9 9 14 14 9 14 12 112 54 28 16 16 22 14 14 64 32 16 16 30 16 16
5.400000000000001 8 112 0.9970877521822722 1.008105137083223
# 49 9 9 9 9 16 16 9 16 16 9 9 16 16 9 16 16 9 9 9 16 16 9 16 16 9 9 14 14 9 14 12 112 54 28 16 16 22 14 14 64 32 16 16 30 16 16
5.450000000000002 8 112 0.9969566654636545 1.0080877075190124
# 49 9 9 9 9 16 16 9 16 16 9 9 16 16 9 16 16 9 9 9 16 16 9 16 16 9 9 14 14 9 14 12 112 54 28 16 16 22 14 14 64 32 16 16 30 16 16
5.500000000000002 8 112 0.9968229929202611 1.0080694917447506
# 49 9 9 9 9 16 16 9 16 16 9 9 16 16 9 16 16 9 9 9 16 16 9 16 16 9 9 14 14 9 14 12 112 54 28 16 16 22 14 14 64 32 16 16 30 16 16
5.550000000000002 8 112 0.9966868408367888 1.008050498139877
# 49 9 9 9 9 16 16 9 16 16 9 9 16 16 9 16 16 9 9 9 16 16 9 16 16 9 9 14 14 9 14 12 112 54 28 16 16 22 14 14 64 32 16 16 30 16 16
5.600000000000001 8 112 0.9965483200394103 1.0080307343731743
# 49 9 9 9 9 16 16 9 16 16 9 9 16 16 9 16 16 9 9 9 16 16 9 16 16 9 9 14 14 9 14 12 112 54 28 16 16 22 14 14 64 32 16 16 30 16 16
5.650000000000001 8 112 0.9964075456128269 1.0080102074225967
# 49 9 9 9 9 16 16 9 16 16 9 9 16 16 9 16 16 9 9 9 16 16 9 16 16 9 9 14 14 9 14 12 112 54 28 16 16 22 14 14 64 32 16 16 30 16 16
5.700000000000002 8 112 0.9962646366106971 1.0079889235957196
# 49 9 9 9 9 16 16 9 16 16 9 9 16 16 9 16 16 9 9 9 16 16 9 16 16 9 9 14 14 9 14 12 112 54 28 16 16 22 14 14 64 32 16 16 30 16 16
5.750000000000002 8 112 0.9961197157602314 1.007966888550656
# 49 9 9 9 9 16 16 9 16 16 9 9 16 16 9 16 16 9 9 9 16 16 9 16 16 9 9 14 14 9 14 12 112 54 28 16 16 22 14 14 64 32 16 16 30 16 16
5.800000000000002 8 112 0.9959729091617877 1.0079441073176476
# 49 9 9 9 9 16 16 9 16 16 9 9 16 16 9 16 16 9 9 9 16 16 9 16 16 9 9 14 14 9 14 12 112 54 28 16 16 22 14 14 64 32 16 16 30 16 16
5.850000000000001 8 112 0.9958243459841772 1.0079205843210293
# 49 9 9 9 9 16 16 9 16 16 9 9 16 16 9 16 16 9 9 9 16 16 9 16 16 9 9 14 14 9 14 12 112 54 28 16 16 22 14 14 64 32 16 16 30 16 16
5.900000000000002 8 112 0.995674158156421 1.007896323401744
# 49 9 9 9 9 16 16 9 16 16 9 9 16 16 9 16 16 9 9 9 16 16 9 16 16 9 9 14 14 9 14 12 112 54 28 16 16 22 14 14 64 32 16 16 30 16 16
5.950000000000002 8 112 0.995522480056681 1.00787132784035
# 49 9 9 9 9 16 16 9 16 16 9 9 16 16 9 16 16 9 9 9 16 16 9 16 16 9 9 14 14 9 14 12 112 54 28 16 16 22 14 14 64 32 16 16 30 16 16
6.000000000000002 8 112 0.9953694481989226 1.0078456003803984
# 49 9 9 9 9 16 16 9 16 16 9 9 16 16 9 16 16 9 9 9 16 16 9 16 16 9 9 14 14 9 14 12 112 54 28 16 16 22 14 14 64 32 16 16 30 16 16
6.050000000000002 8 112 0.9952152009179458 1.0078191432523085
# 49 9 9 9 9 16 16 9 16 16 9 9 16 16 9 16 16 9 9 9 16 16 9 16 16 9 9 14 14 9 14 12 112 54 28 16 16 22 14 14 64 32 16 16 30 16 16
6.100000000000001 8 112 0.9950598780534192 1.0077919581976131
# 49 9 9 9 9 16 16 9 16 16 9 9 16 16 9 16 16 9 9 9 16 16 9 16 16 9 9 14 14 9 14 12 112 54 28 16 16 22 14 14 64 32 16 16 30 16 16
6.150000000000002 8 112 0.9949036206333053 1.0077640464935216
# 49 9 9 9 9 16 16 9 16 16 9 9 16 16 9 16 16 9 9 9 16 16 9 16 16 9 9 14 14 9 14 12 112 54 28 16 16 22 14 14 64 32 16 16 30 16 16
6.200000000000002 8 112 0.9947465705572472 1.0077354089779544
# 49 9 9 9 9 16 16 9 16 16 9 9 16 16 9 16 16 9 9 9 16 16 9 16 16 9 9 14 14 9 14 12 112 54 28 16 16 22 14 14 64 32 16 16 30 16 16
6.250000000000002 8 112 0.9945888702803478 1.007706046074761
# 49 9 9 9 9 16 16 9 16 16 9 9 16 16 9 16 16 9 9 9 16 16 9 16 16 9 9 14 14 9 14 12 112 54 28 16 16 22 14 14 64 32 16 16 30 16 16
6.300000000000002 8 112 0.9944306624976098 1.0076759578193408
# 49 9 9 9 9 16 16 9 16 16 9 9 16 16 9 16 16 9 9 9 16 16 9 16 16 9 9 14 14 9 14 12 112 54 28 16 16 22 14 14 64 32 16 16 30 16 16
6.350000000000001 8 112 0.9942720898294554 1.0076451438844996
# 49 9 9 9 9 16 16 9 16 16 9 9 16 16 9 16 16 9 9 9 16 16 9 16 16 9 9 14 14 9 14 12 112 54 28 16 16 22 14 14 64 32 16 16 30 16 16
6.400000000000001 8 112 0.9941132945084439 1.007613603606521
# 49 9 9 9 9 16 16 9 16 16 9 9 16 16 9 16 16 9 9 9 16 16 9 16 16 9 9 14 14 9 14 12 112 54 28 16 16 22 14 14 64 32 16 16 30 16 16
6.450000000000002 8 112 0.9939544180674877 1.007581336011475
# 49 9 9 9 9 16 16 9 16 16 9 9 16 16 9 16 16 9 9 9 16 16 9 16 16 9 9 14 14 9 14 12 112 54 28 16 16 22 14 14 64 32 16 16 30 16 16
6.500000000000002 8 112 0.9937956010295858 1.0075483398417195
# 49 9 9 9 9 16 16 9 16 16 9 9 16 16 9 16 16 9 9 9 16 16 9 16 16 9 9 14 14 9 14 12 112 54 28 16 16 22 14 14 64 32 16 16 30 16 16
6.550000000000002 8 112 0.9936369825989932 1.0075146135825177
# 49 9 9 9 9 16 16 9 16 16 9 9 16 16 9 16 16 9 9 9 16 16 9 16 16 9 9 14 14 9 14 12 112 54 28 16 16 22 14 14 64 32 16 16 30 16 16
6.600000000000001 8 112 0.9934787003540821 1.0074801554887831
# 49 9 9 9 9 16 16 9 16 16 9 9 16 16 9 16 16 9 9 9 16 16 9 16 16 9 9 14 14 9 14 12 112 54 28 16 16 22 14 14 64 32 16 16 30 16 16
6.650000000000001 8 112 0.9933208899415562 1.0074449636119225
# 49 9 9 9 9 16 16 9 16 16 9 9 16 16 9 16 16 9 9 9 16 16 9 16 16 9 9 14 14 9 14 12 112 54 28 16 16 22 14 14 64 32 16 16 30 16 16
6.700000000000001 8 112 0.9931636847722829 1.0074090358266625
# 49 9 9 9 9 16 16 9 16 16 9 9 16 16 9 16 16 9 9 9 16 16 9 16 16 9 9 14 14 9 14 12 112 54 28 16 16 22 14 14 64 32 16 16 30 16 16
6.750000000000002 8 112 0.9930072157187202 1.0073723698579584
# 49 9 9 9 9 16 16 9 16 16 9 9 16 16 9 16 16 9 9 9 16 16 9 16 16 9 9 14 14 9 14 12 112 54 28 16 16 22 14 14 64 32 16 16 30 16 16
6.800000000000002 8 112 0.99285161081421 1.0073349633077824
# 49 9 9 9 9 16 16 9 16 16 9 9 16 16 9 16 16 9 9 9 16 16 9 16 16 9 9 14 14 9 14 12 112 54 28 16 16 22 14 14 64 32 16 16 30 16 16
6.850000000000001 8 112 0.9926969949549014 1.0072968136818912
# 49 9 9 9 9 16 16 9 16 16 9 9 16 16 9 16 16 9 9 9 16 16 9 16 16 9 9 14 14 9 14 12 112 54 28 16 16 22 14 14 64 32 16 16 30 16 16
6.900000000000002 8 112 0.9925434896052313 1.007257918416418
# 49 9 9 9 9 16 16 9 16 16 9 9 16 16 9 16 16 9 9 9 16 16 9 16 16 9 9 14 14 9 14 12 112 54 28 16 16 22 14 14 64 32 16 16 30 16 16
6.950000000000001 8 112 0.9923912125083886 1.0072182749043206
# 49 9 9 9 9 16 16 9 16 16 9 9 16 16 9 16 16 9 9 9 16 16 9 16 16 9 9 14 14 9 14 12 112 54 28 16 16 22 14 14 64 32 16 16 30 16 16
7.000000000000002 8 112 0.9922402774040313 1.0071778805216185
# 49 9 9 9 9 16 16 9 16 16 9 9 16 16 9 16 16 9 9 9 16 16 9 16 16 9 9 14 14 9 14 12 112 54 28 16 16 22 14 14 64 32 16 16 30 16 16
7.050000000000002 8 112 0.992090793755856 1.0071367326533123
# 49 9 9 9 9 16 16 9 16 16 9 9 16 16 9 16 16 9 9 9 16 16 9 16 16 9 9 14 14 9 14 12 112 54 28 16 16 22 14 14 64 32 16 16 30 16 16
7.100000000000001 8 112 0.9919428664921461 1.0070948287190473
# 49 9 9 9 9 16 16 9 16 16 9 9 16 16 9 16 16 9 9 9 16 16 9 16 16 9 9 14 14 9 14 12 112 54 28 16 16 22 14 14 64 32 16 16 30 16 16
7.150000000000002 8 112 0.9917965957630872 1.0070521661983787
# 49 9 9 9 9 16 16 9 16 16 9 9 16 16 9 16 16 9 9 9 16 16 9 16 16 9 9 14 14 9 14 12 112 54 28 16 16 22 14 14 64 32 16 16 30 16 16
7.200000000000001 8 112 0.9916520767184713 1.007008742655594
# 49 9 9 9 9 16 16 9 16 16 9 9 16 16 9 16 16 9 9 9 16 16 9 16 16 9 9 14 14 9 14 12 112 54 28 16 16 22 14 14 64 32 16 16 30 16 16
7.250000000000002 8 112 0.9915093993095763 1.0069645557641598
# 49 9 9 9 9 16 16 9 16 16 9 9 16 16 9 16 16 9 9 9 16 16 9 16 16 9 9 14 14 9 14 12 112 54 28 16 16 22 14 14 64 32 16 16 30 16 16
7.300000000000002 8 112 0.9913686481184636 1.0069196033305294
# 49 9 9 9 9 16 16 9 16 16 9 9 16 16 9 16 16 9 9 9 16 16 9 16 16 9 9 14 14 9 14 12 112 54 28 16 16 22 14 14 64 32 16 16 30 16 16
7.350000000000001 8 112 0.9912299022171672 1.006873883317454
# 49 9 9 9 9 16 16 9 16 16 9 9 16 16 9 16 16 9 9 9 16 16 9 16 16 9 9 14 14 9 14 12 112 54 28 16 16 22 14 14 64 32 16 16 30 16 16
7.400000000000002 8 112 0.991093235058569 1.0068273938666676
# 49 9 9 9 9 16 16 9 16 16 9 9 16 16 9 16 16 9 9 9 16 16 9 16 16 9 9 14 14 9 14 12 112 54 28 16 16 22 14 14 64 32 16 16 30 16 16
7.450000000000001 8 112 0.9909587143994203 1.0067801333208515
# 49 9 9 9 9 16 16 9 16 16 9 9 16 16 9 16 16 9 9 9 16 16 9 16 16 9 9 14 14 9 14 12 112 54 28 16 16 22 14 14 64 32 16 16 30 16 16
7.500000000000002 8 112 0.9908264022550849 1.0067321002448897
# 49 9 9 9 9 16 16 9 16 16 9 9 16 16 9 16 16 9 9 9 16 16 9 16 16 9 9 14 14 9 14 12 112 54 28 16 16 22 14 14 64 32 16 16 30 16 16
7.5500000000000025 8 112 0.9906963548848675 1.0066832934463164
# 49 9 9 9 9 16 16 9 16 16 9 9 16 16 9 16 16 9 9 9 16 16 9 16 16 9 9 14 14 9 14 12 112 54 28 16 16 22 14 14 64 32 16 16 30 16 16
7.600000000000001 8 112 0.9905686228055319 1.0066337119948934
# 49 9 9 9 9 16 16 9 16 16 9 9 16 16 9 16 16 9 9 9 16 16 9 16 16 9 9 14 14 9 14 12 112 54 28 16 16 22 14 14 64 32 16 16 30 16 16
7.650000000000002 8 112 0.9904432508309722 1.0065833552413308
# 49 9 9 9 9 16 16 9 16 16 9 9 16 16 9 16 16 9 9 9 16 16 9 16 16 9 9 14 14 9 14 12 112 54 28 16 16 22 14 14 64 32 16 16 30 16 16
7.700000000000001 8 112 0.9903202781351355 1.0065322228349638
# 49 9 9 9 9 16 16 9 16 16 9 9 16 16 9 16 16 9 9 9 16 16 9 16 16 9 9 14 14 9 14 12 112 54 28 16 16 22 14 14 64 32 16 16 30 16 16
7.750000000000002 8 112 0.990199738335657 1.0064803147404933
# 49 9 9 9 9 16 16 9 16 16 9 9 16 16 9 16 16 9 9 9 16 16 9 16 16 9 9 14 14 9 14 12 112 54 28 16 16 22 14 14 64 32 16 16 30 16 16
7.8000000000000025 8 112 0.9900816595958105 1.0064276312535727
# 49 9 9 9 9 16 16 9 16 16 9 9 16 16 9 16 16 9 9 9 16 16 9 16 16 9 9 14 14 9 14 12 112 54 28 16 16 22 14 14 64 32 16 16 30 16 16
7.850000000000001 8 112 0.9899660647426457 1.006374173015402
# 49 9 9 9 9 16 16 9 16 16 9 9 16 16 9 16 16 9 9 9 16 16 9 16 16 9 9 14 14 9 14 12 112 54 28 16 16 22 14 14 64 32 16 16 30 16 16
7.900000000000002 8 112 0.989852971399253 1.0063199410260553
# 49 9 9 9 9 16 16 9 16 16 9 9 16 16 9 16 16 9 9 9 16 16 9 16 16 9 9 14 14 9 14 12 112 54 28 16 16 22 14 14 64 32 16 16 30 16 16
7.950000000000001 8 112 0.9897423921297333 1.0062649366567213
# 49 9 9 9 9 16 16 9 16 16 9 9 16 16 9 16 16 9 9 9 16 16 9 16 16 9 9 14 14 9 14 12 112 54 28 16 16 22 14 14 64 32 16 16 30 16 16
8.000000000000002 8 112 0.9896343345951456 1.006209161660721
# 49 9 9 9 9 16 16 9 16 16 9 9 16 16 9 16 16 9 9 9 16 16 9 16 16 9 9 14 14 9 14 12 112 54 28 16 16 22 14 14 64 32 16 16 30 16 16
8.050000000000002 8 112 0.989528801719244 1.0061526181832643
# 49 9 9 9 9 16 16 9 16 16 9 9 16 16 9 16 16 9 9 9 16 16 9 16 16 9 9 14 14 9 14 12 112 54 28 16 16 22 14 14 64 32 16 16 30 16 16
8.100000000000001 8 112 0.9894257918626362 1.0060953087700986
# 49 9 9 9 9 16 16 9 16 16 9 9 16 16 9 16 16 9 9 9 16 16 9 16 16 9 9 14 14 9 14 12 112 54 28 16 16 22 14 14 64 32 16 16 30 16 16
8.150000000000002 8 112 0.9893252990041697 1.006037236374789
# 49 9 9 9 9 16 16 9 16 16 9 9 16 16 9 16 16 9 9 9 16 16 9 16 16 9 9 14 14 9 14 12 112 54 28 16 16 22 14 14 64 32 16 16 30 16 16
8.200000000000001 8 112 0.9892273129281538 1.0059784043649005
# 49 9 9 9 9 16 16 9 16 16 9 9 16 16 9 16 16 9 9 9 16 16 9 16 16 9 9 14 14 9 14 12 112 54 28 16 16 22 14 14 64 32 16 16 30 16 16
8.250000000000002 8 112 0.9891318194162758 1.005918816526913
# 49 9 9 9 9 16 16 9 16 16 9 9 16 16 9 16 16 9 9 9 16 16 9 16 16 9 9 14 14 9 14 12 112 54 28 16 16 22 14 14 64 32 16 16 30 16 16
8.300000000000002 8 112 0.989038800442858 1.005858477069972
# 49 9 9 9 9 16 16 9 16 16 9 9 16 16 9 16 16 9 9 9 16 16 9 16 16 9 9 14 14 9 14 12 112 54 28 16 16 22 14 14 64 32 16 16 30 16 16
8.350000000000001 8 112 0.9889482343720971 1.0057973906285134
# 49 9 9 9 9 16 16 9 16 16 9 9 16 16 9 16 16 9 9 9 16 16 9 16 16 9 9 14 14 9 14 12 112 54 28 16 16 22 14 14 64 32 16 16 30 16 16
8.400000000000002 8 112 0.9888600961562273 1.0057355622637107
# 49 9 9 9 9 16 16 9 16 16 9 9 16 16 9 16 16 9 9 9 16 16 9 16 16 9 9 14 14 9 14 12 112 54 28 16 16 22 14 14 64 32 16 16 30 16 16
8.450000000000003 8 112 0.988774357533131 1.0056729974639094
# 49 9 9 9 9 16 16 9 16 16 9 9 16 16 9 16 16 9 9 9 16 16 9 16 16 9 9 14 14 9 14 12 112 54 28 16 16 22 14 14 64 32 16 16 30 16 16
8.500000000000002 8 112 0.9886909872224738 1.0056097021440233
# 49 9 9 9 9 16 16 9 16 16 9 9 16 16 9 16 16 9 9 9 16 16 9 16 16 9 9 14 14 9 14 12 112 54 28 16 16 22 14 14 64 32 16 16 30 16 16
8.550000000000002 8 112 0.9886099511191332 1.0055456826439122
# 49 9 9 9 9 16 16 9 16 16 9 9 16 16 9 16 16 9 9 9 16 16 9 16 16 9 9 14 14 9 14 12 112 54 28 16 16 22 14 14 64 32 16 16 30 16 16
8.600000000000001 8 112 0.9885312124830217 1.0054809457258989
# 49 9 9 9 9 16 16 9 16 16 9 9 16 16 9 16 16 9 9 9 16 16 9 16 16 9 9 14 14 9 14 12 112 54 28 16 16 22 14 14 64 32 16 16 30 16 16
8.650000000000002 8 112 0.988454732124363 1.005415498571401
# 49 9 9 9 9 16 16 9 16 16 9 9 16 16 9 16 16 9 9 9 16 16 9 16 16 9 9 14 14 9 14 12 112 54 28 16 16 22 14 14 64 32 16 16 30 16 16
8.700000000000003 8 112 0.9883804685837703 1.005349348776751
# 49 9 9 9 9 16 16 9 16 16 9 9 16 16 9 16 16 9 9 9 16 16 9 16 16 9 9 14 14 9 14 12 112 54 28 16 16 22 14 14 64 32 16 16 30 16 16
8.750000000000002 8 112 0.9883083783062313 1.0052825043483369
# 49 9 9 9 9 16 16 9 16 16 9 9 16 16 9 16 16 9 9 9 16 16 9 16 16 9 9 14 14 9 14 12 112 54 28 16 16 22 14 14 64 32 16 16 30 16 16
8.800000000000002 8 112 0.9882384158086068 1.0052149736970073
# 49 9 9 9 9 16 16 9 16 16 9 9 16 16 9 16 16 9 9 9 16 16 9 16 16 9 9 14 14 9 14 12 112 54 28 16 16 22 14 14 64 32 16 16 30 16 16
8.850000000000001 8 112 0.9881705338400997 1.005146765631939
# 49 9 9 9 9 16 16 9 16 16 9 9 16 16 9 16 16 9 9 9 16 16 9 16 16 9 9 14 14 9 14 12 112 54 28 16 16 22 14 14 64 32 16 16 30 16 16
8.900000000000002 8 112 0.9881046835351249 1.0050778893538952
# 49 9 9 9 9 16 16 9 16 16 9 9 16 16 9 16 16 9 9 9 16 16 9 16 16 9 9 14 14 9 14 12 112 54 28 16 16 22 14 14 64 32 16 16 30 16 16
8.950000000000003 8 112 0.9880408145582705 1.0050083544480901
# 49 9 9 9 9 16 16 9 16 16 9 9 16 16 9 16 16 9 9 9 16 16 9 16 16 9 9 14 14 9 14 12 112 54 28 16 16 22 14 14 64 32 16 16 30 16 16
9.000000000000002 8 112 0.9879788752408327 1.0049381708765586
# 49 9 9 9 9 16 16 9 16 16 9 9 16 16 9 16 16 9 9 9 16 16 9 16 16 9 9 14 14 9 14 12 112 54 28 16 16 22 14 14 64 32 16 16 30 16 16
9.050000000000002 8 112 0.9879188127086028 1.0048673489701883
# 49 9 9 9 9 16 16 9 16 16 9 9 16 16 9 16 16 9 9 9 16 16 9 16 16 9 9 14 14 9 14 12 112 54 28 16 16 22 14 14 64 32 16 16 30 16 16
9.100000000000001 8 112 0.9878605730002314 1.00479589942047
# 49 9 9 9 9 16 16 9 16 16 9 9 16 16 9 16 16 9 9 9 16 16 9 16 16 9 9 14 14 9 14 12 112 54 28 16 16 22 14 14 64 32 16 16 30 16 16
9.150000000000002 8 112 0.9878041011758745 1.0047238332709518
# 49 9 9 9 9 16 16 9 16 16 9 9 16 16 9 16 16 9 9 9 16 16 9 16 16 9 9 14 14 9 14 12 112 54 28 16 16 22 14 14 64 32 16 16 30 16 16
9.200000000000003 8 112 0.9877493414153389 1.0046511619084935
# 49 9 9 9 9 16 16 9 16 16 9 9 16 16 9 16 16 9 9 9 16 16 9 16 16 9 9 14 14 9 14 12 112 54 28 16 16 22 14 14 64 32 16 16 30 16 16
9.250000000000002 8 112 0.9876962371052346 1.0045778970543437
# 49 9 9 9 9 16 16 9 16 16 9 9 16 16 9 16 16 9 9 9 16 16 9 16 16 9 9 14 14 9 14 12 112 54 28 16 16 22 14 14 64 32 16 16 30 16 16
9.300000000000002 8 112 0.9876447309144607 1.0045040507551342
# 49 9 9 9 9 16 16 9 16 16 9 9 16 16 9 16 16 9 9 9 16 16 9 16 16 9 9 14 14 9 14 12 112 54 28 16 16 22 14 14 64 32 16 16 30 16 16
9.350000000000003 8 112 0.9875947648574485 1.0044296353736704
# 49 9 9 9 9 16 16 9 16 16 9 9 16 16 9 16 16 9 9 9 16 16 9 16 16 9 9 14 14 9 14 12 112 54 28 16 16 22 14 14 64 32 16 16 30 16 16
9.400000000000002 8 112 0.9875462803444789 1.0043546635797551
# 49 9 9 9 9 16 16 9 16 16 9 9 16 16 9 16 16 9 9 9 16 16 9 16 16 9 9 14 14 9 14 12 112 54 28 16 16 22 14 14 64 32 16 16 30 16 16
9.450000000000003 8 112 0.9874992182187564 1.0042791483409328
# 49 9 9 9 9 16 16 9 16 16 9 9 16 16 9 16 16 9 9 9 16 16 9 16 16 9 9 14 14 9 14 12 112 54 28 16 16 22 14 14 64 32 16 16 30 16 16
9.500000000000002 8 112 0.987453518779692 1.0042031029131953
# 49 9 9 9 9 16 16 9 16 16 9 9 16 16 9 16 16 9 9 9 16 16 9 16 16 9 9 14 14 9 14 12 112 54 28 16 16 22 14 14 64 32 16 16 30 16 16
9.550000000000002 8 112 0.9874091217924602 1.0041265408317153
# 49 9 9 9 9 16 16 9 16 16 9 9 16 16 9 16 16 9 9 9 16 16 9 16 16 9 9 14 14 9 14 12 112 54 28 16 16 22 14 14 64 32 16 16 30 16 16
9.600000000000003 8 112 0.9873659664836557 1.0040494759015677
# 49 9 9 9 9 16 16 9 16 16 9 9 16 16 9 16 16 9 9 9 16 16 9 16 16 9 9 14 14 9 14 12 112 54 28 16 16 22 14 14 64 32 16 16 30 16 16
9.650000000000002 8 112 0.9873239915233567 1.0039719221884968
# 49 9 9 9 9 16 16 9 16 16 9 9 16 16 9 16 16 9 9 9 16 16 9 16 16 9 9 14 14 9 14 12 112 54 28 16 16 22 14 14 64 32 16 16 30 16 16
9.700000000000003 8 112 0.9872831349941924 1.0038938940096935
# 49 9 9 9 9 16 16 9 16 16 9 9 16 16 9 16 16 9 9 9 16 16 9 16 16 9 9 14 14 9 14 12 112 54 28 16 16 22 14 14 64 32 16 16 30 16 16
9.750000000000002 8 112 0.9872433343478346 1.0038154059246174
# 49 9 9 9 9 16 16 9 16 16 9 9 16 16 9 16 16 9 9 9 16 16 9 16 16 9 9 14 14 9 14 12 112 54 28 16 16 22 14 14 64 32 16 16 30 16 16
9.800000000000002 8 112 0.9872045263500309 1.0037364727258602
# 49 9 9 9 9 16 16 9 16 16 9 9 16 16 9 16 16 9 9 9 16 16 9 16 16 9 9 14 14 9 14 12 112 54 28 16 16 22 14 14 64 32 16 16 30 16 16
9.850000000000003 8 112 0.9871666470150867 1.0036571094300275
# 49 9 9 9 9 16 16 9 16 16 9 9 16 16 9 16 16 9 9 9 16 16 9 16 16 9 9 14 14 9 14 12 112 54 28 16 16 22 14 14 64 32 16 16 30 16 16
9.900000000000002 8 112 0.9871296315309095 1.0035773312686778
# 49 9 9 9 9 16 16 9 16 16 9 9 16 16 9 16 16 9 9 9 16 16 9 16 16 9 9 14 14 9 14 12 112 54 28 16 16 22 14 14 64 32 16 16 30 16 16
9.950000000000003 8 112 0.9870934141759565 1.0034971536792678
# 49 9 9 9 9 16 16 9 16 16 9 9 16 16 9 16 16 9 9 9 16 16 9 16 16 9 9 14 14 9 14 12 112 54 28 16 16 22 14 14 64 32 16 16 30 16 16
10.000000000000004 8 112 0.9870579282291333 1.00341659229612
# 49 9 9 9 9 16 16 9 16 16 9 9 16 16 9 16 16 9 9 9 16 16 9 16 16 9 9 14 14 9 14 12 112 54 28 16 16 22 14 14 64 32 16 16 30 16 16
10.050000000000002 8 112 0.9870231058740586 1.0033356629414447
# 49 9 9 9 9 16 16 9 16 16 9 9 16 16 9 16 16 9 9 9 16 16 9 16 16 9 9 14 14 9 14 12 112 54 28 16 16 22 14 14 64 32 16 16 30 16 16
10.100000000000003 8 112 0.9869888780987399 1.003254381616309
# 49 9 9 9 9 16 16 9 16 16 9 9 16 16 9 16 16 9 9 9 16 16 9 16 16 9 9 14 14 9 14 12 112 54 28 16 16 22 14 14 64 32 16 16 30 16 16
10.150000000000002 8 112 0.9869551745919461 1.003172764491656
# 49 9 9 9 9 16 16 9 16 16 9 9 16 16 9 16 16 9 9 9 16 16 9 16 16 9 9 14 14 9 14 12 112 54 28 16 16 22 14 14 64 32 16 16 30 16 16
10.200000000000003 8 112 0.9869219236372213 1.0030908278993036
# 49 9 9 9 9 16 16 9 16 16 9 9 16 16 9 16 16 9 9 9 16 16 9 16 16 9 9 14 14 9 14 12 112 54 28 16 16 22 14 14 64 32 16 16 30 16 16
10.250000000000004 8 112 0.9868890520056153 1.0030085883229043
# 49 9 9 9 9 16 16 9 16 16 9 9 16 16 9 16 16 9 9 9 16 16 9 16 16 9 9 14 14 9 14 12 112 54 28 16 16 22 14 14 64 32 16 16 30 16 16
10.300000000000002 8 112 0.9868564848480279 1.0029260623889322
# 49 9 9 9 9 16 16 9 16 16 9 9 16 16 9 16 16 9 9 9 16 16 9 16 16 9 9 14 14 9 14 12 112 54 28 16 16 22 14 14 64 32 16 16 30 16 16
10.350000000000003 8 112 0.9868241455881236 1.002843266857586
# 49 9 9 9 9 16 16 9 16 16 9 9 16 16 9 16 16 9 9 9 16 16 9 16 16 9 9 14 14 9 14 12 112 54 28 16 16 22 14 14 64 32 16 16 30 16 16
10.400000000000002 8 112 0.9867919558165896 1.002760218613696
# 49 9 9 9 9 16 16 9 16 16 9 9 16 16 9 16 16 9 9 9 16 16 9 16 16 9 9 14 14 9 14 12 112 54 28 16 16 22 14 14 64 32 16 16 30 16 16
10.450000000000003 8 112 0.9867598351876878 1.0026769346575726
# 49 9 9 9 9 16 16 9 16 16 9 9 16 16 9 16 16 9 9 9 16 16 9 16 16 9 9 14 14 9 14 12 112 54 28 16 16 22 14 14 64 32 16 16 30 16 16
10.500000000000004 8 112 0.9867277013188229 1.0025934320958125
# 49 9 9 9 9 16 16 9 16 16 9 9 16 16 9 16 16 9 9 9 16 16 9 16 16 9 9 14 14 9 14 12 112 54 28 16 16 22 14 14 64 32 16 16 30 16 16
10.550000000000002 8 112 0.9866954696940871 1.0025097281320505
# 49 9 9 9 9 16 16 9 16 16 9 9 16 16 9 16 16 9 9 9 16 16 9 16 16 9 9 14 14 9 14 12 112 54 28 16 16 22 14 14 64 32 16 16 30 16 16
10.600000000000003 8 112 0.9866630535726599 1.0024258400576314
# 49 9 9 9 9 16 16 9 16 16 9 9 16 16 9 16 16 9 9 9 16 16 9 16 16 9 9 14 14 9 14 12 112 54 28 16 16 22 14 14 64 32 16 16 30 16 16
10.650000000000004 8 112 0.9866303639029455 1.0023417852422942
# 49 9 9 9 9 16 16 9 16 16 9 9 16 16 9 16 16 9 9 9 16 16 9 16 16 9 9 14 14 9 14 12 112 54 28 16 16 22 14 14 64 32 16 16 30 16 16
10.700000000000005 8 112 0.9865973092434388 1.0022575811246757
# 49 9 9 9 9 16 16 9 16 16 9 9 16 16 9 16 16 9 9 9 16 16 9 16 16 9 9 14 14 9 14 12 112 54 28 16 16 22 14 14 64 32 16 16 30 16 16
10.750000000000005 8 112 0.9865637956913589 1.0021732452028769
# 49 9 9 9 9 16 16 9 16 16 9 9 16 16 9 16 16 9 9 9 16 16 9 16 16 9 9 14 14 9 14 12 112 54 28 16 16 22 14 14 64 32 16 16 30 16 16
10.800000000000008 8 112 0.9865297268200691 1.0020887950248527
# 49 9 9 9 9 16 16 9 16 16 9 9 16 16 9 16 16 9 9 9 16 16 9 16 16 9 9 14 14 9 14 12 112 54 28 16 16 22 14 14 64 32 16 16 30 16 16
10.850000000000009 8 112 0.9864950036262443 1.002004248178801
# 49 9 9 9 9 16 16 9 16 16 9 9 16 16 9 16 16 9 9 9 16 16 9 16 16 9 9 14 14 9 14 12 112 54 28 16 16 22 14 14 64 32 16 16 30 16 16
10.900000000000011 8 112 0.9864595244881025 1.0019196222834394
# 49 9 9 9 9 16 16 9 16 16 9 9 16 16 9 16 16 9 9 9 16 16 9 16 16 9 9 14 14 9 14 12 112 54 28 16 16 22 14 14 64 32 16 16 30 16 16
10.95000000000001 8 112 0.9864231851354502 1.0018349349782356
# 49 9 9 9 9 16 16 9 16 16 9 9 16 16 9 16 16 9 9 9 16 16 9 16 16 9 9 14 14 9 14 12 112 54 28 16 16 22 14 14 64 32 16 16 30 16 16
11.000000000000012 8 112 0.986385878632804 1.001750203913562
# 49 9 9 9 9 16 16 9 16 16 9 9 16 16 9 16 16 9 9 9 16 16 9 16 16 9 9 14 14 9 14 12 112 54 28 16 16 22 14 14 64 32 16 16 30 16 16
11.050000000000013 8 112 0.9863474953765919 1.001665446740748
# 49 9 9 9 9 16 16 9 16 16 9 9 16 16 9 16 16 9 9 9 16 16 9 16 16 9 9 14 14 9 14 12 112 54 28 16 16 22 14 14 64 32 16 16 30 16 16
11.100000000000016 8 112 0.9863079231071838 1.001580681102131
# 49 9 9 9 9 16 16 9 16 16 9 9 16 16 9 16 16 9 9 9 16 16 9 16 16 9 9 14 14 9 14 12 112 54 28 16 16 22 14 14 64 32 16 16 30 16 16
11.150000000000016 8 112 0.9862670469367922 1.0014959246209572
# 49 9 9 9 9 16 16 9 16 16 9 9 16 16 9 16 16 9 9 9 16 16 9 16 16 9 9 14 14 9 14 12 112 54 28 16 16 22 14 14 64 32 16 16 30 16 16
11.200000000000017 8 112 0.9862247493939333 1.0014111948913045
# 49 9 9 9 9 16 16 9 16 16 9 9 16 16 9 16 16 9 9 9 16 16 9 16 16 9 9 14 14 9 14 12 112 54 28 16 16 22 14 14 64 32 16 16 30 16 16
11.250000000000018 8 112 0.9861809104851345 1.0013265094678583
# 49 9 9 9 9 16 16 9 16 16 9 9 16 16 9 16 16 9 9 9 16 16 9 16 16 9 9 14 14 9 14 12 112 54 28 16 16 22 14 14 64 32 16 16 30 16 16
11.300000000000018 8 112 0.9861354077743575 1.0012418858557262
# 49 9 9 9 9 16 16 9 16 16 9 9 16 16 9 16 16 9 9 9 16 16 9 16 16 9 9 14 14 9 14 12 112 54 28 16 16 22 14 14 64 32 16 16 30 16 16
11.350000000000021 8 112 0.9860881164806826 1.0011573415001285
# 49 9 9 9 9 16 16 9 16 16 9 9 16 16 9 16 16 9 9 9 16 16 9 16 16 9 9 14 14 9 14 12 112 54 28 16 16 22 14 14 64 32 16 16 30 16 16
11.400000000000022 8 112 0.9860389095943244 1.0010728937761026
# 49 9 9 9 9 16 16 9 16 16 9 9 16 16 9 16 16 9 9 9 16 16 9 16 16 9 9 14 14 9 14 12 112 54 28 16 16 22 14 14 64 32 16 16 30 16 16
11.450000000000022 8 112 0.9859876580113461 1.0009885599781525
# 49 9 9 9 9 16 16 9 16 16 9 9 16 16 9 16 16 9 9 9 16 16 9 16 16 9 9 14 14 9 14 12 112 54 28 16 16 22 14 14 64 32 16 16 30 16 16
11.500000000000023 8 112 0.9859342306868073 1.0009043573098817
# 49 9 9 9 9 16 16 9 16 16 9 9 16 16 9 16 16 9 9 9 16 16 9 16 16 9 9 14 14 9 14 12 112 54 28 16 16 22 14 14 64 32 16 16 30 16 16
11.550000000000026 8 112 0.9858784948064021 1.000820302873649
# 49 9 9 9 9 16 16 9 16 16 9 9 16 16 9 16 16 9 9 9 16 16 9 16 16 9 9 14 14 9 14 12 112 54 28 16 16 22 14 14 64 32 16 16 30 16 16
11.600000000000026 8 112 0.9858203159761213 1.000736413660169
# 49 9 9 9 9 16 16 9 16 16 9 9 16 16 9 16 16 9 9 9 16 16 9 16 16 9 9 14 14 9 14 12 112 54 28 16 16 22 14 14 64 32 16 16 30 16 16
11.650000000000029 8 112 0.9857595584295475 1.0006527065382218
# 49 9 9 9 9 16 16 9 16 16 9 9 16 16 9 16 16 9 9 9 16 16 9 16 16 9 9 14 14 9 14 12 112 54 28 16 16 22 14 14 64 32 16 16 30 16 16
11.700000000000028 8 112 0.9856960852522172 1.0005691982443137
# 49 9 9 9 9 16 16 9 16 16 9 9 16 16 9 16 16 9 9 9 16 16 9 16 16 9 9 14 14 9 14 12 112 54 28 16 16 22 14 14 64 32 16 16 30 16 16
11.75000000000003 8 112 0.9856297586221712 1.0004859053724708
# 49 9 9 9 9 16 16 9 16 16 9 9 16 16 9 16 16 9 9 9 16 16 9 16 16 9 9 14 14 9 14 12 112 54 28 16 16 22 14 14 64 32 16 16 30 16 16
11.800000000000031 8 112 0.9855604400660221 1.0004028443640587
# 49 9 9 9 9 16 16 9 16 16 9 9 16 16 9 16 16 9 9 9 16 16 9 16 16 9 9 14 14 9 14 12 112 54 28 16 16 22 14 14 64 32 16 16 30 16 16
11.850000000000033 8 112 0.9854879907293307 1.0003200314977292
# 49 9 9 9 9 16 16 9 16 16 9 9 16 16 9 16 16 9 9 9 16 16 9 16 16 9 9 14 14 9 14 12 112 54 28 16 16 22 14 14 64 32 16 16 30 16 16
11.900000000000034 8 112 0.9854122716602078 1.0002374828794687
# 49 9 9 9 9 16 16 9 16 16 9 9 16 16 9 16 16 9 9 9 16 16 9 16 16 9 9 14 14 9 14 12 112 54 28 16 16 22 14 14 64 32 16 16 30 16 16
11.950000000000035 8 112 0.985333144104964 1.0001552144328147
# 49 9 9 9 9 16 16 9 16 16 9 9 16 16 9 16 16 9 9 9 16 16 9 16 16 9 9 14 14 9 14 12 112 54 28 16 16 22 14 14 64 32 16 16 30 16 16
12.000000000000036 8 112 0.9852504698141882 1.0000732418892373
# 49 9 9 9 9 16 16 9 16 16 9 9 16 16 9 16 16 9 9 9 16 16 9 16 16 9 9 14 14 9 14 12 112 54 28 16 16 22 14 14 64 32 16 16 30 16 16
12.050000000000036 8 112 0.9851641113580017 0.9999915807786868
# 49 9 9 9 9 16 16 9 16 16 9 9 16 16 9 16 16 9 9 9 16 16 9 16 16 9 9 14 14 9 14 12 112 54 28 16 16 22 14 14 64 32 16 16 30 16 16
12.100000000000039 8 112 0.9850739324486916 0.9999102464204283
# 49 9 9 9 9 16 16 9 16 16 9 9 16 16 9 16 16 9 9 9 16 16 9 16 16 9 9 14 14 9 14 12 112 54 28 16 16 22 14 14 64 32 16 16 30 16 16
12.15000000000004 8 112 0.9849797982690345 0.9998292539140735
# 49 9 9 9 9 16 16 9 16 16 9 9 16 16 9 16 16 9 9 9 16 16 9 16 16 9 9 14 14 9 14 12 112 54 28 16 16 22 14 14 64 32 16 16 30 16 16
12.20000000000004 8 112 0.9848815758045193 0.9997486181309067
# 49 9 9 9 9 16 16 9 16 16 9 9 16 16 9 16 16 9 9 9 16 16 9 16 16 9 9 14 14 9 14 12 112 54 28 16 16 22 14 14 64 32 16 16 30 16 16
12.25000000000004 8 112 0.984779134177725 0.9996683537055536
# 49 9 9 9 9 16 16 9 16 16 9 9 16 16 9 16 16 9 9 9 16 16 9 16 16 9 9 14 14 9 14 12 112 54 28 16 16 22 14 14 64 32 16 16 30 16 16
12.300000000000043 8 112 0.9846723449826409 0.9995884750279437
# 49 9 9 9 9 16 16 9 16 16 9 9 16 16 9 16 16 9 9 9 16 16 9 16 16 9 9 14 14 9 14 12 112 54 28 16 16 22 14 14 64 32 16 16 30 16 16
12.350000000000044 8 112 0.9845610826171372 0.9995089962356515
# 49 9 9 9 9 16 16 9 16 16 9 9 16 16 9 16 16 9 9 9 16 16 9 16 16 9 9 14 14 9 14 12 112 54 28 16 16 22 14 14 64 32 16 16 30 16 16
12.400000000000045 8 112 0.9844452246116584 0.999429931206665
# 49 9 9 9 9 16 16 9 16 16 9 9 16 16 9 16 16 9 9 9 16 16 9 16 16 9 9 14 14 9 14 12 112 54 28 16 16 22 14 14 64 32 16 16 30 16 16
12.450000000000045 8 112 0.9843246519517487 0.9993512935525086
# 49 9 9 9 9 16 16 9 16 16 9 9 16 16 9 16 16 9 9 9 16 16 9 16 16 9 9 14 14 9 14 12 112 54 28 16 16 22 14 14 64 32 16 16 30 16 16
12.500000000000048 8 112 0.9841992493928445 0.9992730966118604
# 49 9 9 9 9 16 16 9 16 16 9 9 16 16 9 16 16 9 9 9 16 16 9 16 16 9 9 14 14 9 14 12 112 54 28 16 16 22 14 14 64 32 16 16 30 16 16
12.55000000000005 8 112 0.9840689057649274 0.9991953534446348
# 49 9 9 9 9 16 16 9 16 16 9 9 16 16 9 16 16 9 9 9 16 16 9 16 16 9 9 14 14 9 14 12 112 54 28 16 16 22 14 14 64 32 16 16 30 16 16
12.60000000000005 8 112 0.9839335142653198 0.9991180768265026
# 49 9 9 9 9 16 16 9 16 16 9 9 16 16 9 16 16 9 9 9 16 16 9 16 16 9 9 14 14 9 14 12 112 54 28 16 16 22 14 14 64 32 16 16 30 16 16
12.650000000000052 8 112 0.9837929727376136 0.9990412792439848
# 49 9 9 9 9 16 16 9 16 16 9 9 16 16 9 16 16 9 9 9 16 16 9 16 16 9 9 14 14 9 14 12 112 54 28 16 16 22 14 14 64 32 16 16 30 16 16
12.700000000000053 8 112 0.9836471839350427 0.9989649728900115
# 49 9 9 9 9 16 16 9 16 16 9 9 16 16 9 16 16 9 9 9 16 16 9 16 16 9 9 14 14 9 14 12 112 54 28 16 16 22 14 14 64 32 16 16 30 16 16
12.750000000000055 8 112 0.9834960557663026 0.9988891696600545
# 49 9 9 9 9 16 16 9 16 16 9 9 16 16 9 16 16 9 9 9 16 16 9 16 16 9 9 14 14 9 14 12 112 54 28 16 16 22 14 14 64 32 16 16 30 16 16
12.800000000000054 8 112 0.9833395015225345 0.9988138811487738
# 49 9 9 9 9 16 16 9 16 16 9 9 16 16 9 16 16 9 9 9 16 16 9 16 16 9 9 14 14 9 14 12 112 54 28 16 16 22 14 14 64 32 16 16 30 16 16
12.850000000000056 8 112 0.9831774400838531 0.9987391186472685
# 49 9 9 9 9 16 16 9 16 16 9 9 16 16 9 16 16 9 9 9 16 16 9 16 16 9 9 14 14 9 14 12 112 54 28 16 16 22 14 14 64 32 16 16 30 16 16
12.900000000000057 8 112 0.9830097961042012 0.9986648931408199
# 49 9 9 9 9 16 16 9 16 16 9 9 16 16 9 16 16 9 9 9 16 16 9 16 16 9 9 14 14 9 14 12 112 54 28 16 16 22 14 14 64 32 16 16 30 16 16
12.950000000000058 8 112 0.9828365001733238 0.9985912153072618
# 49 9 9 9 9 16 16 9 16 16 9 9 16 16 9 16 16 9 9 9 16 16 9 16 16 9 9 14 14 9 14 12 112 54 28 16 16 22 14 14 64 32 16 16 30 16 16
13.000000000000059 8 112 0.9826574889550078 0.9985180955158712
# 49 9 9 9 9 16 16 9 16 16 9 9 16 16 9 16 16 9 9 9 16 16 9 16 16 9 9 14 14 9 14 12 112 54 28 16 16 22 14 14 64 32 16 16 30 16 16
13.050000000000061 8 112 0.9824727053010287 0.9984455438268374
# 49 9 9 9 9 16 16 9 16 16 9 9 16 16 9 16 16 9 9 9 16 16 9 16 16 9 9 14 14 9 14 12 112 54 28 16 16 22 14 14 64 32 16 16 30 16 16
13.100000000000064 8 112 0.9822820983399869 0.9983735699912756
# 49 9 9 9 9 16 16 9 16 16 9 9 16 16 9 16 16 9 9 9 16 16 9 16 16 9 9 14 14 9 14 12 112 54 28 16 16 22 14 14 64 32 16 16 30 16 16
13.150000000000063 8 112 0.9820856235410899 0.9983021834517845
# 49 9 9 9 9 16 16 9 16 16 9 9 16 16 9 16 16 9 9 9 16 16 9 16 16 9 9 14 14 9 14 12 112 54 28 16 16 22 14 14 64 32 16 16 30 16 16
13.200000000000063 8 112 0.9818832427527249 0.9982313933435337
# 49 9 9 9 9 16 16 9 16 16 9 9 16 16 9 16 16 9 9 9 16 16 9 16 16 9 9 14 14 9 14 12 112 54 28 16 16 22 14 14 64 32 16 16 30 16 16
13.250000000000066 8 112 0.981674924215984 0.9981612084958753
# 49 9 9 9 9 16 16 9 16 16 9 9 16 16 9 16 16 9 9 9 16 16 9 16 16 9 9 14 14 9 14 12 112 54 28 16 16 22 14 14 64 32 16 16 30 16 16
13.300000000000068 8 112 0.9814606425536718 0.9980916374344441
# 49 9 9 9 9 16 16 9 16 16 9 9 16 16 9 16 16 9 9 9 16 16 9 16 16 9 9 14 14 9 14 12 112 54 28 16 16 22 14 14 64 32 16 16 30 16 16
13.350000000000067 8 112 0.9812403787354874 0.9980226883837484
# 49 9 9 9 9 16 16 9 16 16 9 9 16 16 9 16 16 9 9 9 16 16 9 16 16 9 9 14 14 9 14 12 112 54 28 16 16 22 14 14 64 32 16 16 30 16 16
13.40000000000007 8 112 0.9810141200199869 0.9979543692702102
# 49 9 9 9 9 16 16 9 16 16 9 9 16 16 9 16 16 9 9 9 16 16 9 16 16 9 9 14 14 9 14 12 112 54 28 16 16 22 14 14 64 32 16 16 30 16 16
13.45000000000007 8 112 0.980781859874769 0.9978866877256584
# 49 9 9 9 9 16 16 9 16 16 9 9 16 16 9 16 16 9 9 9 16 16 9 16 16 9 9 14 14 9 14 12 112 54 28 16 16 22 14 14 64 32 16 16 30 16 16
13.500000000000073 8 112 0.9805435978758903 0.9978196510912355
# 49 9 9 9 9 16 16 9 16 16 9 9 16 16 9 16 16 9 9 9 16 16 9 16 16 9 9 14 14 9 14 12 112 54 28 16 16 22 14 14 64 32 16 16 30 16 16
13.550000000000072 8 112 0.9802993395879585 0.997753266421659
# 49 9 9 9 9 16 16 9 16 16 9 9 16 16 9 16 16 9 9 9 16 16 9 16 16 9 9 14 14 9 14 12 112 54 28 16 16 22 14 14 64 32 16 16 30 16 16
13.600000000000074 8 112 0.9800490964265713 0.9976875404899053
# 49 9 9 9 9 16 16 9 16 16 9 9 16 16 9 16 16 9 9 9 16 16 9 16 16 9 9 14 14 9 14 12 112 54 28 16 16 22 14 14 64 32 16 16 30 16 16
13.650000000000077 8 112 0.9797928855046049 0.9976224797921639
# 49 9 9 9 9 16 16 9 16 16 9 9 16 16 9 16 16 9 9 9 16 16 9 16 16 9 9 14 14 9 14 12 112 54 28 16 16 22 14 14 64 32 16 16 30 16 16
13.700000000000077 8 112 0.979530729464288 0.9975580905531537
# 49 9 9 9 9 16 16 9 16 16 9 9 16 16 9 16 16 9 9 9 16 16 9 16 16 9 9 14 14 9 14 12 112 54 28 16 16 22 14 14 64 32 16 16 30 16 16
13.750000000000076 8 112 0.9792626562968453 0.9974943787316867
# 49 9 9 9 9 16 16 9 16 16 9 9 16 16 9 16 16 9 9 9 16 16 9 16 16 9 9 14 14 9 14 12 112 54 28 16 16 22 14 14 64 32 16 16 30 16 16
13.800000000000079 8 112 0.9789886991515526 0.997431350026483
# 49 9 9 9 9 16 16 9 16 16 9 9 16 16 9 16 16 9 9 9 16 16 9 16 16 9 9 14 14 9 14 12 112 54 28 16 16 22 14 14 64 32 16 16 30 16 16
13.850000000000081 8 112 0.978708896136203 0.9973690098822313
# 49 9 9 9 9 16 16 9 16 16 9 9 16 16 9 16 16 9 9 9 16 16 9 16 16 9 9 14 14 9 14 12 112 54 28 16 16 22 14 14 64 32 16 16 30 16 16
13.90000000000008 8 112 0.9784232901107279 0.9973073634958184
# 49 9 9 9 9 16 16 9 16 16 9 9 16 16 9 16 16 9 9 9 16 16 9 16 16 9 9 14 14 9 14 12 112 54 28 16 16 22 14 14 64 32 16 16 30 16 16
13.950000000000081 8 112 0.9781319284759667 0.9972464158227553
# 49 9 9 9 9 16 16 9 16 16 9 9 16 16 9 16 16 9 9 9 16 16 9 16 16 9 9 14 14 9 14 12 112 54 28 16 16 22 14 14 64 32 16 16 30 16 16
14.000000000000083 8 112 0.9778348629592796 0.9971861715837017
# 49 9 9 9 9 16 16 9 16 16 9 9 16 16 9 16 16 9 9 9 16 16 9 16 16 9 9 14 14 9 14 12 112 54 28 16 16 22 14 14 64 32 16 16 30 16 16
14.050000000000086 8 112 0.9775321493986331 0.9971266352711686
# 49 9 9 9 9 16 16 9 16 16 9 9 16 16 9 16 16 9 9 9 16 16 9 16 16 9 9 14 14 9 14 12 112 54 28 16 16 22 14 14 64 32 16 16 30 16 16
14.100000000000085 8 112 0.9772238475268195 0.9970678111562309
# 49 9 9 9 9 16 16 9 16 16 9 9 16 16 9 16 16 9 9 9 16 16 9 16 16 9 9 14 14 9 14 12 112 54 28 16 16 22 14 14 64 32 16 16 30 16 16
14.150000000000087 8 112 0.9769100207570904 0.9970097032953836
# 49 9 9 9 9 16 16 9 16 16 9 9 16 16 9 16 16 9 9 9 16 16 9 16 16 9 9 14 14 9 14 12 112 54 28 16 16 22 14 14 64 32 16 16 30 16 16
14.200000000000088 8 112 0.9765907359715227 0.9969523155373831
# 49 9 9 9 9 16 16 9 16 16 9 9 16 16 9 16 16 9 9 9 16 16 9 16 16 9 9 14 14 9 14 12 112 54 28 16 16 22 14 14 64 32 16 16 30 16 16
14.25000000000009 8 112 0.9762660633130681 0.9968956515300984
# 49 9 9 9 9 16 16 9 16 16 9 9 16 16 9 16 16 9 9 9 16 16 9 16 16 9 9 14 14 9 14 12 112 54 28 16 16 22 14 14 64 32 16 16 30 16 16
14.30000000000009 8 112 0.9759360759822078 0.996839714727401
# 49 9 9 9 9 16 16 9 16 16 9 9 16 16 9 16 16 9 9 9 16 16 9 16 16 9 9 14 14 9 14 12 112 54 28 16 16 22 14 14 64 32 16 16 30 16 16
14.350000000000092 8 112 0.975600850038586 0.9967845083960585
# 49 9 9 9 9 16 16 9 16 16 9 9 16 16 9 16 16 9 9 9 16 16 9 16 16 9 9 14 14 9 14 12 112 54 28 16 16 22 14 14 64 32 16 16 30 16 16
14.400000000000095 8 112 0.975260464208523 0.9967300356223232
# 49 9 9 9 9 16 16 9 16 16 9 9 16 16 9 16 16 9 9 9 16 16 9 16 16 9 9 14 14 9 14 12 112 54 28 16 16 22 14 14 64 32 16 16 30 16 16
14.450000000000095 8 112 0.9749149996978411 0.9966762993188247
# 49 9 9 9 9 16 16 9 16 16 9 9 16 16 9 16 16 9 9 9 16 16 9 16 16 9 9 14 14 9 14 12 112 54 28 16 16 22 14 14 64 32 16 16 30 16 16
14.500000000000094 8 112 0.9745645400105079 0.9966233022310741
# 49 9 9 9 9 16 16 9 16 16 9 9 16 16 9 16 16 9 9 9 16 16 9 16 16 9 9 14 14 9 14 12 112 54 28 16 16 22 14 14 64 32 16 16 30 16 16
14.550000000000097 8 112 0.9742091707725237 0.9965710469439906
# 49 9 9 9 9 16 16 9 16 16 9 9 16 16 9 16 16 9 9 9 16 16 9 16 16 9 9 14 14 9 14 12 112 54 28 16 16 22 14 14 64 32 16 16 30 16 16
14.6000000000001 8 112 0.9738489795606573 0.9965195358882046
# 49 9 9 9 9 16 16 9 16 16 9 9 16 16 9 16 16 9 9 9 16 16 9 16 16 9 9 14 14 9 14 12 112 54 28 16 16 22 14 14 64 32 16 16 30 16 16
14.650000000000098 8 112 0.9734840557353862 0.99646877134625
# 49 9 9 9 9 16 16 9 16 16 9 9 16 16 9 16 16 9 9 9 16 16 9 16 16 9 9 14 14 9 14 12 112 54 28 16 16 22 14 14 64 32 16 16 30 16 16
14.7000000000001 8 112 0.973114490277104 0.9964187554585934
# 49 9 9 9 9 16 16 9 16 16 9 9 16 16 9 16 16 9 9 9 16 16 9 16 16 9 9 14 14 9 14 12 112 54 28 16 16 22 14 14 64 32 16 16 30 16 16
14.750000000000101 8 112 0.972740375624832 0.9963694902293999
# 49 9 9 9 9 16 16 9 16 16 9 9 16 16 9 16 16 9 9 9 16 16 9 16 16 9 9 14 14 9 14 12 112 54 28 16 16 22 14 14 64 32 16 16 30 16 16
14.800000000000104 8 112 0.9723618055162794 0.9963209775321648
# 49 9 9 9 9 16 16 9 16 16 9 9 16 16 9 16 16 9 9 9 16 16 9 16 16 9 9 14 14 9 14 12 112 54 28 16 16 22 14 14 64 32 16 16 30 16 16
14.850000000000103 8 112 0.9719788748283466 0.996273219115071
# 49 9 9 9 9 16 16 9 16 16 9 9 16 16 9 16 16 9 9 9 16 16 9 16 16 9 9 14 14 9 14 12 112 54 28 16 16 22 14 14 64 32 16 16 30 16 16
14.900000000000105 8 112 0.9715916794167296 0.9962262166061135
# 49 9 9 9 9 16 16 9 16 16 9 9 16 16 9 16 16 9 9 9 16 16 9 16 16 9 9 14 14 9 14 12 112 54 28 16 16 22 14 14 64 32 16 16 30 16 16
14.950000000000106 8 112 0.9712003159539578 0.9961799715179908
# 49 9 9 9 9 16 16 9 16 16 9 9 16 16 9 16 16 9 9 9 16 16 9 16 16 9 9 14 14 9 14 12 112 54 28 16 16 22 14 14 64 32 16 16 30 16 16
15.000000000000108 8 112 0.9708048817646067 0.9961344852526988
# 49 9 9 9 9 16 16 9 16 16 9 9 16 16 9 16 16 9 9 9 16 16 9 16 16 9 9 14 14 9 14 12 112 54 28 16 16 22 14 14 64 32 16 16 30 16 16
15.050000000000107 8 112 0.9704054746569625 0.9960897591059247
# 49 9 9 9 9 16 16 9 16 16 9 9 16 16 9 16 16 9 9 9 16 16 9 16 16 9 9 14 14 9 14 12 112 54 28 16 16 22 14 14 64 32 16 16 30 16 16
15.10000000000011 8 112 0.9700021927504386 0.9960457942710751
# 49 9 9 9 9 16 16 9 16 16 9 9 16 16 9 16 16 9 9 9 16 16 9 16 16 9 9 14 14 9 14 12 112 54 28 16 16 22 14 14 64 32 16 16 30 16 16
15.150000000000112 8 112 0.9695951342981362 0.9960025918431014
# 49 9 9 9 9 16 16 9 16 16 9 9 16 16 9 16 16 9 9 9 16 16 9 16 16 9 9 14 14 9 14 12 112 54 28 16 16 22 14 14 64 32 16 16 30 16 16
15.200000000000113 8 112 0.9691843975041334 0.9959601528220109
# 49 9 9 9 9 16 16 9 16 16 9 9 16 16 9 16 16 9 9 9 16 16 9 16 16 9 9 14 14 9 14 12 112 54 28 16 16 22 14 14 64 32 16 16 30 16 16
15.250000000000112 8 112 0.9687700803355442 0.9959184781160997
# 49 9 9 9 9 16 16 9 16 16 9 9 16 16 9 16 16 9 9 9 16 16 9 16 16 9 9 14 14 9 14 12 112 54 28 16 16 22 14 14 64 32 16 16 30 16 16
15.300000000000114 8 112 0.9683522803290783 0.9958775685449038
# 49 9 9 9 9 16 16 9 16 16 9 9 16 16 9 16 16 9 9 9 16 16 9 16 16 9 9 14 14 9 14 12 112 54 28 16 16 22 14 14 64 32 16 16 30 16 16
15.350000000000117 8 112 0.9679310943926968 0.9958374248419015
# 49 9 9 9 9 16 16 9 16 16 9 9 16 16 9 16 16 9 9 9 16 16 9 16 16 9 9 14 14 9 14 12 112 54 28 16 16 22 14 14 64 32 16 16 30 16 16
15.400000000000116 8 112 0.9675066186025271 0.9957980476569132
# 49 9 9 9 9 16 16 9 16 16 9 9 16 16 9 16 16 9 9 9 16 16 9 16 16 9 9 14 14 9 14 12 112 54 28 16 16 22 14 14 64 32 16 16 30 16 16
15.450000000000118 8 112 0.9670789479958605 0.9957594375582433
# 49 9 9 9 9 16 16 9 16 16 9 9 16 16 9 16 16 9 9 9 16 16 9 16 16 9 9 14 14 9 14 12 112 54 28 16 16 22 14 14 64 32 16 16 30 16 16
15.500000000000119 8 112 0.9666481763611541 0.9957215950345825
# 49 9 9 9 9 16 16 9 16 16 9 9 16 16 9 16 16 9 9 9 16 16 9 16 16 9 9 14 14 9 14 12 112 54 28 16 16 22 14 14 64 32 16 16 30 16 16
15.550000000000122 8 112 0.9662143960258006 0.9956845204966478
# 49 9 9 9 9 16 16 9 16 16 9 9 16 16 9 16 16 9 9 9 16 16 9 16 16 9 9 14 14 9 14 12 112 54 28 16 16 22 14 14 64 32 16 16 30 16 16
15.60000000000012 8 112 0.9657776976431464 0.9956482142785914
# 49 9 9 9 9 16 16 9 16 16 9 9 16 16 9 16 16 9 9 9 16 16 9 16 16 9 9 14 14 9 14 12 112 54 28 16 16 22 14 14 64 32 16 16 30 16 16
15.650000000000123 8 112 0.9653381699798054 0.9956126766391687
# 49 9 9 9 9 16 16 9 16 16 9 9 16 16 9 16 16 9 9 9 16 16 9 16 16 9 9 14 14 9 14 12 112 54 28 16 16 22 14 14 64 32 16 16 30 16 16
15.700000000000124 8 112 0.9648958997048527 0.9955779077627227
# 49 9 9 9 9 16 16 9 16 16 9 9 16 16 9 16 16 9 9 9 16 16 9 16 16 9 9 14 14 9 14 12 112 54 28 16 16 22 14 14 64 32 16 16 30 16 16
15.750000000000126 8 112 0.9644509711821934 0.9955439077598983
# 49 9 9 9 9 16 16 9 16 16 9 9 16 16 9 16 16 9 9 9 16 16 9 16 16 9 9 14 14 9 14 12 112 54 28 16 16 22 14 14 64 32 16 16 30 16 16
15.800000000000125 8 112 0.9640034662677768 0.9955106766682439
# 49 9 9 9 9 16 16 9 16 16 9 9 16 16 9 16 16 9 9 9 16 16 9 16 16 9 9 14 14 9 14 12 112 54 28 16 16 22 14 14 64 32 16 16 30 16 16
15.850000000000128 8 112 0.9635534641130671 0.9954782144525499
# 49 9 9 9 9 16 16 9 16 16 9 9 16 16 9 16 16 9 9 9 16 16 9 16 16 9 9 14 14 9 14 12 112 54 28 16 16 22 14 14 64 32 16 16 30 16 16
15.90000000000013 8 112 0.9631010409763855 0.9954465210050653
# 49 9 9 9 9 16 16 9 16 16 9 9 16 16 9 16 16 9 9 9 16 16 9 16 16 9 9 14 14 9 14 12 112 54 28 16 16 22 14 14 64 32 16 16 30 16 16
15.95000000000013 8 112 0.9626462700435193 0.9954155961455282
# 49 9 9 9 9 16 16 9 16 16 9 9 16 16 9 16 16 9 9 9 16 16 9 16 16 9 9 14 14 9 14 12 112 54 28 16 16 22 14 14 64 32 16 16 30 16 16
16.00000000000013 8 112 0.962189221259153 0.9953854396210442
# 49 9 9 9 9 16 16 9 16 16 9 9 16 16 9 16 16 9 9 9 16 16 9 16 16 9 9 14 14 9 14 12 112 54 28 16 16 22 14 14 64 32 16 16 30 16 16
16.050000000000132 8 112 0.9617299611703103 0.9953560511058133
# 49 9 9 9 9 16 16 9 16 16 9 9 16 16 9 16 16 9 9 9 16 16 9 16 16 9 9 14 14 9 14 12 112 54 28 16 16 22 14 14 64 32 16 16 30 16 16
16.100000000000133 8 112 0.961268552783164 0.9953274302007393
# 49 9 9 9 9 16 16 9 16 16 9 9 16 16 9 16 16 9 9 9 16 16 9 16 16 9 9 14 14 9 14 12 112 54 28 16 16 22 14 14 64 32 16 16 30 16 16
16.150000000000137 8 112 0.9608050554344492 0.9952995764328658
# 49 9 9 9 9 16 16 9 16 16 9 9 16 16 9 16 16 9 9 9 16 16 9 16 16 9 9 14 14 9 14 12 112 54 28 16 16 22 14 14 64 32 16 16 30 16 16
16.200000000000134 8 112 0.9603395246782089 0.9952724892547492
# 49 9 9 9 9 16 16 9 16 16 9 9 16 16 9 16 16 9 9 9 16 16 9 16 16 9 9 14 14 9 14 12 112 54 28 16 16 22 14 14 64 32 16 16 30 16 16
16.25000000000014 8 112 0.9598720121890622 0.9952461680436359
# 49 9 9 9 9 16 16 9 16 16 9 9 16 16 9 16 16 9 9 9 16 16 9 16 16 9 9 14 14 9 14 12 112 54 28 16 16 22 14 14 64 32 16 16 30 16 16
16.30000000000014 8 112 0.959402565682525 0.9952206121006051
# 49 9 9 9 9 16 16 9 16 16 9 9 16 16 9 16 16 9 9 9 16 16 9 16 16 9 9 14 14 9 14 12 112 54 28 16 16 22 14 14 64 32 16 16 30 16 16
16.35000000000014 8 112 0.9589312288530155 0.9951958206495305
# 49 9 9 9 9 16 16 9 16 16 9 9 16 16 9 16 16 9 9 9 16 16 9 16 16 9 9 14 14 9 14 12 112 54 28 16 16 22 14 14 64 32 16 16 30 16 16
16.40000000000014 8 112 0.958458041330044 0.9951717928359647
# 49 9 9 9 9 16 16 9 16 16 9 9 16 16 9 16 16 9 9 9 16 16 9 16 16 9 9 14 14 9 14 12 112 54 28 16 16 22 14 14 64 32 16 16 30 16 16
16.45000000000014 8 112 0.9579830386526955 0.9951485277259385
# 49 9 9 9 9 16 16 9 16 16 9 9 16 16 9 16 16 9 9 9 16 16 9 16 16 9 9 14 14 9 14 12 112 54 28 16 16 22 14 14 64 32 16 16 30 16 16
16.500000000000146 8 112 0.9575062522627663 0.9951260243046053
# 49 9 9 9 9 16 16 9 16 16 9 9 16 16 9 16 16 9 9 9 16 16 9 16 16 9 9 14 14 9 14 12 112 54 28 16 16 22 14 14 64 32 16 16 30 16 16
16.550000000000143 8 112 0.9570277095162824 0.9951042814748244
# 49 9 9 9 9 16 16 9 16 16 9 9 16 16 9 16 16 9 9 9 16 16 9 16 16 9 9 14 14 9 14 12 112 54 28 16 16 22 14 14 64 32 16 16 30 16 16
16.600000000000144 8 112 0.9565474337134761 0.9950832980556238
# 49 9 9 9 9 16 16 9 16 16 9 9 16 16 9 16 16 9 9 9 16 16 9 16 16 9 9 14 14 9 14 12 112 54 28 16 16 22 14 14 64 32 16 16 30 16 16
16.650000000000148 8 112 0.9560654441467301 0.9950630727805632
# 49 9 9 9 9 16 16 9 16 16 9 9 16 16 9 16 16 9 9 9 16 16 9 16 16 9 9 14 14 9 14 12 112 54 28 16 16 22 14 14 64 32 16 16 30 16 16
16.70000000000015 8 112 0.9555817561662588 0.9950436042960097
# 49 9 9 9 9 16 16 9 16 16 9 9 16 16 9 16 16 9 9 9 16 16 9 16 16 9 9 14 14 9 14 12 112 54 28 16 16 22 14 14 64 32 16 16 30 16 16
16.75000000000015 8 112 0.9550963812628822 0.9950248911593025
# 49 9 9 9 9 16 16 9 16 16 9 9 16 16 9 16 16 9 9 9 16 16 9 16 16 9 9 14 14 9 14 12 112 54 28 16 16 22 14 14 64 32 16 16 30 16 16
16.80000000000015 8 112 0.9546093271673122 0.9950069318368262
# 49 9 9 9 9 16 16 9 16 16 9 9 16 16 9 16 16 9 9 9 16 16 9 16 16 9 9 14 14 9 14 12 112 54 28 16 16 22 14 14 64 32 16 16 30 16 16
16.85000000000015 8 112 0.9541205979653108 0.9949897247019852
# 49 9 9 9 9 16 16 9 16 16 9 9 16 16 9 16 16 9 9 9 16 16 9 16 16 9 9 14 14 9 14 12 112 54 28 16 16 22 14 14 64 32 16 16 30 16 16
16.900000000000155 8 112 0.9536301942277767 0.9949732680331083
# 49 9 9 9 9 16 16 9 16 16 9 9 16 16 9 16 16 9 9 9 16 16 9 16 16 9 9 14 14 9 14 12 112 54 28 16 16 22 14 14 64 32 16 16 30 16 16
16.950000000000152 8 112 0.9531381131550744 0.9949575600112511
# 49 9 9 9 9 16 16 9 16 16 9 9 16 16 9 16 16 9 9 9 16 16 9 16 16 9 9 14 14 9 14 12 112 54 28 16 16 22 14 14 64 32 16 16 30 16 16
17.000000000000156 8 112 0.9526443487345617 0.9949425987179036
# 49 9 9 9 9 16 16 9 16 16 9 9 16 16 9 16 16 9 9 9 16 16 9 16 16 9 9 14 14 9 14 12 112 54 28 16 16 22 14 14 64 32 16 16 30 16 16
17.050000000000157 8 112 0.95214889191046 0.9949283821326695
# 49 9 9 9 9 16 16 9 16 16 9 9 16 16 9 16 16 9 9 9 16 16 9 16 16 9 9 14 14 9 14 12 112 54 28 16 16 22 14 14 64 32 16 16 30 16 16
17.100000000000158 8 112 0.9516517307649256 0.9949149081308065
# 49 9 9 9 9 16 16 9 16 16 9 9 16 16 9 16 16 9 9 9 16 16 9 16 16 9 9 14 14 9 14 12 112 54 28 16 16 22 14 14 64 32 16 16 30 16 16
17.15000000000016 8 112 0.951152850709481 0.9949021744808034
# 49 9 9 9 9 16 16 9 16 16 9 9 16 16 9 16 16 9 9 9 16 16 9 16 16 9 9 14 14 9 14 12 112 54 28 16 16 22 14 14 64 32 16 16 30 16 16
17.20000000000016 8 112 0.9506522346856081 0.9948901788417936
# 49 9 9 9 9 16 16 9 16 16 9 9 16 16 9 16 16 9 9 9 16 16 9 16 16 9 9 14 14 9 14 12 112 54 28 16 16 22 14 14 64 32 16 16 30 16 16
17.250000000000163 8 112 0.9501498633735057 0.9948789187610289
# 49 9 9 9 9 16 16 9 16 16 9 9 16 16 9 16 16 9 9 9 16 16 9 16 16 9 9 14 14 9 14 12 112 54 28 16 16 22 14 14 64 32 16 16 30 16 16
17.30000000000016 8 112 0.949645715407951 0.994868391671262
# 49 9 9 9 9 16 16 9 16 16 9 9 16 16 9 16 16 9 9 9 16 16 9 16 16 9 9 14 14 9 14 12 112 54 28 16 16 22 14 14 64 32 16 16 30 16 16
17.35000000000016 8 112 0.9491397676001915 0.9948585948881278
# 49 9 9 9 9 16 16 9 16 16 9 9 16 16 9 16 16 9 9 9 16 16 9 16 16 9 9 14 14 9 14 12 112 54 28 16 16 22 14 14 64 32 16 16 30 16 16
17.400000000000166 8 112 0.9486319951647951 0.9948495256075345
# 49 9 9 9 9 16 16 9 16 16 9 9 16 16 9 16 16 9 9 9 16 16 9 16 16 9 9 14 14 9 14 12 112 54 28 16 16 22 14 14 64 32 16 16 30 16 16
17.450000000000166 8 112 0.9481223719504438 0.994841180903031
# 49 9 9 9 9 16 16 9 16 16 9 9 16 16 9 16 16 9 9 9 16 16 9 16 16 9 9 14 14 9 14 12 112 54 28 16 16 22 14 14 64 32 16 16 30 16 16
17.500000000000167 8 112 0.9476108706736599 0.994833557723234
# 49 9 9 9 9 16 16 9 16 16 9 9 16 16 9 16 16 9 9 9 16 16 9 16 16 9 9 14 14 9 14 12 112 54 28 16 16 22 14 14 64 32 16 16 30 16 16
17.550000000000168 8 112 0.9470974631543855 0.9948266528892585
# 49 9 9 9 9 16 16 9 16 16 9 9 16 16 9 16 16 9 9 9 16 16 9 16 16 9 9 14 14 9 14 12 112 54 28 16 16 22 14 14 64 32 16 16 30 16 16
17.60000000000017 8 112 0.9465821205524884 0.9948204630922238
# 49 9 9 9 9 16 16 9 16 16 9 9 16 16 9 16 16 9 9 9 16 16 9 16 16 9 9 14 14 9 14 12 112 54 28 16 16 22 14 14 64 32 16 16 30 16 16
17.650000000000173 8 112 0.9460648136042757 0.9948149848907872
# 49 9 9 9 9 16 16 9 16 16 9 9 16 16 9 16 16 9 9 9 16 16 9 16 16 9 9 14 14 9 14 12 112 54 28 16 16 22 14 14 64 32 16 16 30 16 16
17.70000000000017 8 112 0.9455455128579856 0.9948102147088242
# 49 9 9 9 9 16 16 9 16 16 9 9 16 16 9 16 16 9 9 9 16 16 9 16 16 9 9 14 14 9 14 12 112 54 28 16 16 22 14 14 64 32 16 16 30 16 16
17.750000000000174 8 112 0.9450241889073957 0.9948061488331205
# 49 9 9 9 9 16 16 9 16 16 9 9 16 16 9 16 16 9 9 9 16 16 9 16 16 9 9 14 14 9 14 12 112 54 28 16 16 22 14 14 64 32 16 16 30 16 16
17.800000000000175 8 112 0.9445008126227241 0.99480278341124
# 49 9 9 9 9 16 16 9 16 16 9 9 16 16 9 16 16 9 9 9 16 16 9 16 16 9 9 14 14 9 14 12 112 54 28 16 16 22 14 14 64 32 16 16 30 16 16
17.850000000000176 8 112 0.9439753553779371 0.9948001144494804
# 49 9 9 9 9 16 16 9 16 16 9 9 16 16 9 16 16 9 9 9 16 16 9 16 16 9 9 14 14 9 14 12 112 54 28 16 16 22 14 14 64 32 16 16 30 16 16
17.900000000000176 8 112 0.9434477892736857 0.9947981378109678
# 49 9 9 9 9 16 16 9 16 16 9 9 16 16 9 16 16 9 9 9 16 16 9 16 16 9 9 14 14 9 14 12 112 54 28 16 16 22 14 14 64 32 16 16 30 16 16
17.950000000000177 8 112 0.9429180873550962 0.994796849213924
# 49 9 9 9 9 16 16 9 16 16 9 9 16 16 9 16 16 9 9 9 16 16 9 16 16 9 9 14 14 9 14 12 112 54 28 16 16 22 14 14 64 32 16 16 30 16 16
18.00000000000018 8 112 0.9423862238236229 0.9947962442300671
# 49 9 9 9 9 16 16 9 16 16 9 9 16 16 9 16 16 9 9 9 16 16 9 16 16 9 9 14 14 9 14 12 112 54 28 16 16 22 14 14 64 32 16 16 30 16 16
18.05000000000018 8 112 0.9418521742424256 0.9947963182832056
# 49 9 9 9 9 16 16 9 16 16 9 9 16 16 9 16 16 9 9 9 16 16 9 16 16 9 9 14 14 9 14 12 112 54 28 16 16 22 14 14 64 32 16 16 30 16 16
18.10000000000018 8 112 0.9413159157344052 0.9947970666480263
# 49 9 9 9 9 16 16 9 16 16 9 9 16 16 9 16 16 9 9 9 16 16 9 16 16 9 9 14 14 9 14 12 112 54 28 16 16 22 14 14 64 32 16 16 30 16 16
18.150000000000183 8 112 0.9407774271725194 0.9947984844490502
# 49 9 9 9 9 16 16 9 16 16 9 9 16 16 9 16 16 9 9 9 16 16 9 16 16 9 9 14 14 9 14 12 112 54 28 16 16 22 14 14 64 32 16 16 30 16 16
18.200000000000184 8 112 0.9402366893617194 0.9948005666598345
# 49 9 9 9 9 16 16 9 16 16 9 9 16 16 9 16 16 9 9 9 16 16 9 16 16 9 9 14 14 9 14 12 112 54 28 16 16 22 14 14 64 32 16 16 30 16 16
18.250000000000185 8 112 0.9396936852117779 0.9948033081023753
# 49 9 9 9 9 16 16 9 16 16 9 9 16 16 9 16 16 9 9 9 16 16 9 16 16 9 9 14 14 9 14 12 112 54 28 16 16 22 14 14 64 32 16 16 30 16 16
18.300000000000185 8 112 0.9391483999009457 0.9948067034467492
# 49 9 9 9 9 16 16 9 16 16 9 9 16 16 9 16 16 9 9 9 16 16 9 16 16 9 9 14 14 9 14 12 112 54 28 16 16 22 14 14 64 32 16 16 30 16 16
18.350000000000186 8 112 0.9386008210296705 0.9948107472109798
# 49 9 9 9 9 16 16 9 16 16 9 9 16 16 9 16 16 9 9 9 16 16 9 16 16 9 9 14 14 9 14 12 112 54 28 16 16 22 14 14 64 32 16 16 30 16 16
18.40000000000019 8 112 0.9380509387642011 0.9948154337611553
# 49 9 9 9 9 16 16 9 16 16 9 9 16 16 9 16 16 9 9 9 16 16 9 16 16 9 9 14 14 9 14 12 112 54 28 16 16 22 14 14 64 32 16 16 30 16 16
18.450000000000188 8 112 0.9374987459696804 0.994820757311822
# 49 9 9 9 9 16 16 9 16 16 9 9 16 16 9 16 16 9 9 9 16 16 9 16 16 9 9 14 14 9 14 12 112 54 28 16 16 22 14 14 64 32 16 16 30 16 16
18.500000000000192 8 112 0.9369442383324691 0.9948267119265921
# 49 9 9 9 9 16 16 9 16 16 9 9 16 16 9 16 16 9 9 9 16 16 9 16 16 9 9 14 14 9 14 12 112 54 28 16 16 22 14 14 64 32 16 16 30 16 16
18.550000000000193 8 112 0.9363874144715847 0.9948332915190687
# 49 9 9 9 9 16 16 9 16 16 9 9 16 16 9 16 16 9 9 9 16 16 9 16 16 9 9 14 14 9 14 12 112 54 28 16 16 22 14 14 64 32 16 16 30 16 16
18.600000000000193 8 112 0.9358282760390122 0.9948404898540094
# 49 9 9 9 9 16 16 9 16 16 9 9 16 16 9 16 16 9 9 9 16 16 9 16 16 9 9 14 14 9 14 12 112 54 28 16 16 22 14 14 64 32 16 16 30 16 16
18.650000000000194 8 112 0.9352668278088461 0.9948483005487635
# 49 9 9 9 9 16 16 9 16 16 9 9 16 16 9 16 16 9 9 9 16 16 9 16 16 9 9 14 14 9 14 12 112 54 28 16 16 22 14 14 64 32 16 16 30 16 16
18.700000000000195 8 112 0.9347030777552606 0.9948567170750052
# 49 9 9 9 9 16 16 9 16 16 9 9 16 16 9 16 16 9 9 9 16 16 9 16 16 9 9 14 14 9 14 12 112 54 28 16 16 22 14 14 64 32 16 16 30 16 16
18.7500000000002 8 112 0.9341370371193164 0.9948657327607451
# 49 9 9 9 9 16 16 9 16 16 9 9 16 16 9 16 16 9 9 9 16 16 9 16 16 9 9 14 14 9 14 12 112 54 28 16 16 22 14 14 64 32 16 16 30 16 16
18.800000000000196 8 112 0.9335687204646731 0.9948753407926004
# 49 9 9 9 9 16 16 9 16 16 9 9 16 16 9 16 16 9 9 9 16 16 9 16 16 9 9 14 14 9 14 12 112 54 28 16 16 22 14 14 64 32 16 16 30 16 16
18.850000000000197 8 112 0.9329981457223809 0.9948855342183689
# 49 9 9 9 9 16 16 9 16 16 9 9 16 16 9 16 16 9 9 9 16 16 9 16 16 9 9 14 14 9 14 12 112 54 28 16 16 22 14 14 64 32 16 16 30 16 16
18.9000000000002 8 112 0.9324253342249952 0.9948963059498778
# 49 9 9 9 9 16 16 9 16 16 9 9 16 16 9 16 16 9 9 9 16 16 9 16 16 9 9 14 14 9 14 12 112 54 28 16 16 22 14 14 64 32 16 16 30 16 16
18.950000000000202 8 112 0.931850310730161 0.9949076487661033
# 49 9 9 9 9 16 16 9 16 16 9 9 16 16 9 16 16 9 9 9 16 16 9 16 16 9 9 14 14 9 14 12 112 54 28 16 16 22 14 14 64 32 16 16 30 16 16
19.000000000000203 8 112 0.9312731034340808 0.9949195553165745
# 49 9 9 9 9 16 16 9 16 16 9 9 16 16 9 16 16 9 9 9 16 16 9 16 16 9 9 14 14 9 14 12 112 54 28 16 16 22 14 14 64 32 16 16 30 16 16
19.050000000000203 8 112 0.9306937439751636 0.994932018125039
# 49 9 9 9 9 16 16 9 16 16 9 9 16 16 9 16 16 9 9 9 16 16 9 16 16 9 9 14 14 9 14 12 112 54 28 16 16 22 14 14 64 32 16 16 30 16 16
19.100000000000204 8 112 0.930112267428223 0.9949450295933969
# 49 9 9 9 9 16 16 9 16 16 9 9 16 16 9 16 16 9 9 9 16 16 9 16 16 9 9 14 14 9 14 12 112 54 28 16 16 22 14 14 64 32 16 16 30 16 16
19.150000000000208 8 112 0.9295287122897394 0.9949585820059109
# 49 9 9 9 9 16 16 9 16 16 9 9 16 16 9 16 16 9 9 9 16 16 9 16 16 9 9 14 14 9 14 12 112 54 28 16 16 22 14 14 64 32 16 16 30 16 16
19.200000000000205 8 112 0.9289431204546494 0.9949726675336338
# 49 9 9 9 9 16 16 9 16 16 9 9 16 16 9 16 16 9 9 9 16 16 9 16 16 9 9 14 14 9 14 12 112 54 28 16 16 22 14 14 64 32 16 16 30 16 16
19.25000000000021 8 112 0.9283555371851452 0.994987278239114
# 49 9 9 9 9 16 16 9 16 16 9 9 16 16 9 16 16 9 9 9 16 16 9 16 16 9 9 14 14 9 14 12 112 54 28 16 16 22 14 14 64 32 16 16 30 16 16
19.30000000000021 8 112 0.9277660110720934 0.9950024060813294
# 49 9 9 9 9 16 16 9 16 16 9 9 16 16 9 16 16 9 9 9 16 16 9 16 16 9 9 14 14 9 14 12 112 54 28 16 16 22 14 14 64 32 16 16 30 16 16
19.35000000000021 8 112 0.9271745939896544 0.9950180429208157
# 49 9 9 9 9 16 16 9 16 16 9 9 16 16 9 16 16 9 9 9 16 16 9 16 16 9 9 14 14 9 14 12 112 54 28 16 16 22 14 14 64 32 16 16 30 16 16
19.40000000000021 8 112 0.9265813410437518 0.9950341805250679
# 49 9 9 9 9 16 16 9 16 16 9 9 16 16 9 16 16 9 9 9 16 16 9 16 16 9 9 14 14 9 14 12 112 54 28 16 16 22 14 14 64 32 16 16 30 16 16
19.450000000000212 8 112 0.9259863105149841 0.9950508105740898
# 49 9 9 9 9 16 16 9 16 16 9 9 16 16 9 16 16 9 9 9 16 16 9 16 16 9 9 14 14 9 14 12 112 54 28 16 16 22 14 14 64 32 16 16 30 16 16
19.500000000000217 8 112 0.9253895637966764 0.9950679246661682
# 49 9 9 9 9 16 16 9 16 16 9 9 16 16 9 16 16 9 9 9 16 16 9 16 16 9 9 14 14 9 14 12 112 54 28 16 16 22 14 14 64 32 16 16 30 16 16
19.550000000000214 8 112 0.924791165328849 0.9950855143238142
# 49 9 9 9 9 16 16 9 16 16 9 9 16 16 9 16 16 9 9 9 16 16 9 16 16 9 9 14 14 9 14 12 112 54 28 16 16 22 14 14 64 32 16 16 30 16 16
19.600000000000215 8 112 0.9241911825286597 0.9951035709998676
# 49 9 9 9 9 16 16 9 16 16 9 9 16 16 9 16 16 9 9 9 16 16 9 16 16 9 9 14 14 9 14 12 112 54 28 16 16 22 14 14 64 32 16 16 30 16 16
19.65000000000022 8 112 0.9235896857181257 0.995122086083777
# 49 9 9 9 9 16 16 9 16 16 9 9 16 16 9 16 16 9 9 9 16 16 9 16 16 9 9 14 14 9 14 12 112 54 28 16 16 22 14 14 64 32 16 16 30 16 16
19.70000000000022 8 112 0.9229867480498348 0.9951410509079722
# 49 9 9 9 9 16 16 9 16 16 9 9 16 16 9 16 16 9 9 9 16 16 9 16 16 9 9 14 14 9 14 12 112 54 28 16 16 22 14 14 64 32 16 16 30 16 16
19.75000000000022 8 112 0.9223824454312496 0.9951604567544041
# 49 9 9 9 9 16 16 9 16 16 9 9 16 16 9 16 16 9 9 9 16 16 9 16 16 9 9 14 14 9 14 12 112 54 28 16 16 22 14 14 64 32 16 16 30 16 16
19.80000000000022 8 112 0.9217768564484303 0.995180294861168
# 49 9 9 9 9 16 16 9 16 16 9 9 16 16 9 16 16 9 9 9 16 16 9 16 16 9 9 14 14 9 14 12 112 54 28 16 16 22 14 14 64 32 16 16 30 16 16
19.85000000000022 8 112 0.9211700622896414 0.9952005564292241
# 49 9 9 9 9 16 16 9 16 16 9 9 16 16 9 16 16 9 9 9 16 16 9 16 16 9 9 14 14 9 14 12 112 54 28 16 16 22 14 14 64 32 16 16 30 16 16
19.900000000000226 8 112 0.9205621466696685 0.9952212326291905
# 49 9 9 9 9 16 16 9 16 16 9 9 16 16 9 16 16 9 9 9 16 16 9 16 16 9 9 14 14 9 14 12 112 54 28 16 16 22 14 14 64 32 16 16 30 16 16
19.950000000000223 8 112 0.9199531957552699 0.9952423146082205
# 49 9 9 9 9 16 16 9 16 16 9 9 16 16 9 16 16 9 9 9 16 16 9 16 16 9 9 14 14 9 14 12 112 54 28 16 16 22 14 14 64 32 16 16 30 16 16
20.000000000000227 8 112 0.9193432980923313 0.9952637934968754
# 49 9 9 9 9 16 16 9 16 16 9 9 16 16 9 16 16 9 9 9 16 16 9 16 16 9 9 14 14 9 14 12 112 54 28 16 16 22 14 14 64 32 16 16 30 16 16
20.050000000000228 8 112 0.9187325445352986 0.995285660416083
# 49 9 9 9 9 16 16 9 16 16 9 9 16 16 9 16 16 9 9 9 16 16 9 16 16 9 9 14 14 9 14 12 112 54 28 16 16 22 14 14 64 32 16 16 30 16 16
20.10000000000023 8 112 0.918121028179092 0.9953079064840474
# 49 9 9 9 9 16 16 9 16 16 9 9 16 16 9 16 16 9 9 9 16 16 9 16 16 9 9 14 14 9 14 12 112 54 28 16 16 22 14 14 64 32 16 16 30 16 16
20.15000000000023 8 112 0.9175088442941713 0.9953305228232362
# 49 9 9 9 9 16 16 9 16 16 9 9 16 16 9 16 16 9 9 9 16 16 9 16 16 9 9 14 14 9 14 12 112 54 28 16 16 22 14 14 64 32 16 16 30 16 16
20.20000000000023 8 112 0.9168960902646993 0.9953535005672501
# 49 9 9 9 9 16 16 9 16 16 9 9 16 16 9 16 16 9 9 9 16 16 9 16 16 9 9 14 14 9 14 12 112 54 28 16 16 22 14 14 64 32 16 16 30 16 16
20.250000000000234 8 112 0.916282865530249 0.9953768308677409
# 49 9 9 9 9 16 16 9 16 16 9 9 16 16 9 16 16 9 9 9 16 16 9 16 16 9 9 14 14 9 14 12 112 54 28 16 16 22 14 14 64 32 16 16 30 16 16
20.300000000000235 8 112 0.91566927153113 0.9954005049012278
# 49 9 9 9 9 16 16 9 16 16 9 9 16 16 9 16 16 9 9 9 16 16 9 16 16 9 9 14 14 9 14 12 112 54 28 16 16 22 14 14 64 32 16 16 30 16 16
20.350000000000232 8 112 0.9150554116573647 0.9954245138758869
# 49 9 9 9 9 16 16 9 16 16 9 9 16 16 9 16 16 9 9 9 16 16 9 16 16 9 9 14 14 9 14 12 112 54 28 16 16 22 14 14 64 32 16 16 30 16 16
20.400000000000237 8 112 0.9144413912013678 0.9954488490382243
# 49 9 9 9 9 16 16 9 16 16 9 9 16 16 9 16 16 9 9 9 16 16 9 16 16 9 9 14 14 9 14 12 112 54 28 16 16 22 14 14 64 32 16 16 30 16 16
20.450000000000237 8 112 0.9138273173142193 0.9954735016796914
# 49 9 9 9 9 16 16 9 16 16 9 9 16 16 9 16 16 9 9 9 16 16 9 16 16 9 9 14 14 9 14 12 112 54 28 16 16 22 14 14 64 32 16 16 30 16 16
20.500000000000238 8 112 0.9132132989654217 0.9954984631431756
# 49 9 9 9 9 16 16 9 16 16 9 9 16 16 9 16 16 9 9 9 16 16 9 16 16 9 9 14 14 9 14 12 112 54 28 16 16 22 14 14 64 32 16 16 30 16 16
20.55000000000024 8 112 0.9125994469059459 0.9955237248293932
# 49 9 9 9 9 16 16 9 16 16 9 9 16 16 9 16 16 9 9 9 16 16 9 16 16 9 9 14 14 9 14 12 112 54 28 16 16 22 14 14 64 32 16 16 30 16 16
20.60000000000024 8 112 0.9119858736342662 0.9955492782031198
# 49 9 9 9 9 16 16 9 16 16 9 9 16 16 9 16 16 9 9 9 16 16 9 16 16 9 9 14 14 9 14 12 112 54 28 16 16 22 14 14 64 32 16 16 30 16 16
20.650000000000244 8 112 0.9113726933651093 0.9955751147993498
# 49 9 9 9 9 16 16 9 16 16 9 9 16 16 9 16 16 9 9 9 16 16 9 16 16 9 9 14 14 9 14 12 112 54 28 16 16 22 14 14 64 32 16 16 30 16 16
20.70000000000024 8 112 0.9107600220005552 0.995601226229215
# 49 9 9 9 9 16 16 9 16 16 9 9 16 16 9 16 16 9 9 9 16 16 9 16 16 9 9 14 14 9 14 12 112 54 28 16 16 22 14 14 64 32 16 16 30 16 16
20.750000000000245 8 112 0.9101479771030972 0.9956276041858645
# 49 9 9 9 9 16 16 9 16 16 9 9 16 16 9 16 16 9 9 9 16 16 9 16 16 9 9 14 14 9 14 12 112 54 28 16 16 22 14 14 64 32 16 16 30 16 16
20.800000000000246 8 112 0.9095366778702288 0.9956542404500673
# 49 9 9 9 9 16 16 9 16 16 9 9 16 16 9 16 16 9 9 9 16 16 9 16 16 9 9 14 14 9 14 12 112 54 28 16 16 22 14 14 64 32 16 16 30 16 16
20.850000000000247 8 112 0.9089262451100311 0.9956811268957426
# 49 9 9 9 9 16 16 9 16 16 9 9 16 16 9 16 16 9 9 9 16 16 9 16 16 9 9 14 14 9 14 12 112 54 28 16 16 22 14 14 64 32 16 16 30 16 16
20.900000000000247 8 112 0.9083168012174461 0.9957082554952549
# 49 9 9 9 9 16 16 9 16 16 9 9 16 16 9 16 16 9 9 9 16 16 9 16 16 9 9 14 14 9 14 12 112 54 28 16 16 22 14 14 64 32 16 16 30 16 16
20.950000000000248 8 112 0.9077084701505034 0.9957356183245606
# 49 9 9 9 9 16 16 9 16 16 9 9 16 16 9 16 16 9 9 9 16 16 9 16 16 9 9 14 14 9 14 12 112 54 28 16 16 22 14 14 64 32 16 16 30 16 16
21.000000000000252 8 112 0.9071013774061573 0.9957632075681793
# 49 9 9 9 9 16 16 9 16 16 9 9 16 16 9 16 16 9 9 9 16 16 9 16 16 9 9 14 14 9 14 12 112 54 28 16 16 22 14 14 64 32 16 16 30 16 16
21.050000000000253 8 112 0.9064956499952033 0.9957910155239451
# 49 9 9 9 9 16 16 9 16 16 9 9 16 16 9 16 16 9 9 9 16 16 9 16 16 9 9 14 14 9 14 12 112 54 28 16 16 22 14 14 64 32 16 16 30 16 16
21.100000000000254 8 112 0.9058914164156768 0.9958190346076112
# 49 9 9 9 9 16 16 9 16 16 9 9 16 16 9 16 16 9 9 9 16 16 9 16 16 9 9 14 14 9 14 12 112 54 28 16 16 22 14 14 64 32 16 16 30 16 16
21.150000000000254 8 112 0.9052888066242981 0.995847257357256
# 49 9 9 9 9 16 16 9 16 16 9 9 16 16 9 16 16 9 9 9 16 16 9 16 16 9 9 14 14 9 14 12 112 54 28 16 16 22 14 14 64 32 16 16 30 16 16
21.200000000000255 8 112 0.9046879520054666 0.9958756764374886
# 49 9 9 9 9 16 16 9 16 16 9 9 16 16 9 16 16 9 9 9 16 16 9 16 16 9 9 14 14 9 14 12 112 54 28 16 16 22 14 14 64 32 16 16 30 16 16
21.250000000000256 8 112 0.9040889853372118 0.9959042846434668
# 49 9 9 9 9 16 16 9 16 16 9 9 16 16 9 16 16 9 9 9 16 16 9 16 16 9 9 14 14 9 14 12 112 54 28 16 16 22 14 14 64 32 16 16 30 16 16
21.300000000000257 8 112 0.9034920407538949 0.9959330749047546
# 49 9 9 9 9 16 16 9 16 16 9 9 16 16 9 16 16 9 9 9 16 16 9 16 16 9 9 14 14 9 14 12 112 54 28 16 16 22 14 14 64 32 16 16 30 16 16
21.350000000000257 8 112 0.9028972537049472 0.995962040288954
# 49 9 9 9 9 16 16 9 16 16 9 9 16 16 9 16 16 9 9 9 16 16 9 16 16 9 9 14 14 9 14 12 112 54 28 16 16 22 14 14 64 32 16 16 30 16 16
21.40000000000026 8 112 0.9023047609094127 0.9959911740051801
# 49 9 9 9 9 16 16 9 16 16 9 9 16 16 9 16 16 9 9 9 16 16 9 16 16 9 9 14 14 9 14 12 112 54 28 16 16 22 14 14 64 32 16 16 30 16 16
21.45000000000026 8 112 0.9017147003058571 0.996020469407328
# 49 9 9 9 9 16 16 9 16 16 9 9 16 16 9 16 16 9 9 9 16 16 9 16 16 9 9 14 14 9 14 12 112 54 28 16 16 22 14 14 64 32 16 16 30 16 16
21.500000000000263 8 112 0.9011272109973554 0.996049919997184
# 49 9 9 9 9 16 16 9 16 16 9 9 16 16 9 16 16 9 9 9 16 16 9 16 16 9 9 14 14 9 14 12 112 54 28 16 16 22 14 14 64 32 16 16 30 16 16
21.550000000000264 8 112 0.9005424331912103 0.9960795194273183
# 49 9 9 9 9 16 16 9 16 16 9 9 16 16 9 16 16 9 9 9 16 16 9 16 16 9 9 14 14 9 14 12 112 54 28 16 16 22 14 14 64 32 16 16 30 16 16
21.600000000000264 8 112 0.8999605081331699 0.9961092615038524
# 49 9 9 9 9 16 16 9 16 16 9 9 16 16 9 16 16 9 9 9 16 16 9 16 16 9 9 14 14 9 14 12 112 54 28 16 16 22 14 14 64 32 16 16 30 16 16
21.650000000000265 8 112 0.899381578035911 0.9961391401889861
# 49 9 9 9 9 16 16 9 16 16 9 9 16 16 9 16 16 9 9 9 16 16 9 16 16 9 9 14 14 9 14 12 112 54 28 16 16 22 14 14 64 32 16 16 30 16 16
21.700000000000266 8 112 0.8988057860017119 0.9961691496034087
# 49 9 9 9 9 16 16 9 16 16 9 9 16 16 9 16 16 9 9 9 16 16 9 16 16 9 9 14 14 9 14 12 112 54 28 16 16 22 14 14 64 32 16 16 30 16 16
21.75000000000027 8 112 0.8982332759390134 0.9961992840285137
# 49 9 9 9 9 16 16 9 16 16 9 9 16 16 9 16 16 9 9 9 16 16 9 16 16 9 9 14 14 9 14 12 112 54 28 16 16 22 14 14 64 32 16 16 30 16 16
21.80000000000027 8 112 0.8976641924723925 0.9962295379083856
# 49 9 9 9 9 16 16 9 16 16 9 9 16 16 9 16 16 9 9 9 16 16 9 16 16 9 9 14 14 9 14 12 112 54 28 16 16 22 14 14 64 32 16 16 30 16 16
21.85000000000027 8 112 0.8970986808474638 0.9962599058517921
# 49 9 9 9 9 16 16 9 16 16 9 9 16 16 9 16 16 9 9 9 16 16 9 16 16 9 9 14 14 9 14 12 112 54 28 16 16 22 14 14 64 32 16 16 30 16 16
21.900000000000272 8 112 0.8965368868287363 0.9962903826338092
# 49 9 9 9 9 16 16 9 16 16 9 9 16 16 9 16 16 9 9 9 16 16 9 16 16 9 9 14 14 9 14 12 112 54 28 16 16 22 14 14 64 32 16 16 30 16 16
21.950000000000273 8 112 0.8959789565914126 0.9963209631974133
# 49 9 9 9 9 16 16 9 16 16 9 9 16 16 9 16 16 9 9 9 16 16 9 16 16 9 9 14 14 9 14 12 112 54 28 16 16 22 14 14 64 32 16 16 30 16 16
22.000000000000277 8 112 0.8954250366072769 0.9963516426548767
# 49 9 9 9 9 16 16 9 16 16 9 9 16 16 9 16 16 9 9 9 16 16 9 16 16 9 9 14 14 9 14 12 112 54 28 16 16 22 14 14 64 32 16 16 30 16 16
22.050000000000274 8 112 0.8948752735246075 0.9963824162889976
# 49 9 9 9 9 16 16 9 16 16 9 9 16 16 9 16 16 9 9 9 16 16 9 16 16 9 9 14 14 9 14 12 112 54 28 16 16 22 14 14 64 32 16 16 30 16 16
22.100000000000275 8 112 0.894329814042193 0.9964132795542178
# 49 9 9 9 9 16 16 9 16 16 9 9 16 16 9 16 16 9 9 9 16 16 9 16 16 9 9 14 14 9 14 12 112 54 28 16 16 22 14 14 64 32 16 16 30 16 16
22.15000000000028 8 112 0.893788804777705 0.9964442280775031
# 49 9 9 9 9 16 16 9 16 16 9 9 16 16 9 16 16 9 9 9 16 16 9 16 16 9 9 14 14 9 14 12 112 54 28 16 16 22 14 14 64 32 16 16 30 16 16
22.200000000000276 14 112 0.8932523921311424 0.9964752576592308
# 49 9 9 9 9 16 16 9 16 16 9 9 16 16 9 16 16 9 9 9 16 16 9 16 16 9 9 14 14 9 14 12 112 54 28 16 16 22 14 14 64 32 16 16 30 16 16
22.25000000000028 8 112 0.8927207221419592 0.996506364273645
# 49 9 9 9 9 16 16 9 16 16 9 9 16 16 9 16 16 9 9 9 16 16 9 16 16 9 9 14 14 9 14 12 112 54 28 16 16 22 14 14 64 32 16 16 30 16 16
22.30000000000028 8 112 0.8921939403434397 0.9965375440696449
# 49 9 9 9 9 16 16 9 16 16 9 9 16 16 9 16 16 9 9 9 16 16 9 16 16 9 9 14 14 9 14 12 112 54 28 16 16 22 14 14 64 32 16 16 30 16 16
22.350000000000282 14 112 0.8916721916105126 0.9965687933708541
# 49 9 9 9 9 16 16 9 16 16 9 9 16 16 9 16 16 9 9 9 16 16 9 16 16 9 9 14 14 9 14 12 112 54 28 16 16 22 14 14 64 32 16 16 30 16 16
22.400000000000283 14 112 0.8911556200044329 0.9966001086759498
# 49 9 9 9 9 16 16 9 16 16 9 9 16 16 9 16 16 9 9 9 16 16 9 16 16 9 9 14 14 9 14 12 112 54 28 16 16 22 14 14 64 32 16 16 30 16 16
22.450000000000284 14 112 0.8906443686139198 0.9966314866587438
# 49 9 9 9 9 16 16 9 16 16 9 9 16 16 9 16 16 9 9 9 16 16 9 16 16 9 9 14 14 9 14 12 112 54 28 16 16 22 14 14 64 32 16 16 30 16 16
22.500000000000288 8 112 0.8901385793925196 0.9966629241680737
# 49 9 9 9 9 16 16 9 16 16 9 9 16 16 9 16 16 9 9 9 16 16 9 16 16 9 9 14 14 9 14 12 112 54 28 16 16 22 14 14 64 32 16 16 30 16 16
22.55000000000029 8 112 0.8896383929942117 0.9966944182276769
# 49 9 9 9 9 16 16 9 16 16 9 9 16 16 9 16 16 9 9 9 16 16 9 16 16 9 9 14 14 9 14 12 112 54 28 16 16 22 14 14 64 32 16 16 30 16 16
22.60000000000029 8 112 0.8891439486050193 0.9967259660356852
# 49 9 9 9 9 16 16 9 16 16 9 9 16 16 9 16 16 9 9 9 16 16 9 16 16 9 9 14 14 9 14 12 112 54 28 16 16 22 14 14 64 32 16 16 30 16 16
22.65000000000029 8 112 0.8886553837746476 0.9967575649643191
# 49 9 9 9 9 16 16 9 16 16 9 9 16 16 9 16 16 9 9 9 16 16 9 16 16 9 9 14 14 9 14 12 112 54 28 16 16 22 14 14 64 32 16 16 30 16 16
22.70000000000029 8 112 0.8881728342456305 0.99678921255913
# 49 9 9 9 9 16 16 9 16 16 9 9 16 16 9 16 16 9 9 9 16 16 9 16 16 9 9 14 14 9 14 12 112 54 28 16 16 22 14 14 64 32 16 16 30 16 16
22.750000000000295 8 112 0.8876964337825177 0.9968209065383247
# 49 9 9 9 9 16 16 9 16 16 9 9 16 16 9 16 16 9 9 9 16 16 9 16 16 9 9 14 14 9 14 12 112 54 28 16 16 22 14 14 64 32 16 16 30 16 16
22.800000000000292 8 112 0.8872263140011974 0.9968526447919378
# 49 9 9 9 9 16 16 9 16 16 9 9 16 16 9 16 16 9 9 9 16 16 9 16 16 9 9 14 14 9 14 12 112 54 28 16 16 22 14 14 64 32 16 16 30 16 16
22.850000000000293 8 112 0.8867626041981895 0.9968844253807347
# 49 9 9 9 9 16 16 9 16 16 9 9 16 16 9 16 16 9 9 9 16 16 9 16 16 9 9 14 14 9 14 12 112 54 28 16 16 22 14 14 64 32 16 16 30 16 16
22.900000000000297 8 112 0.8863054311815293 0.9969162465351259
# 49 9 9 9 9 16 16 9 16 16 9 9 16 16 9 16 16 9 9 9 16 16 9 16 16 9 9 14 14 9 14 12 112 54 28 16 16 22 14 14 64 32 16 16 30 16 16
22.950000000000294 8 112 0.8858549191029207 0.9969481066537333
# 49 9 9 9 9 16 16 9 16 16 9 9 16 16 9 16 16 9 9 9 16 16 9 16 16 9 9 14 14 9 14 12 112 54 28 16 16 22 14 14 64 32 16 16 30 16 16
23.0000000000003 8 112 0.8854111892934917 0.996980004302369
# 49 9 9 9 9 16 16 9 16 16 9 9 16 16 9 16 16 9 9 9 16 16 9 16 16 9 9 14 14 9 14 12 112 54 28 16 16 22 14 14 64 32 16 16 30 16 16
23.0500000000003 8 112 0.8849743601015884 0.9970119382122115
# 49 9 9 9 9 16 16 9 16 16 9 9 16 16 9 16 16 9 9 9 16 16 9 16 16 9 9 14 14 9 14 12 112 54 28 16 16 22 14 14 64 32 16 16 30 16 16
23.1000000000003 8 112 0.8845445467345188 0.9970439072782472
# 49 9 9 9 9 16 16 9 16 16 9 9 16 16 9 16 16 9 9 9 16 16 9 16 16 9 9 14 14 9 14 12 112 54 28 16 16 22 14 14 64 32 16 16 30 16 16
23.1500000000003 8 112 0.8841218611046897 0.9970759105575454
# 49 9 9 9 9 16 16 9 16 16 9 9 16 16 9 16 16 9 9 9 16 16 9 16 16 9 9 14 14 9 14 12 112 54 28 16 16 22 14 14 64 32 16 16 30 16 16
23.2000000000003 8 112 0.8837064116806016 0.9971079472673782
# 49 9 9 9 9 16 16 9 16 16 9 9 16 16 9 16 16 9 9 9 16 16 9 16 16 9 9 14 14 9 14 12 112 54 28 16 16 22 14 14 64 32 16 16 30 16 16
23.250000000000306 8 112 0.8832983033432097 0.9971400167832121
# 49 9 9 9 9 16 16 9 16 16 9 9 16 16 9 16 16 9 9 9 16 16 9 16 16 9 9 14 14 9 14 12 112 54 28 16 16 22 14 14 64 32 16 16 30 16 16
23.300000000000306 8 112 0.882897637248296 0.9971721186366092
# 49 9 9 9 9 16 16 9 16 16 9 9 16 16 9 16 16 9 9 9 16 16 9 16 16 9 9 14 14 9 14 12 112 54 28 16 16 22 14 14 64 32 16 16 30 16 16
23.350000000000307 8 112 0.8825045106952943 0.9972042525130291
# 49 9 9 9 9 16 16 9 16 16 9 9 16 16 9 16 16 9 9 9 16 16 9 16 16 9 9 14 14 9 14 12 112 54 28 16 16 22 14 14 64 32 16 16 30 16 16
23.400000000000308 8 112 0.8821190170030047 0.9972364182494576
# 49 9 9 9 9 16 16 9 16 16 9 9 16 16 9 16 16 9 9 9 16 16 9 16 16 9 9 14 14 9 14 12 112 54 28 16 16 22 14 14 64 32 16 16 30 16 16
23.45000000000031 8 112 0.881741245392655 0.9972686158320015
# 49 9 9 9 9 16 16 9 16 16 9 9 16 16 9 16 16 9 9 9 16 16 9 16 16 9 9 14 14 9 14 12 112 54 28 16 16 22 14 14 64 32 16 16 30 16 16
23.500000000000313 8 112 0.8813712808786682 0.9973008453933897
# 49 9 9 9 9 16 16 9 16 16 9 9 16 16 9 16 16 9 9 9 16 16 9 16 16 9 9 14 14 9 14 12 112 54 28 16 16 22 14 14 64 32 16 16 30 16 16
23.55000000000031 8 112 0.8810092041676065 0.9973331072100267
# 49 9 9 9 9 16 16 9 16 16 9 9 16 16 9 16 16 9 9 9 16 16 9 16 16 9 9 14 14 9 14 12 112 54 28 16 16 22 14 14 64 32 16 16 30 16 16
23.60000000000031 8 112 0.8806550915650918 0.997365401699818
# 49 9 9 9 9 16 16 9 16 16 9 9 16 16 9 16 16 9 9 9 16 16 9 16 16 9 9 14 14 9 14 12 112 54 28 16 16 22 14 14 64 32 16 16 30 16 16
23.650000000000315 8 112 0.8803090148915937 0.9973977294187533
# 49 9 9 9 9 16 16 9 16 16 9 9 16 16 9 16 16 9 9 9 16 16 9 16 16 9 9 14 14 9 14 12 112 54 28 16 16 22 14 14 64 32 16 16 30 16 16
23.700000000000312 8 112 0.8799710414068203 0.9974300910582397
# 49 9 9 9 9 16 16 9 16 16 9 9 16 16 9 16 16 9 9 9 16 16 9 16 16 9 9 14 14 9 14 12 112 54 28 16 16 22 14 14 64 32 16 16 30 16 16
23.750000000000316 8 112 0.8796412337429615 0.9974624874419871
# 49 9 9 9 9 16 16 9 16 16 9 9 16 16 9 16 16 9 9 9 16 16 9 16 16 9 9 14 14 9 14 12 112 54 28 16 16 22 14 14 64 32 16 16 30 16 16
23.800000000000317 8 112 0.8793196498468598 0.9974949195228745
# 49 9 9 9 9 16 16 9 16 16 9 9 16 16 9 16 16 9 9 9 16 16 9 16 16 9 9 14 14 9 14 12 112 54 28 16 16 22 14 14 64 32 16 16 30 16 16
23.850000000000318 8 112 0.8790063429311533 0.9975273883797434
# 49 9 9 9 9 16 16 9 16 16 9 9 16 16 9 16 16 9 9 9 16 16 9 16 16 9 9 14 14 9 14 12 112 54 28 16 16 22 14 14 64 32 16 16 30 16 16
23.90000000000032 8 112 0.8787013614343889 0.9975598952140672
# 49 9 9 9 9 16 16 9 16 16 9 9 16 16 9 16 16 9 9 9 16 16 9 16 16 9 9 14 14 9 14 12 112 54 28 16 16 22 14 14 64 32 16 16 30 16 16
23.95000000000032 8 112 0.8784047489899875 0.9975924413465553
# 49 9 9 9 9 16 16 9 16 16 9 9 16 16 9 16 16 9 9 9 16 16 9 16 16 9 9 14 14 9 14 12 112 54 28 16 16 22 14 14 64 32 16 16 30 16 16
24.000000000000323 8 112 0.87811654440403 0.9976250282136966
# 49 9 9 9 9 16 16 9 16 16 9 9 16 16 9 16 16 9 9 9 16 16 9 16 16 9 9 14 14 9 14 12 112 54 28 16 16 22 14 14 64 32 16 16 30 16 16
24.050000000000324 8 112 0.8778367816416308 0.9976576573642114
# 49 9 9 9 9 16 16 9 16 16 9 9 16 16 9 16 16 9 9 9 16 16 9 16 16 9 9 14 14 9 14 12 112 54 28 16 16 22 14 14 64 32 16 16 30 16 16
24.100000000000325 8 112 0.8775654898217816 0.9976903304554284
# 49 9 9 9 9 16 16 9 16 16 9 9 16 16 9 16 16 9 9 9 16 16 9 16 16 9 9 14 14 9 14 12 112 54 28 16 16 22 14 14 64 32 16 16 30 16 16
24.150000000000325 8 112 0.8773026932205745 0.9977230492495379
# 49 9 9 9 9 16 16 9 16 16 9 9 16 16 9 16 16 9 9 9 16 16 9 16 16 9 9 14 14 9 14 12 112 54 28 16 16 22 14 14 64 32 16 16 30 16 16
24.200000000000326 8 112 0.8770484112820829 0.9977558156099929
# 49 9 9 9 9 16 16 9 16 16 9 9 16 16 9 16 16 9 9 9 16 16 9 16 16 9 9 14 14 9 14 12 112 54 28 16 16 22 14 14 64 32 16 16 30 16 16
24.25000000000033 8 112 0.8768026586371918 0.9977886314975754
# 49 9 9 9 9 16 16 9 16 16 9 9 16 16 9 16 16 9 9 9 16 16 9 16 16 9 9 14 14 9 14 12 112 54 28 16 16 22 14 14 64 32 16 16 30 16 16
24.300000000000328 8 112 0.8765654451297562 0.9978214989665202
# 49 9 9 9 9 16 16 9 16 16 9 9 16 16 9 16 16 9 9 9 16 16 9 16 16 9 9 14 14 9 14 12 112 54 28 16 16 22 14 14 64 32 16 16 30 16 16
24.35000000000033 8 112 0.8763367758496673 0.9978544201607089
# 49 9 9 9 9 16 16 9 16 16 9 9 16 16 9 16 16 9 9 9 16 16 9 16 16 9 9 14 14 9 14 12 112 54 28 16 16 22 14 14 64 32 16 16 30 16 16
24.400000000000333 8 112 0.87611665117271 0.9978873973096005
# 49 9 9 9 9 16 16 9 16 16 9 9 16 16 9 16 16 9 9 9 16 16 9 16 16 9 9 14 14 9 14 12 112 54 28 16 16 22 14 14 64 32 16 16 30 16 16
24.450000000000333 8 112 0.8759050668065888 0.9979204327242636
# 49 9 9 9 9 16 16 9 16 16 9 9 16 16 9 16 16 9 9 9 16 16 9 16 16 9 9 14 14 9 14 12 112 54 28 16 16 22 14 14 64 32 16 16 30 16 16
24.500000000000334 8 112 0.8757020138427862 0.9979535287933202
# 49 9 9 9 9 16 16 9 16 16 9 9 16 16 9 16 16 9 9 9 16 16 9 16 16 9 9 14 14 9 14 12 112 54 28 16 16 22 14 14 64 32 16 16 30 16 16
24.550000000000335 8 112 0.8755074788139855 0.9979866879788253
# 49 9 9 9 9 16 16 9 16 16 9 9 16 16 9 16 16 9 9 9 16 16 9 16 16 9 9 14 14 9 14 12 112 54 28 16 16 22 14 14 64 32 16 16 30 16 16
24.600000000000335 8 112 0.8753214437562157 0.9980199128121967
# 49 9 9 9 9 16 16 9 16 16 9 9 16 16 9 16 16 9 9 9 16 16 9 16 16 9 9 14 14 9 14 12 112 54 28 16 16 22 14 14 64 32 16 16 30 16 16
24.650000000000336 8 112 0.8751438862756626 0.9980532058900072
# 49 9 9 9 9 16 16 9 16 16 9 9 16 16 9 16 16 9 9 9 16 16 9 16 16 9 9 14 14 9 14 12 112 54 28 16 16 22 14 14 64 32 16 16 30 16 16
24.700000000000337 8 112 0.8749747796195323 0.9980865698697741
# 49 9 9 9 9 16 16 9 16 16 9 9 16 16 9 16 16 9 9 9 16 16 9 16 16 9 9 14 14 9 14 12 112 54 28 16 16 22 14 14 64 32 16 16 30 16 16
24.75000000000034 8 112 0.874814092750426 0.9981200074657568
# 49 9 9 9 9 16 16 9 16 16 9 9 16 16 9 16 16 9 9 9 16 16 9 16 16 9 9 14 14 9 14 12 112 54 28 16 16 22 14 14 64 32 16 16 30 16 16
24.80000000000034 8 112 0.8746617904238682 0.998153521444669
# 49 9 9 9 9 16 16 9 16 16 9 9 16 16 9 16 16 9 9 9 16 16 9 16 16 9 9 14 14 9 14 12 112 54 28 16 16 22 14 14 64 32 16 16 30 16 16
24.850000000000342 8 112 0.8745178332684119 0.9981871146213923
# 49 9 9 9 9 16 16 9 16 16 9 9 16 16 9 16 16 9 9 9 16 16 9 16 16 9 9 14 14 9 14 12 112 54 28 16 16 22 14 14 64 32 16 16 30 16 16
24.900000000000347 8 112 0.8743821778679427 0.9982207898546639
# 49 9 9 9 9 16 16 9 16 16 9 9 16 16 9 16 16 9 9 9 16 16 9 16 16 9 9 14 14 9 14 12 112 54 28 16 16 22 14 14 64 32 16 16 30 16 16
24.95000000000034 8 112 0.8742547768459121 0.9982545500425651
# 49 9 9 9 9 16 16 9 16 16 9 9 16 16 9 16 16 9 9 9 16 16 9 16 16 9 9 14 14 9 14 12 112 54 28 16 16 22 14 14 64 32 16 16 30 16 16
25.000000000000345 8 112 0.8741355789505308 0.9982883981182966
# 49 9 9 9 9 16 16 9 16 16 9 9 16 16 9 16 16 9 9 9 16 16 9 16 16 9 9 14 14 9 14 12 112 54 28 16 16 22 14 14 64 32 16 16 30 16 16
25.050000000000345 8 112 0.8740245291408624 0.9983223370457229
# 49 9 9 9 9 16 16 9 16 16 9 9 16 16 9 16 16 9 9 9 16 16 9 16 16 9 9 14 14 9 14 12 112 54 28 16 16 22 14 14 64 32 16 16 30 16 16
25.100000000000346 8 112 0.8739215686736955 0.9983563698147283
# 49 9 9 9 9 16 16 9 16 16 9 9 16 16 9 16 16 9 9 9 16 16 9 16 16 9 9 14 14 9 14 12 112 54 28 16 16 22 14 14 64 32 16 16 30 16 16
25.15000000000035 8 112 0.8738266351902549 0.998390499436767
# 49 9 9 9 9 16 16 9 16 16 9 9 16 16 9 16 16 9 9 9 16 16 9 16 16 9 9 14 14 9 14 12 112 54 28 16 16 22 14 14 64 32 16 16 30 16 16
25.20000000000035 8 112 0.8737396628027003 0.9984247289402762
# 49 9 9 9 9 16 16 9 16 16 9 9 16 16 9 16 16 9 9 9 16 16 9 16 16 9 9 14 14 9 14 12 112 54 28 16 16 22 14 14 64 32 16 16 30 16 16
25.250000000000355 8 112 0.8736605821800459 0.998459061366024
# 49 9 9 9 9 16 16 9 16 16 9 9 16 16 9 16 16 9 9 9 16 16 9 16 16 9 9 14 14 9 14 12 112 54 28 16 16 22 14 14 64 32 16 16 30 16 16
25.300000000000356 8 112 0.8735893206332824 0.998493499762405
# 49 9 9 9 9 16 16 9 16 16 9 9 16 16 9 16 16 9 9 9 16 16 9 16 16 9 9 14 14 9 14 12 112 54 28 16 16 22 14 14 64 32 16 16 30 16 16
25.350000000000353 8 112 0.8735258021992107 0.9985280471806802
# 49 9 9 9 9 16 16 9 16 16 9 9 16 16 9 16 16 9 9 9 16 16 9 16 16 9 9 14 14 9 14 12 112 54 28 16 16 22 14 14 64 32 16 16 30 16 16
25.400000000000354 8 112 0.8734699477230304 0.9985627066701483
# 49 9 9 9 9 16 16 9 16 16 9 9 16 16 9 16 16 9 9 9 16 16 9 16 16 9 9 14 14 9 14 12 112 54 28 16 16 22 14 14 64 32 16 16 30 16 16
25.450000000000355 8 112 0.8734216749393139 0.9985974812732531
# 49 9 9 9 9 16 16 9 16 16 9 9 16 16 9 16 16 9 9 9 16 16 9 16 16 9 9 14 14 9 14 12 112 54 28 16 16 22 14 14 64 32 16 16 30 16 16
25.50000000000036 8 112 0.8733808985511718 0.9986323740206143
# 49 9 9 9 9 16 16 9 16 16 9 9 16 16 9 16 16 9 9 9 16 16 9 16 16 9 9 14 14 9 14 12 112 54 28 16 16 22 14 14 64 32 16 16 30 16 16
25.55000000000036 8 112 0.873347530307614 0.9986673879259889
# 49 9 9 9 9 16 16 9 16 16 9 9 16 16 9 16 16 9 9 9 16 16 9 16 16 9 9 14 14 9 14 12 112 54 28 16 16 22 14 14 64 32 16 16 30 16 16
25.60000000000036 8 112 0.8733214790788683 0.9987025259811347
# 49 9 9 9 9 16 16 9 16 16 9 9 16 16 9 16 16 9 9 9 16 16 9 16 16 9 9 14 14 9 14 12 112 54 28 16 16 22 14 14 64 32 16 16 30 16 16
25.650000000000365 8 112 0.8733026509296 0.9987377911506392
# 49 9 9 9 9 16 16 9 16 16 9 9 16 16 9 16 16 9 9 9 16 16 9 16 16 9 9 14 14 9 14 12 112 54 28 16 16 22 14 14 64 32 16 16 30 16 16
25.700000000000358 8 112 0.8732909491899588 0.9987731863666255
# 49 9 9 9 9 16 16 9 16 16 9 9 16 16 9 16 16 9 9 9 16 16 9 16 16 9 9 14 14 9 14 12 112 54 28 16 16 22 14 14 64 32 16 16 30 16 16
25.750000000000362 8 112 0.8732862745244792 0.9988087145233789
# 49 9 9 9 9 16 16 9 16 16 9 9 16 16 9 16 16 9 9 9 16 16 9 16 16 9 9 14 14 9 14 12 112 54 28 16 16 22 14 14 64 32 16 16 30 16 16
25.800000000000363 8 112 0.8732885249986886 0.9988443784719391
# 49 9 9 9 9 16 16 9 16 16 9 9 16 16 9 16 16 9 9 9 16 16 9 16 16 9 9 14 14 9 14 12 112 54 28 16 16 22 14 14 64 32 16 16 30 16 16
25.850000000000364 8 112 0.8732975961435497 0.998880181014547
# 49 9 9 9 9 16 16 9 16 16 9 9 16 16 9 16 16 9 9 9 16 16 9 16 16 9 9 14 14 9 14 12 112 54 28 16 16 22 14 14 64 32 16 16 30 16 16
25.900000000000368 8 112 0.8733133810176841 0.9989161248990605
# 49 9 9 9 9 16 16 9 16 16 9 9 16 16 9 16 16 9 9 9 16 16 9 16 16 9 9 14 14 9 14 12 112 54 28 16 16 22 14 14 64 32 16 16 30 16 16
25.95000000000037 8 112 0.8733357702673795 0.9989522128132599
# 49 9 9 9 9 16 16 9 16 16 9 9 16 16 9 16 16 9 9 9 16 16 9 16 16 9 9 14 14 9 14 12 112 54 28 16 16 22 14 14 64 32 16 16 30 16 16
26.000000000000373 8 112 0.8733646521844878 0.9989884473791093
# 49 9 9 9 9 16 16 9 16 16 9 9 16 16 9 16 16 9 9 9 16 16 9 16 16 9 9 14 14 9 14 12 112 54 28 16 16 22 14 14 64 32 16 16 30 16 16
26.050000000000374 8 112 0.8733999127621739 0.9990248311469124
# 49 9 9 9 9 16 16 9 16 16 9 9 16 16 9 16 16 9 9 9 16 16 9 16 16 9 9 14 14 9 14 12 112 54 28 16 16 22 14 14 64 32 16 16 30 16 16
26.10000000000037 8 112 0.8734414357486395 0.9990613665894227
# 49 9 9 9 9 16 16 9 16 16 9 9 16 16 9 16 16 9 9 9 16 16 9 16 16 9 9 14 14 9 14 12 112 54 28 16 16 22 14 14 64 32 16 16 30 16 16
26.15000000000037 8 112 0.8734891026988724 0.9990980560958992
# 49 9 9 9 9 16 16 9 16 16 9 9 16 16 9 16 16 9 9 9 16 16 9 16 16 9 9 14 14 9 14 12 112 54 28 16 16 22 14 14 64 32 16 16 30 16 16
26.200000000000372 8 112 0.8735427930243836 0.9991349019660503
# 49 9 9 9 9 16 16 9 16 16 9 9 16 16 9 16 16 9 9 9 16 16 9 16 16 9 9 14 14 9 14 12 112 54 28 16 16 22 14 14 64 32 16 16 30 16 16
26.250000000000377 8 112 0.8736023840411087 0.9991719064040103
# 49 9 9 9 9 16 16 9 16 16 9 9 16 16 9 16 16 9 9 9 16 16 9 16 16 9 9 14 14 9 14 12 112 54 28 16 16 22 14 14 64 32 16 16 30 16 16
26.300000000000377 8 112 0.8736677510155283 0.999209071512185
# 49 9 9 9 9 16 16 9 16 16 9 9 16 16 9 16 16 9 9 9 16 16 9 16 16 9 9 14 14 9 14 12 112 54 28 16 16 22 14 14 64 32 16 16 30 16 16
26.350000000000378 8 112 0.8737387672089116 0.9992463992851073
# 49 9 9 9 9 16 16 9 16 16 9 9 16 16 9 16 16 9 9 9 16 16 9 16 16 9 9 14 14 9 14 12 112 54 28 16 16 22 14 14 64 32 16 16 30 16 16
26.400000000000382 8 112 0.873815303919983 0.9992838916032575
# 49 9 9 9 9 16 16 9 16 16 9 9 16 16 9 16 16 9 9 9 16 16 9 16 16 9 9 14 14 9 14 12 112 54 28 16 16 22 14 14 64 32 16 16 30 16 16
26.450000000000376 8 112 0.873897230525828 0.9993215502268324
# 49 9 9 9 9 16 16 9 16 16 9 9 16 16 9 16 16 9 9 9 16 16 9 16 16 9 9 14 14 9 14 12 112 54 28 16 16 22 14 14 64 32 16 16 30 16 16
26.50000000000038 8 112 0.8739844145212755 0.9993593767895185
# 49 9 9 9 9 16 16 9 16 16 9 9 16 16 9 16 16 9 9 9 16 16 9 16 16 9 9 14 14 9 14 12 112 54 28 16 16 22 14 14 64 32 16 16 30 16 16
26.55000000000038 8 112 0.8740767215566579 0.9993973727922609
# 49 9 9 9 9 16 16 9 16 16 9 9 16 16 9 16 16 9 9 9 16 16 9 16 16 9 9 14 14 9 14 12 112 54 28 16 16 22 14 14 64 32 16 16 30 16 16
26.60000000000038 8 112 0.8741740154741204 0.9994355395970143
# 49 9 9 9 9 16 16 9 16 16 9 9 16 16 9 16 16 9 9 9 16 16 9 16 16 9 9 14 14 9 14 12 112 54 28 16 16 22 14 14 64 32 16 16 30 16 16
26.650000000000386 8 112 0.8742761583424299 0.9994738784205124
# 49 9 9 9 9 16 16 9 16 16 9 9 16 16 9 16 16 9 9 9 16 16 9 16 16 9 9 14 14 9 14 12 112 54 28 16 16 22 14 14 64 32 16 16 30 16 16
26.700000000000387 8 112 0.8743830104903105 0.999512390328054
# 49 9 9 9 9 16 16 9 16 16 9 9 16 16 9 16 16 9 9 9 16 16 9 16 16 9 9 14 14 9 14 12 112 54 28 16 16 22 14 14 64 32 16 16 30 16 16
26.75000000000039 8 112 0.8744944305384456 0.9995510762273332
# 49 9 9 9 9 16 16 9 16 16 9 9 16 16 9 16 16 9 9 9 16 16 9 16 16 9 9 14 14 9 14 12 112 54 28 16 16 22 14 14 64 32 16 16 30 16 16
26.80000000000039 8 112 0.8746102754300972 0.9995899368622667
# 49 9 9 9 9 16 16 9 16 16 9 9 16 16 9 16 16 9 9 9 16 16 9 16 16 9 9 14 14 9 14 12 112 54 28 16 16 22 14 14 64 32 16 16 30 16 16
26.85000000000039 8 112 0.8747304004603126 0.9996289728069108
# 49 9 9 9 9 16 16 9 16 16 9 9 16 16 9 16 16 9 9 9 16 16 9 16 16 9 9 14 14 9 14 12 112 54 28 16 16 22 14 14 64 32 16 16 30 16 16
26.90000000000039 8 112 0.8748546593039002 0.999668184459415
# 49 9 9 9 9 16 16 9 16 16 9 9 16 16 9 16 16 9 9 9 16 16 9 16 16 9 9 14 14 9 14 12 112 54 28 16 16 22 14 14 64 32 16 16 30 16 16
26.95000000000039 8 112 0.8749829040420856 0.9997075720360423
# 49 9 9 9 9 16 16 9 16 16 9 9 16 16 9 16 16 9 9 9 16 16 9 16 16 9 9 14 14 9 14 12 112 54 28 16 16 22 14 14 64 32 16 16 30 16 16
27.000000000000394 8 112 0.8751149851879005 0.9997471355652651
# 49 9 9 9 9 16 16 9 16 16 9 9 16 16 9 16 16 9 9 9 16 16 9 16 16 9 9 14 14 9 14 12 112 54 28 16 16 22 14 14 64 32 16 16 30 16 16
27.050000000000395 8 112 0.8752507517103517 0.9997868748819614
# 49 9 9 9 9 16 16 9 16 16 9 9 16 16 9 16 16 9 9 9 16 16 9 16 16 9 9 14 14 9 14 12 112 54 28 16 16 22 14 14 64 32 16 16 30 16 16
27.100000000000396 8 112 0.8753900510574005 0.999826789621688
# 49 9 9 9 9 16 16 9 16 16 9 9 16 16 9 16 16 9 9 9 16 16 9 16 16 9 9 14 14 9 14 12 112 54 28 16 16 22 14 14 64 32 16 16 30 16 16
27.1500000000004 8 112 0.8755327291777791 0.9998668792150884
# 49 9 9 9 9 16 16 9 16 16 9 9 16 16 9 16 16 9 9 9 16 16 9 16 16 9 9 14 14 9 14 12 112 54 28 16 16 22 14 14 64 32 16 16 30 16 16
27.200000000000394 8 112 0.8756786305416662 0.9999071428823905
# 49 9 9 9 9 16 16 9 16 16 9 9 16 16 9 16 16 9 9 9 16 16 9 16 16 9 9 14 14 9 14 12 112 54 28 16 16 22 14 14 64 32 16 16 30 16 16
27.250000000000398 8 112 0.875827598160335 0.999947579628048
# 49 9 9 9 9 16 16 9 16 16 9 9 16 16 9 16 16 9 9 9 16 16 9 16 16 9 9 14 14 9 14 12 112 54 28 16 16 22 14 14 64 32 16 16 30 16 16
27.3000000000004 8 112 0.8759794736047399 0.9999881882355395
# 49 9 9 9 9 16 16 9 16 16 9 9 16 16 9 16 16 9 9 9 16 16 9 16 16 9 9 14 14 9 14 12 112 54 28 16 16 22 14 14 64 32 16 16 30 16 16
27.350000000000403 8 112 0.8761340970231687 1.000028967262257
# 49 9 9 9 9 16 16 9 16 16 9 9 16 16 9 16 16 9 9 9 16 16 9 16 16 9 9 14 14 9 14 12 112 54 28 16 16 22 14 14 64 32 16 16 30 16 16
27.400000000000404 8 112 0.8762913071580142 1.000069915034651
# 49 9 9 9 9 16 16 9 16 16 9 9 16 16 9 16 16 9 9 9 16 16 9 16 16 9 9 14 14 9 14 12 112 54 28 16 16 22 14 14 64 32 16 16 30 16 16
27.450000000000404 8 112 0.8764509413617525 1.00011102964345
# 49 9 9 9 9 16 16 9 16 16 9 9 16 16 9 16 16 9 9 9 16 16 9 16 16 9 9 14 14 9 14 12 112 54 28 16 16 22 14 14 64 32 16 16 30 16 16
27.50000000000041 8 112 0.8766128356121843 1.0001523089391229
# 49 9 9 9 9 16 16 9 16 16 9 9 16 16 9 16 16 9 9 9 16 16 9 16 16 9 9 14 14 9 14 12 112 54 28 16 16 22 14 14 64 32 16 16 30 16 16
27.55000000000041 8 112 0.8767768245271327 1.0001937505275258
# 49 9 9 9 9 16 16 9 16 16 9 9 16 16 9 16 16 9 9 9 16 16 9 16 16 9 9 14 14 9 14 12 112 54 28 16 16 22 14 14 64 32 16 16 30 16 16
27.600000000000406 8 112 0.8769427413785632 1.0002353517657387
# 49 9 9 9 9 16 16 9 16 16 9 9 16 16 9 16 16 9 9 9 16 16 9 16 16 9 9 14 14 9 14 12 112 54 28 16 16 22 14 14 64 32 16 16 30 16 16
27.650000000000407 8 112 0.8771104181064745 1.0002771097581233
# 49 9 9 9 9 16 16 9 16 16 9 9 16 16 9 16 16 9 9 9 16 16 9 16 16 9 9 14 14 9 14 12 112 54 28 16 16 22 14 14 64 32 16 16 30 16 16
27.700000000000408 8 112 0.8772796853324962 1.0003190213526076
# 49 9 9 9 9 16 16 9 16 16 9 9 16 16 9 16 16 9 9 9 16 16 9 16 16 9 9 14 14 9 14 12 112 54 28 16 16 22 14 14 64 32 16 16 30 16 16
27.750000000000412 8 112 0.8774503723734413 1.0003610831372354
# 49 9 9 9 9 16 16 9 16 16 9 9 16 16 9 16 16 9 9 9 16 16 9 16 16 9 9 14 14 9 14 12 112 54 28 16 16 22 14 14 64 32 16 16 30 16 16
27.800000000000413 8 112 0.877622307255044 1.0004032914369079
# 49 9 9 9 9 16 16 9 16 16 9 9 16 16 9 16 16 9 9 9 16 16 9 16 16 9 9 14 14 9 14 12 112 54 28 16 16 22 14 14 64 32 16 16 30 16 16
27.850000000000414 8 112 0.8777953167259548 1.0004456423104269
# 49 9 9 9 9 16 16 9 16 16 9 9 16 16 9 16 16 9 9 9 16 16 9 16 16 9 9 14 14 9 14 12 112 54 28 16 16 22 14 14 64 32 16 16 30 16 16
27.900000000000418 8 112 0.8779692262722596 1.0004881315478096
# 49 9 9 9 9 16 16 9 16 16 9 9 16 16 9 16 16 9 9 9 16 16 9 16 16 9 9 14 14 9 14 12 112 54 28 16 16 22 14 14 64 32 16 16 30 16 16
27.95000000000041 8 112 0.8781438601327117 1.0005307546678703
# 49 9 9 9 9 16 16 9 16 16 9 9 16 16 9 16 16 9 9 9 16 16 9 16 16 9 9 14 14 9 14 12 112 54 28 16 16 22 14 14 64 32 16 16 30 16 16
28.000000000000416 8 112 0.8783190413149764 1.0005735069160802
# 49 9 9 9 9 16 16 9 16 16 9 9 16 16 9 16 16 9 9 9 16 16 9 16 16 9 9 14 14 9 14 12 112 54 28 16 16 22 14 14 64 32 16 16 30 16 16
28.050000000000416 8 112 0.8784945916129763 1.00061638326278
# 49 9 9 9 9 16 16 9 16 16 9 9 16 16 9 16 16 9 9 9 16 16 9 16 16 9 9 14 14 9 14 12 112 54 28 16 16 22 14 14 64 32 16 16 30 16 16
28.10000000000042 8 112 0.8786703316257686 1.0006593784016373
# 49 9 9 9 9 16 16 9 16 16 9 9 16 16 9 16 16 9 9 9 16 16 9 16 16 9 9 14 14 9 14 12 112 54 28 16 16 22 14 14 64 32 16 16 30 16 16
28.15000000000042 8 112 0.8788460807780325 1.0007024867484884
# 49 9 9 9 9 16 16 9 16 16 9 9 16 16 9 16 16 9 9 9 16 16 9 16 16 9 9 14 14 9 14 12 112 54 28 16 16 22 14 14 64 32 16 16 30 16 16
28.200000000000422 8 112 0.8790216573426424 1.0007457024404824
# 49 9 9 9 9 16 16 9 16 16 9 9 16 16 9 16 16 9 9 9 16 16 9 16 16 9 9 14 14 9 14 12 112 54 28 16 16 22 14 14 64 32 16 16 30 16 16
28.250000000000426 8 112 0.8791968784653905 1.0007890193355689
# 49 9 9 9 9 16 16 9 16 16 9 9 16 16 9 16 16 9 9 9 16 16 9 16 16 9 9 14 14 9 14 12 112 54 28 16 16 22 14 14 64 32 16 16 30 16 16
28.300000000000427 8 112 0.8793715601923203 1.0008324310123353
# 49 9 9 9 9 16 16 9 16 16 9 9 16 16 9 16 16 9 9 9 16 16 9 16 16 9 9 14 14 9 14 12 112 54 28 16 16 22 14 14 64 32 16 16 30 16 16
28.350000000000424 8 112 0.8795455174998928 1.0008759307702297
# 49 9 9 9 9 16 16 9 16 16 9 9 16 16 9 16 16 9 9 9 16 16 9 16 16 9 9 14 14 9 14 12 112 54 28 16 16 22 14 14 64 32 16 16 30 16 16
28.400000000000425 8 112 0.8797185643282451 1.0009195116301195
# 49 9 9 9 9 16 16 9 16 16 9 9 16 16 9 16 16 9 9 9 16 16 9 16 16 9 9 14 14 9 14 12 112 54 28 16 16 22 14 14 64 32 16 16 30 16 16
28.450000000000426 8 112 0.8798905136179909 1.0009631663352383
# 49 9 9 9 9 16 16 9 16 16 9 9 16 16 9 16 16 9 9 9 16 16 9 16 16 9 9 14 14 9 14 12 112 54 28 16 16 22 14 14 64 32 16 16 30 16 16
28.50000000000043 8 112 0.880061177350626 1.0010068873525306
# 49 9 9 9 9 16 16 9 16 16 9 9 16 16 9 16 16 9 9 9 16 16 9 16 16 9 9 14 14 9 14 12 112 54 28 16 16 22 14 14 64 32 16 16 30 16 16
28.55000000000043 8 112 0.880230366593119 1.0010506668743624
# 49 9 9 9 9 16 16 9 16 16 9 9 16 16 9 16 16 9 9 9 16 16 9 16 16 9 9 14 14 9 14 12 112 54 28 16 16 22 14 14 64 32 16 16 30 16 16
28.60000000000043 8 112 0.8803978915468167 1.0010944968206443
# 49 9 9 9 9 16 16 9 16 16 9 9 16 16 9 16 16 9 9 9 16 16 9 16 16 9 9 14 14 9 14 12 112 54 28 16 16 22 14 14 64 32 16 16 30 16 16
28.650000000000436 8 112 0.8805635616009345 1.0011383688413509
# 49 9 9 9 9 16 16 9 16 16 9 9 16 16 9 16 16 9 9 9 16 16 9 16 16 9 9 14 14 9 14 12 112 54 28 16 16 22 14 14 64 32 16 16 30 16 16
28.700000000000433 8 112 0.8807271853911153 1.0011822743194387
# 49 9 9 9 9 16 16 9 16 16 9 9 16 16 9 16 16 9 9 9 16 16 9 16 16 9 9 14 14 9 14 12 112 54 28 16 16 22 14 14 64 32 16 16 30 16 16
28.750000000000433 8 112 0.8808885708631653 1.0012262043741889
# 49 9 9 9 9 16 16 9 16 16 9 9 16 16 9 16 16 9 9 9 16 16 9 16 16 9 9 14 14 9 14 12 112 54 28 16 16 22 14 14 64 32 16 16 30 16 16
28.800000000000434 8 112 0.8810475253422647 1.0012701498649341
# 49 9 9 9 9 16 16 9 16 16 9 9 16 16 9 16 16 9 9 9 16 16 9 16 16 9 9 14 14 9 14 12 112 54 28 16 16 22 14 14 64 32 16 16 30 16 16
28.85000000000044 8 112 0.8812038556080324 1.0013141013952296
# 49 9 9 9 9 16 16 9 16 16 9 9 16 16 9 16 16 9 9 9 16 16 9 16 16 9 9 14 14 9 14 12 112 54 28 16 16 22 14 14 64 32 16 16 30 16 16
28.90000000000044 8 112 0.8813573679755857 1.0013580493174095
# 49 9 9 9 9 16 16 9 16 16 9 9 16 16 9 16 16 9 9 9 16 16 9 16 16 9 9 14 14 9 14 12 112 54 28 16 16 22 14 14 64 32 16 16 30 16 16
28.95000000000044 8 112 0.8815078683828254 1.0014019837375647
# 49 9 9 9 9 16 16 9 16 16 9 9 16 16 9 16 16 9 9 9 16 16 9 16 16 9 9 14 14 9 14 12 112 54 28 16 16 22 14 14 64 32 16 16 30 16 16
29.000000000000444 8 112 0.8816551624842538 1.00144589452095
# 49 9 9 9 9 16 16 9 16 16 9 9 16 16 9 16 16 9 9 9 16 16 9 16 16 9 9 14 14 9 14 12 112 54 28 16 16 22 14 14 64 32 16 16 30 16 16
29.050000000000445 8 112 0.8817990557514102 1.0014897712977637
# 49 9 9 9 9 16 16 9 16 16 9 9 16 16 9 16 16 9 9 9 16 16 9 16 16 9 9 14 14 9 14 12 112 54 28 16 16 22 14 14 64 32 16 16 30 16 16
29.100000000000442 8 112 0.8819393535801412 1.0015336034693683
# 49 9 9 9 9 16 16 9 16 16 9 9 16 16 9 16 16 9 9 9 16 16 9 16 16 9 9 14 14 9 14 12 112 54 28 16 16 22 14 14 64 32 16 16 30 16 16
29.150000000000443 8 112 0.8820758614048185 1.001577380214879
# 49 9 9 9 9 16 16 9 16 16 9 9 16 16 9 16 16 9 9 9 16 16 9 16 16 9 9 14 14 9 14 12 112 54 28 16 16 22 14 14 64 32 16 16 30 16 16
29.200000000000443 8 112 0.88220838481969 1.0016210904981817
# 49 9 9 9 9 16 16 9 16 16 9 9 16 16 9 16 16 9 9 9 16 16 9 16 16 9 9 14 14 9 14 12 112 54 28 16 16 22 14 14 64 32 16 16 30 16 16
29.250000000000448 8 112 0.8823367297073192 1.0016647230753077
# 49 9 9 9 9 16 16 9 16 16 9 9 16 16 9 16 16 9 9 9 16 16 9 16 16 9 9 14 14 9 14 12 112 54 28 16 16 22 14 14 64 32 16 16 30 16 16
29.30000000000045 8 112 0.8824607023742588 1.0017082665022021
# 49 9 9 9 9 16 16 9 16 16 9 9 16 16 9 16 16 9 9 9 16 16 9 16 16 9 9 14 14 9 14 12 112 54 28 16 16 22 14 14 64 32 16 16 30 16 16
29.35000000000045 8 112 0.8825801096939252 1.0017517091428747
# 49 9 9 9 9 16 16 9 16 16 9 9 16 16 9 16 16 9 9 9 16 16 9 16 16 9 9 14 14 9 14 12 112 54 28 16 16 22 14 14 64 32 16 16 30 16 16
29.400000000000453 8 112 0.8826947592566418 1.0017950391778883
# 49 9 9 9 9 16 16 9 16 16 9 9 16 16 9 16 16 9 9 9 16 16 9 16 16 9 9 14 14 9 14 12 112 54 28 16 16 22 14 14 64 32 16 16 30 16 16
29.450000000000454 8 112 0.8828044595268275 1.0018382446132101
# 49 9 9 9 9 16 16 9 16 16 9 9 16 16 9 16 16 9 9 9 16 16 9 16 16 9 9 14 14 9 14 12 112 54 28 16 16 22 14 14 64 32 16 16 30 16 16
29.50000000000045 8 112 0.8829090200071699 1.001881313289419
# 49 9 9 9 9 16 16 9 16 16 9 9 16 16 9 16 16 9 9 9 16 16 9 16 16 9 9 14 14 9 14 12 112 54 28 16 16 22 14 14 64 32 16 16 30 16 16
29.550000000000452 8 112 0.8830082514097011 1.0019242328912192
# 49 9 9 9 9 16 16 9 16 16 9 9 16 16 9 16 16 9 9 9 16 16 9 16 16 9 9 14 14 9 14 12 112 54 28 16 16 22 14 14 64 32 16 16 30 16 16
29.600000000000456 8 112 0.8831019658335583 1.0019669909572497
# 49 9 9 9 9 16 16 9 16 16 9 9 16 16 9 16 16 9 9 9 16 16 9 16 16 9 9 14 14 9 14 12 112 54 28 16 16 22 14 14 64 32 16 16 30 16 16
29.650000000000457 8 112 0.8831899769492129 1.0020095748902509
# 49 9 9 9 9 16 16 9 16 16 9 9 16 16 9 16 16 9 9 9 16 16 9 16 16 9 9 14 14 9 14 12 112 54 28 16 16 22 14 14 64 32 16 16 30 16 16
29.700000000000458 8 112 0.8832721001889481 1.0020519719674488
# 49 9 9 9 9 16 16 9 16 16 9 9 16 16 9 16 16 9 9 9 16 16 9 16 16 9 9 14 14 9 14 12 112 54 28 16 16 22 14 14 64 32 16 16 30 16 16
29.750000000000462 8 112 0.8833481529432161 1.002094169351265
# 49 9 9 9 9 16 16 9 16 16 9 9 16 16 9 16 16 9 9 9 16 16 9 16 16 9 9 14 14 9 14 12 112 54 28 16 16 22 14 14 64 32 16 16 30 16 16
29.800000000000463 8 112 0.8834179547626347 1.0021361541002267
# 49 9 9 9 9 16 16 9 16 16 9 9 16 16 9 16 16 9 9 9 16 16 9 16 16 9 9 14 14 9 14 12 112 54 28 16 16 22 14 14 64 32 16 16 30 16 16
29.85000000000046 8 112 0.8834813275651816 1.0021779131801432
# 49 9 9 9 9 16 16 9 16 16 9 9 16 16 9 16 16 9 9 9 16 16 9 16 16 9 9 14 14 9 14 12 112 54 28 16 16 22 14 14 64 32 16 16 30 16 16
29.90000000000046 8 112 0.8835380958482597 1.002219433475508
# 49 9 9 9 9 16 16 9 16 16 9 9 16 16 9 16 16 9 9 9 16 16 9 16 16 9 9 14 14 9 14 12 112 54 28 16 16 22 14 14 64 32 16 16 30 16 16
29.95000000000046 8 112 0.8835880869051367 1.0022607018010523
# 49 9 9 9 9 16 16 9 16 16 9 9 16 16 9 16 16 9 9 9 16 16 9 16 16 9 9 14 14 9 14 12 112 54 28 16 16 22 14 14 64 32 16 16 30 16 16
30.000000000000465 8 112 0.8836311310453837 1.0023017049135288
# 49 9 9 9 9 16 16 9 16 16 9 9 16 16 9 16 16 9 9 9 16 16 9 16 16 9 9 14 14 9 14 12 112 54 28 16 16 22 14 14 64 32 16 16 30 16 16
30.050000000000466 8 112 0.8836670618187602 1.0023424295236305
# 49 9 9 9 9 16 16 9 16 16 9 9 16 16 9 16 16 9 9 9 16 16 9 16 16 9 9 14 14 9 14 12 112 54 28 16 16 22 14 14 64 32 16 16 30 16 16
30.100000000000467 8 112 0.8836957162421356 1.0023828623080402
# 49 9 9 9 9 16 16 9 16 16 9 9 16 16 9 16 16 9 9 9 16 16 9 16 16 9 9 14 14 9 14 12 112 54 28 16 16 22 14 14 64 32 16 16 30 16 16
30.15000000000047 8 112 0.8837169350288638 1.0024229899216162
# 49 9 9 9 9 16 16 9 16 16 9 9 16 16 9 16 16 9 9 9 16 16 9 16 16 9 9 14 14 9 14 12 112 54 28 16 16 22 14 14 64 32 16 16 30 16 16
30.200000000000472 8 112 0.8837305628201338 1.002462799009676
# 49 9 9 9 9 16 16 9 16 16 9 9 16 16 9 16 16 9 9 9 16 16 9 16 16 9 9 14 14 9 14 12 112 54 28 16 16 22 14 14 64 32 16 16 30 16 16
30.25000000000047 8 112 0.8837364484177022 1.0025022762203413
# 49 9 9 9 9 16 16 9 16 16 9 9 16 16 9 16 16 9 9 9 16 16 9 16 16 9 9 14 14 9 14 12 112 54 28 16 16 22 14 14 64 32 16 16 30 16 16
30.30000000000047 8 112 0.8837344450175573 1.002541408216945
# 49 9 9 9 9 16 16 9 16 16 9 9 16 16 9 16 16 9 9 9 16 16 9 16 16 9 9 14 14 9 14 12 112 54 28 16 16 22 14 14 64 32 16 16 30 16 16
30.350000000000474 8 112 0.883724410443895 1.0025801816905011
# 49 9 9 9 9 16 16 9 16 16 9 9 16 16 9 16 16 9 9 9 16 16 9 16 16 9 9 14 14 9 14 12 112 54 28 16 16 22 14 14 64 32 16 16 30 16 16
30.400000000000475 8 112 0.8837062073828555 1.0026185833721184
# 49 9 9 9 9 16 16 9 16 16 9 9 16 16 9 16 16 9 9 9 16 16 9 16 16 9 9 14 14 9 14 12 112 54 28 16 16 22 14 14 64 32 16 16 30 16 16
30.450000000000475 8 112 0.8836797036155802 1.0026566000454902
# 49 9 9 9 9 16 16 9 16 16 9 9 16 16 9 16 16 9 9 9 16 16 9 16 16 9 9 14 14 9 14 12 112 54 28 16 16 22 14 14 64 32 16 16 30 16 16
30.50000000000048 8 112 0.883644772249869 1.0026942185592622
# 49 9 9 9 9 16 16 9 16 16 9 9 16 16 9 16 16 9 9 9 16 16 9 16 16 9 9 14 14 9 14 12 112 54 28 16 16 22 14 14 64 32 16 16 30 16 16
30.55000000000048 8 112 0.8836012919500914 1.0027314258394444
# 49 9 9 9 9 16 16 9 16 16 9 9 16 16 9 16 16 9 9 9 16 16 9 16 16 9 9 14 14 9 14 12 112 54 28 16 16 22 14 14 64 32 16 16 30 16 16
30.600000000000477 8 112 0.8835491471647573 1.002768208901663
# 49 9 9 9 9 16 16 9 16 16 9 9 16 16 9 16 16 9 9 9 16 16 9 16 16 9 9 14 14 9 14 12 112 54 28 16 16 22 14 14 64 32 16 16 30 16 16
30.650000000000478 8 112 0.883488228351172 1.0028045548633515
# 49 9 9 9 9 16 16 9 16 16 9 9 16 16 9 16 16 9 9 9 16 16 9 16 16 9 9 14 14 9 14 12 112 54 28 16 16 22 14 14 64 32 16 16 30 16 16
30.70000000000048 8 112 0.8834184321967664 1.0028404509558382
# 49 9 9 9 9 16 16 9 16 16 9 9 16 16 9 16 16 9 9 9 16 16 9 16 16 9 9 14 14 9 14 12 112 54 28 16 16 22 14 14 64 32 16 16 30 16 16
30.750000000000483 8 112 0.8833396618366138 1.002875884536259
# 49 9 9 9 9 16 16 9 16 16 9 9 16 16 9 16 16 9 9 9 16 16 9 16 16 9 9 14 14 9 14 12 112 54 28 16 16 22 14 14 64 32 16 16 30 16 16
30.800000000000484 8 112 0.8832518270666098 1.0029108430993636
# 49 9 9 9 9 16 16 9 16 16 9 9 16 16 9 16 16 9 9 9 16 16 9 16 16 9 9 14 14 9 14 12 112 54 28 16 16 22 14 14 64 32 16 16 30 16 16
30.850000000000485 8 112 0.8831548445519125 1.0029453142890585
# 49 9 9 9 9 16 16 9 16 16 9 9 16 16 9 16 16 9 9 9 16 16 9 16 16 9 9 14 14 9 14 12 112 54 28 16 16 22 14 14 64 32 16 16 30 16 16
30.90000000000049 8 112 0.8830486380301905 1.0029792859098658
# 49 9 9 9 9 16 16 9 16 16 9 9 16 16 9 16 16 9 9 9 16 16 9 16 16 9 9 14 14 9 14 12 112 54 28 16 16 22 14 14 64 32 16 16 30 16 16
30.95000000000049 8 112 0.882933138509219 1.0030127459380676
# 49 9 9 9 9 16 16 9 16 16 9 9 16 16 9 16 16 9 9 9 16 16 9 16 16 9 9 14 14 9 14 12 112 54 28 16 16 22 14 14 64 32 16 16 30 16 16
31.000000000000487 8 112 0.8828082844584978 1.0030456825326615
# 49 9 9 9 9 16 16 9 16 16 9 9 16 16 9 16 16 9 9 9 16 16 9 16 16 9 9 14 14 9 14 12 112 54 28 16 16 22 14 14 64 32 16 16 30 16 16
31.050000000000487 8 112 0.8826740219944365 1.0030780840460736
# 49 9 9 9 9 16 16 9 16 16 9 9 16 16 9 16 16 9 9 9 16 16 9 16 16 9 9 14 14 9 14 12 112 54 28 16 16 22 14 14 64 32 16 16 30 16 16
31.10000000000049 8 112 0.8825303050587282 1.0031099390345783
# 49 9 9 9 9 16 16 9 16 16 9 9 16 16 9 16 16 9 9 9 16 16 9 16 16 9 9 14 14 9 14 12 112 54 28 16 16 22 14 14 64 32 16 16 30 16 16
31.150000000000492 8 112 0.8823770955895821 1.003141236268457
# 49 9 9 9 9 16 16 9 16 16 9 9 16 16 9 16 16 9 9 9 16 16 9 16 16 9 9 14 14 9 14 12 112 54 28 16 16 22 14 14 64 32 16 16 30 16 16
31.200000000000493 8 112 0.8822143636854084 1.0031719647418462
# 49 9 9 9 9 16 16 9 16 16 9 9 16 16 9 16 16 9 9 9 16 16 9 16 16 9 9 14 14 9 14 12 112 54 28 16 16 22 14 14 64 32 16 16 30 16 16
31.250000000000497 8 112 0.8820420877607338 1.0032021136823068
# 49 9 9 9 9 16 16 9 16 16 9 9 16 16 9 16 16 9 9 9 16 16 9 16 16 9 9 14 14 9 14 12 112 54 28 16 16 22 14 14 64 32 16 16 30 16 16
31.300000000000498 8 112 0.8818602546938378 1.0032316725600132
# 49 9 9 9 9 16 16 9 16 16 9 9 16 16 9 16 16 9 9 9 16 16 9 16 16 9 9 14 14 9 14 12 112 54 28 16 16 22 14 14 64 32 16 16 30 16 16
31.350000000000495 8 112 0.88166885996592 1.0032606310966754
# 49 9 9 9 9 16 16 9 16 16 9 9 16 16 9 16 16 9 9 9 16 16 9 16 16 9 9 14 14 9 14 12 112 54 28 16 16 22 14 14 64 32 16 16 30 16 16
31.400000000000496 8 112 0.8814679077915077 1.0032889792740725
# 49 9 9 9 9 16 16 9 16 16 9 9 16 16 9 16 16 9 9 9 16 16 9 16 16 9 9 14 14 9 14 12 112 54 28 16 16 22 14 14 64 32 16 16 30 16 16
31.450000000000497 8 112 0.8812574112396684 1.0033167073422313
# 49 9 9 9 9 16 16 9 16 16 9 9 16 16 9 16 16 9 9 9 16 16 9 16 16 9 9 14 14 9 14 12 112 54 28 16 16 22 14 14 64 32 16 16 30 16 16
31.5000000000005 8 112 0.8810373923459212 1.0033438058272641
# 49 9 9 9 9 16 16 9 16 16 9 9 16 16 9 16 16 9 9 9 16 16 9 16 16 9 9 14 14 9 14 12 112 54 28 16 16 22 14 14 64 32 16 16 30 16 16
31.5500000000005 8 112 0.8808078822143456 1.003370265538802
# 49 9 9 9 9 16 16 9 16 16 9 9 16 16 9 16 16 9 9 9 16 16 9 16 16 9 9 14 14 9 14 12 112 54 28 16 16 22 14 14 64 32 16 16 30 16 16
31.600000000000502 8 112 0.8805689211098261 1.003396077577069
# 49 9 9 9 9 16 16 9 16 16 9 9 16 16 9 16 16 9 9 9 16 16 9 16 16 9 9 14 14 9 14 12 112 54 28 16 16 22 14 14 64 32 16 16 30 16 16
31.650000000000507 8 112 0.8803205585400234 1.0034212333395207
# 49 9 9 9 9 16 16 9 16 16 9 9 16 16 9 16 16 9 9 9 16 16 9 16 16 9 9 14 14 9 14 12 112 54 28 16 16 22 14 14 64 32 16 16 30 16 16
31.700000000000507 8 112 0.8800628533268778 1.0034457245271522
# 49 9 9 9 9 16 16 9 16 16 9 9 16 16 9 16 16 9 9 9 16 16 9 16 16 9 9 14 14 9 14 12 112 54 28 16 16 22 14 14 64 32 16 16 30 16 16
31.750000000000504 8 112 0.8797958736673602 1.0034695431503124
# 49 9 9 9 9 16 16 9 16 16 9 9 16 16 9 16 16 9 9 9 16 16 9 16 16 9 9 14 14 9 14 12 112 54 28 16 16 22 14 14 64 32 16 16 30 16 16
31.800000000000505 8 112 0.8795196971832031 1.0034926815341674
# 49 9 9 9 9 16 16 9 16 16 9 9 16 16 9 16 16 9 9 9 16 16 9 16 16 9 9 14 14 9 14 12 112 54 28 16 16 22 14 14 64 32 16 16 30 16 16
31.85000000000051 8 112 0.8792344109594845 1.0035151323237117
# 49 9 9 9 9 16 16 9 16 16 9 9 16 16 9 16 16 9 9 9 16 16 9 16 16 9 9 14 14 9 14 12 112 54 28 16 16 22 14 14 64 32 16 16 30 16 16
31.90000000000051 8 112 0.8789401115716831 1.0035368884883538
# 49 9 9 9 9 16 16 9 16 16 9 9 16 16 9 16 16 9 9 9 16 16 9 16 16 9 9 14 14 9 14 12 112 54 28 16 16 22 14 14 64 32 16 16 30 16 16
31.95000000000051 8 112 0.8786369051010783 1.0035579433260757
# 49 9 9 9 9 16 16 9 16 16 9 9 16 16 9 16 16 9 9 9 16 16 9 16 16 9 9 14 14 9 14 12 112 54 28 16 16 22 14 14 64 32 16 16 30 16 16
32.00000000000051 8 112 0.8783249071382636 1.0035782904671309
# 49 9 9 9 9 16 16 9 16 16 9 9 16 16 9 16 16 9 9 9 16 16 9 16 16 9 9 14 14 9 14 12 112 54 28 16 16 22 14 14 64 32 16 16 30 16 16
32.050000000000516 8 112 0.8780042427744852 1.0035979238773463
# 49 9 9 9 9 16 16 9 16 16 9 9 16 16 9 16 16 9 9 9 16 16 9 16 16 9 9 14 14 9 14 12 112 54 28 16 16 22 14 14 64 32 16 16 30 16 16
32.10000000000051 8 112 0.877675046580749 1.003616837860903
# 49 9 9 9 9 16 16 9 16 16 9 9 16 16 9 16 16 9 9 9 16 16 9 16 16 9 9 14 14 9 14 12 112 54 28 16 16 22 14 14 64 32 16 16 30 16 16
32.15000000000052 8 112 0.8773374625743685 1.00363502706274
# 49 9 9 9 9 16 16 9 16 16 9 9 16 16 9 16 16 9 9 9 16 16 9 16 16 9 9 14 14 9 14 12 112 54 28 16 16 22 14 14 64 32 16 16 30 16 16
32.200000000000514 8 112 0.8769916441727984 1.003652486470467
# 49 9 9 9 9 16 16 9 16 16 9 9 16 16 9 16 16 9 9 9 16 16 9 16 16 9 9 14 14 9 14 12 112 54 28 16 16 22 14 14 64 32 16 16 30 16 16
32.25000000000052 8 112 0.8766377541345965 1.0036692114158146
# 49 9 9 9 9 16 16 9 16 16 9 9 16 16 9 16 16 9 9 9 16 16 9 16 16 9 9 14 14 9 14 12 112 54 28 16 16 22 14 14 64 32 16 16 30 16 16
32.30000000000052 8 112 0.8762759644873139 1.0036851975756609
# 49 9 9 9 9 16 16 9 16 16 9 9 16 16 9 16 16 9 9 9 16 16 9 16 16 9 9 14 14 9 14 12 112 54 28 16 16 22 14 14 64 32 16 16 30 16 16
32.35000000000052 8 112 0.8759064564421363 1.0037004409725785
# 49 9 9 9 9 16 16 9 16 16 9 9 16 16 9 16 16 9 9 9 16 16 9 16 16 9 9 14 14 9 14 12 112 54 28 16 16 22 14 14 64 32 16 16 30 16 16
32.400000000000524 8 112 0.8755294202951118 1.0037149379749386
# 49 9 9 9 9 16 16 9 16 16 9 9 16 16 9 16 16 9 9 9 16 16 9 16 16 9 9 14 14 9 14 12 112 54 28 16 16 22 14 14 64 32 16 16 30 16 16
32.45000000000053 8 112 0.8751450553148512 1.003728685296569
# 49 9 9 9 9 16 16 9 16 16 9 9 16 16 9 16 16 9 9 9 16 16 9 16 16 9 9 14 14 9 14 12 112 54 28 16 16 22 14 14 64 32 16 16 30 16 16
32.50000000000052 8 112 0.8747535696164361 1.0037416799959404
# 49 9 9 9 9 16 16 9 16 16 9 9 16 16 9 16 16 9 9 9 16 16 9 16 16 9 9 14 14 9 14 12 112 54 28 16 16 22 14 14 64 32 16 16 30 16 16
32.55000000000052 8 112 0.8743551800215277 1.0037539194749434
# 49 9 9 9 9 16 16 9 16 16 9 9 16 16 9 16 16 9 9 9 16 16 9 16 16 9 9 14 14 9 14 12 112 54 28 16 16 22 14 14 64 32 16 16 30 16 16
32.60000000000053 8 112 0.8739501119043631 1.003765401477214
# 49 9 9 9 9 16 16 9 16 16 9 9 16 16 9 16 16 9 9 9 16 16 9 16 16 9 9 14 14 9 14 12 112 54 28 16 16 22 14 14 64 32 16 16 30 16 16
32.650000000000524 8 112 0.8735385990237122 1.003776124085999
# 49 9 9 9 9 16 16 9 16 16 9 9 16 16 9 16 16 9 9 9 16 16 9 16 16 9 9 14 14 9 14 12 112 54 28 16 16 22 14 14 64 32 16 16 30 16 16
32.70000000000053 8 112 0.8731208833404834 1.0037860857216554
# 49 9 9 9 9 16 16 9 16 16 9 9 16 16 9 16 16 9 9 9 16 16 9 16 16 9 9 14 14 9 14 12 112 54 28 16 16 22 14 14 64 32 16 16 30 16 16
32.75000000000053 8 112 0.8726972148208886 1.0037952851386773
# 49 9 9 9 9 16 16 9 16 16 9 9 16 16 9 16 16 9 9 9 16 16 9 16 16 9 9 14 14 9 14 12 112 54 28 16 16 22 14 14 64 32 16 16 30 16 16
32.80000000000053 8 112 0.8722678512251208 1.0038037214223494
# 49 9 9 9 9 16 16 9 16 16 9 9 16 16 9 16 16 9 9 9 16 16 9 16 16 9 9 14 14 9 14 12 112 54 28 16 16 22 14 14 64 32 16 16 30 16 16
32.85000000000053 8 112 0.8718330578813712 1.0038113939849909
# 49 9 9 9 9 16 16 9 16 16 9 9 16 16 9 16 16 9 9 9 16 16 9 16 16 9 9 14 14 9 14 12 112 54 28 16 16 22 14 14 64 32 16 16 30 16 16
32.90000000000053 8 112 0.871393107445084 1.0038183025618124
# 49 9 9 9 9 16 16 9 16 16 9 9 16 16 9 16 16 9 9 9 16 16 9 16 16 9 9 14 14 9 14 12 112 54 28 16 16 22 14 14 64 32 16 16 30 16 16
32.950000000000536 8 112 0.8709482796433416 1.003824447206422
# 49 9 9 9 9 16 16 9 16 16 9 9 16 16 9 16 16 9 9 9 16 16 9 16 16 9 9 14 14 9 14 12 112 54 28 16 16 22 14 14 64 32 16 16 30 16 16
33.00000000000053 8 112 0.8704988610042605 1.003829828285927
# 49 9 9 9 9 16 16 9 16 16 9 9 16 16 9 16 16 9 9 9 16 16 9 16 16 9 9 14 14 9 14 12 112 54 28 16 16 22 14 14 64 32 16 16 30 16 16
33.05000000000054 8 112 0.870045144571437 1.0038344464757147
# 49 9 9 9 9 16 16 9 16 16 9 9 16 16 9 16 16 9 9 9 16 16 9 16 16 9 9 14 14 9 14 12 112 54 28 16 16 22 14 14 64 32 16 16 30 16 16
33.10000000000054 8 112 0.8695874296031373 1.0038383027539375
# 49 9 9 9 9 16 16 9 16 16 9 9 16 16 9 16 16 9 9 9 16 16 9 16 16 9 9 14 14 9 14 12 112 54 28 16 16 22 14 14 64 32 16 16 30 16 16
33.15000000000054 8 112 0.8691260212564561 1.0038413983955756
# 49 9 9 9 9 16 16 9 16 16 9 9 16 16 9 16 16 9 9 9 16 16 9 16 16 9 9 14 14 9 14 12 112 54 28 16 16 22 14 14 64 32 16 16 30 16 16
33.20000000000054 8 112 0.868661230256117 1.0038437349663138
# 49 9 9 9 9 16 16 9 16 16 9 9 16 16 9 16 16 9 9 9 16 16 9 16 16 9 9 14 14 9 14 12 112 54 28 16 16 22 14 14 64 32 16 16 30 16 16
33.25000000000054 8 112 0.868193372548003 1.0038453143160497
# 49 9 9 9 9 16 16 9 16 16 9 9 16 16 9 16 16 9 9 9 16 16 9 16 16 9 9 14 14 9 14 12 112 54 28 16 16 22 14 14 64 32 16 16 30 16 16
33.300000000000544 8 112 0.8677227689374878 1.003846138572179
# 49 9 9 9 9 16 16 9 16 16 9 9 16 16 9 16 16 9 9 9 16 16 9 16 16 9 9 14 14 9 14 12 112 54 28 16 16 22 14 14 64 32 16 16 30 16 16
33.35000000000054 8 112 0.8672497447123438 1.0038462101325802
# 49 9 9 9 9 16 16 9 16 16 9 9 16 16 9 16 16 9 9 9 16 16 9 16 16 9 9 14 14 9 14 12 112 54 28 16 16 22 14 14 64 32 16 16 30 16 16
33.400000000000546 8 112 0.8667746292504562 1.0038455316584312
# 49 9 9 9 9 16 16 9 16 16 9 9 16 16 9 16 16 9 9 9 16 16 9 16 16 9 9 14 14 9 14 12 112 54 28 16 16 22 14 14 64 32 16 16 30 16 16
33.45000000000055 8 112 0.8662977556122777 1.0038441060667374
# 49 9 9 9 9 16 16 9 16 16 9 9 16 16 9 16 16 9 9 9 16 16 9 16 16 9 9 14 14 9 14 12 112 54 28 16 16 22 14 14 64 32 16 16 30 16 16
33.50000000000055 8 112 0.8658194601181717 1.0038419365227058
# 49 9 9 9 9 16 16 9 16 16 9 9 16 16 9 16 16 9 9 9 16 16 9 16 16 9 9 14 14 9 14 12 112 54 28 16 16 22 14 14 64 32 16 16 30 16 16
33.55000000000055 8 112 0.8653400819107501 1.0038390264319197
# 49 9 9 9 9 16 16 9 16 16 9 9 16 16 9 16 16 9 9 9 16 16 9 16 16 9 9 14 14 9 14 12 112 54 28 16 16 22 14 14 64 32 16 16 30 16 16
33.600000000000556 8 112 0.8648599625023157 1.0038353794323713
# 49 9 9 9 9 16 16 9 16 16 9 9 16 16 9 16 16 9 9 9 16 16 9 16 16 9 9 14 14 9 14 12 112 54 28 16 16 22 14 14 64 32 16 16 30 16 16
33.65000000000055 8 112 0.8643794453077618 1.0038309993863235
# 49 9 9 9 9 16 16 9 16 16 9 9 16 16 9 16 16 9 9 9 16 16 9 16 16 9 9 14 14 9 14 12 112 54 28 16 16 22 14 14 64 32 16 16 30 16 16
33.70000000000055 8 112 0.8638988751631143 1.0038258903720743
# 49 9 9 9 9 16 16 9 16 16 9 9 16 16 9 16 16 9 9 9 16 16 9 16 16 9 9 14 14 9 14 12 112 54 28 16 16 22 14 14 64 32 16 16 30 16 16
33.750000000000554 8 112 0.863418597830077 1.0038200566755997
# 49 9 9 9 9 16 16 9 16 16 9 9 16 16 9 16 16 9 9 9 16 16 9 16 16 9 9 14 14 9 14 12 112 54 28 16 16 22 14 14 64 32 16 16 30 16 16
33.80000000000056 8 112 0.8629389594870258 1.0038135027821395
# 49 9 9 9 9 16 16 9 16 16 9 9 16 16 9 16 16 9 9 9 16 16 9 16 16 9 9 14 14 9 14 12 112 54 28 16 16 22 14 14 64 32 16 16 30 16 16
33.850000000000556 8 112 0.8624603062069848 1.0038062333676903
# 49 9 9 9 9 16 16 9 16 16 9 9 16 16 9 16 16 9 9 9 16 16 9 16 16 9 9 14 14 9 14 12 112 54 28 16 16 22 14 14 64 32 16 16 30 16 16
33.90000000000056 8 112 0.8619829834231512 1.0037982532904683
# 49 9 9 9 9 16 16 9 16 16 9 9 16 16 9 16 16 9 9 9 16 16 9 16 16 9 9 14 14 9 14 12 112 54 28 16 16 22 14 14 64 32 16 16 30 16 16
33.950000000000564 8 112 0.8615073353827077 1.003789567582363
# 49 9 9 9 9 16 16 9 16 16 9 9 16 16 9 16 16 9 9 9 16 16 9 16 16 9 9 14 14 9 14 12 112 54 28 16 16 22 14 14 64 32 16 16 30 16 16
34.000000000000554 8 112 0.8610337045897264 1.0037801814403524
# 49 9 9 9 9 16 16 9 16 16 9 9 16 16 9 16 16 9 9 9 16 16 9 16 16 9 9 14 14 9 14 12 112 54 28 16 16 22 14 14 64 32 16 16 30 16 16
34.05000000000056 8 112 0.8605624312381591 1.003770100217972
# 49 9 9 9 9 16 16 9 16 16 9 9 16 16 9 16 16 9 9 9 16 16 9 16 16 9 9 14 14 9 14 12 112 54 28 16 16 22 14 14 64 32 16 16 30 16 16
34.10000000000056 8 112 0.8600938526359374 1.0037593294168
# 49 9 9 9 9 16 16 9 16 16 9 9 16 16 9 16 16 9 9 9 16 16 9 16 16 9 9 14 14 9 14 12 112 54 28 16 16 22 14 14 64 32 16 16 30 16 16
34.15000000000056 8 112 0.8596283026214677 1.0037478746779789
# 49 9 9 9 9 16 16 9 16 16 9 9 16 16 9 16 16 9 9 9 16 16 9 16 16 9 9 14 14 9 14 12 112 54 28 16 16 22 14 14 64 32 16 16 30 16 16
34.200000000000564 8 112 0.859166110973861 1.0037357417738555
# 49 9 9 9 9 16 16 9 16 16 9 9 16 16 9 16 16 9 9 9 16 16 9 16 16 9 9 14 14 9 14 12 112 54 28 16 16 22 14 14 64 32 16 16 30 16 16
34.25000000000057 8 112 0.8587076028183983 1.0037229365996656
# 49 9 9 9 9 16 16 9 16 16 9 9 16 16 9 16 16 9 9 9 16 16 9 16 16 9 9 14 14 9 14 12 112 54 28 16 16 22 14 14 64 32 16 16 30 16 16
34.300000000000566 8 112 0.8582530980289537 1.0037094651653453
# 49 9 9 9 9 16 16 9 16 16 9 9 16 16 9 16 16 9 9 9 16 16 9 16 16 9 9 14 14 9 14 12 112 54 28 16 16 22 14 14 64 32 16 16 30 16 16
34.35000000000057 8 112 0.8578029106292395 1.0036953335874794
# 49 9 9 9 9 16 16 9 16 16 9 9 16 16 9 16 16 9 9 9 16 16 9 16 16 9 9 14 14 9 14 12 112 54 28 16 16 22 14 14 64 32 16 16 30 16 16
34.40000000000057 8 112 0.8573573481948127 1.0036805480813635
# 49 9 9 9 9 16 16 9 16 16 9 9 16 16 9 16 16 9 9 9 16 16 9 16 16 9 9 14 14 9 14 12 112 54 28 16 16 22 14 14 64 32 16 16 30 16 16
34.45000000000057 8 112 0.8569167112579855 1.0036651149532565
# 49 9 9 9 9 16 16 9 16 16 9 9 16 16 9 16 16 9 9 9 16 16 9 16 16 9 9 14 14 9 14 12 112 54 28 16 16 22 14 14 64 32 16 16 30 16 16
34.50000000000057 8 112 0.8564812927180915 1.0036490405927583
# 49 9 9 9 9 16 16 9 16 16 9 9 16 16 9 16 16 9 9 9 16 16 9 16 16 9 9 14 14 9 14 12 112 54 28 16 16 22 14 14 64 32 16 16 30 16 16
34.55000000000057 8 112 0.8560513772593703 1.0036323314654463
# 49 9 9 9 9 16 16 9 16 16 9 9 16 16 9 16 16 9 9 9 16 16 9 16 16 9 9 14 14 9 14 12 112 54 28 16 16 22 14 14 64 32 16 16 30 16 16
34.60000000000058 8 112 0.8556272407791367 1.003614994105626
# 49 9 9 9 9 16 16 9 16 16 9 9 16 16 9 16 16 9 9 9 16 16 9 16 16 9 9 14 14 9 14 12 112 54 28 16 16 22 14 14 64 32 16 16 30 16 16
34.650000000000574 8 112 0.8552091498289736 1.0035970351093682
# 49 9 9 9 9 16 16 9 16 16 9 9 16 16 9 16 16 9 9 9 16 16 9 16 16 9 9 14 14 9 14 12 112 54 28 16 16 22 14 14 64 32 16 16 30 16 16
34.70000000000058 8 112 0.8547973610716292 1.0035784611277294
# 49 9 9 9 9 16 16 9 16 16 9 9 16 16 9 16 16 9 9 9 16 16 9 16 16 9 9 14 14 9 14 12 112 54 28 16 16 22 14 14 64 32 16 16 30 16 16
34.750000000000576 8 112 0.8543921207565394 1.0035592788602132
# 49 9 9 9 9 16 16 9 16 16 9 9 16 16 9 16 16 9 9 9 16 16 9 16 16 9 9 14 14 9 14 12 112 54 28 16 16 22 14 14 64 32 16 16 30 16 16
34.80000000000058 8 112 0.853993664216845 1.0035394950484942
# 49 9 9 9 9 16 16 9 16 16 9 9 16 16 9 16 16 9 9 9 16 16 9 16 16 9 9 14 14 9 14 12 112 54 28 16 16 22 14 14 64 32 16 16 30 16 16
34.85000000000058 8 112 0.8536022153908475 1.0035191164703852
# 49 9 9 9 9 16 16 9 16 16 9 9 16 16 9 16 16 9 9 9 16 16 9 16 16 9 9 14 14 9 14 12 112 54 28 16 16 22 14 14 64 32 16 16 30 16 16
34.90000000000058 8 112 0.8532179863707313 1.0034981499340587
# 49 9 9 9 9 16 16 9 16 16 9 9 16 16 9 16 16 9 9 9 16 16 9 16 16 9 9 14 14 9 14 12 112 54 28 16 16 22 14 14 64 32 16 16 30 16 16
34.950000000000585 8 112 0.8528411769814875 1.0034766022725587
# 49 9 9 9 9 16 16 9 16 16 9 9 16 16 9 16 16 9 9 9 16 16 9 16 16 9 9 14 14 9 14 12 112 54 28 16 16 22 14 14 64 32 16 16 30 16 16
35.00000000000058 8 112 0.8524719743927182 1.0034544803385779
# 49 9 9 9 9 16 16 9 16 16 9 9 16 16 9 16 16 9 9 9 16 16 9 16 16 9 9 14 14 9 14 12 112 54 28 16 16 22 14 14 64 32 16 16 30 16 16
35.05000000000059 8 112 0.8521105527660017 1.0034317909995214
# 49 9 9 9 9 16 16 9 16 16 9 9 16 16 9 16 16 9 9 9 16 16 9 16 16 9 9 14 14 9 14 12 112 54 28 16 16 22 14 14 64 32 16 16 30 16 16
35.10000000000059 8 112 0.8517570729402566 1.0034085411328413
# 49 9 9 9 9 16 16 9 16 16 9 9 16 16 9 16 16 9 9 9 16 16 9 16 16 9 9 14 14 9 14 12 112 54 28 16 16 22 14 14 64 32 16 16 30 16 16
35.15000000000059 8 112 0.8514116821574188 1.0033847376216973
# 49 9 9 9 9 16 16 9 16 16 9 9 16 16 9 16 16 9 9 9 16 16 9 16 16 9 9 14 14 9 14 12 112 54 28 16 16 22 14 14 64 32 16 16 30 16 16
35.200000000000585 8 112 0.8510745138304228 1.0033603873508665
# 49 9 9 9 9 16 16 9 16 16 9 9 16 16 9 16 16 9 9 9 16 16 9 16 16 9 9 14 14 9 14 12 112 54 28 16 16 22 14 14 64 32 16 16 30 16 16
35.25000000000059 8 112 0.850745687355313 1.0033354972030017
# 49 9 9 9 9 16 16 9 16 16 9 9 16 16 9 16 16 9 9 9 16 16 9 16 16 9 9 14 14 9 14 12 112 54 28 16 16 22 14 14 64 32 16 16 30 16 16
35.300000000000594 8 112 0.8504253079689279 1.0033100740551175
# 49 9 9 9 9 16 16 9 16 16 9 9 16 16 9 16 16 9 9 9 16 16 9 16 16 9 9 14 14 9 14 12 112 54 28 16 16 22 14 14 64 32 16 16 30 16 16
35.35000000000059 8 112 0.8501134666533458 1.0032841247754503
# 49 9 9 9 9 16 16 9 16 16 9 9 16 16 9 16 16 9 9 9 16 16 9 16 16 9 9 14 14 9 14 12 112 54 28 16 16 22 14 14 64 32 16 16 30 16 16
35.400000000000595 8 112 0.8498102400878239 1.0032576562205595
# 49 9 9 9 9 16 16 9 16 16 9 9 16 16 9 16 16 9 9 9 16 16 9 16 16 9 9 14 14 9 14 12 112 54 28 16 16 22 14 14 64 32 16 16 30 16 16
35.4500000000006 8 112 0.8495156906488125 1.0032306752327194
# 49 9 9 9 9 16 16 9 16 16 9 9 16 16 9 16 16 9 9 9 16 16 9 16 16 9 9 14 14 9 14 12 112 54 28 16 16 22 14 14 64 32 16 16 30 16 16
35.50000000000059 8 112 0.8492298664580331 1.0032031886376844
# 49 9 9 9 9 16 16 9 16 16 9 9 16 16 9 16 16 9 9 9 16 16 9 16 16 9 9 14 14 9 14 12 112 54 28 16 16 22 14 14 64 32 16 16 30 16 16
35.550000000000594 8 112 0.8489528014782909 1.0031752032426366
# 49 9 9 9 9 16 16 9 16 16 9 9 16 16 9 16 16 9 9 9 16 16 9 16 16 9 9 14 14 9 14 12 112 54 28 16 16 22 14 14 64 32 16 16 30 16 16
35.6000000000006 8 112 0.8486845156564571 1.0031467258344817
# 49 9 9 9 9 16 16 9 16 16 9 9 16 16 9 16 16 9 9 9 16 16 9 16 16 9 9 14 14 9 14 12 112 54 28 16 16 22 14 14 64 32 16 16 30 16 16
35.650000000000595 8 112 0.848425015112444 1.003117763178462
# 49 9 9 9 9 16 16 9 16 16 9 9 16 16 9 16 16 9 9 9 16 16 9 16 16 9 9 14 14 9 14 12 112 54 28 16 16 22 14 14 64 32 16 16 30 16 16
35.7000000000006 8 112 0.848174292372863 1.0030883220169353
# 49 9 9 9 9 16 16 9 16 16 9 9 16 16 9 16 16 9 9 9 16 16 9 16 16 9 9 14 14 9 14 12 112 54 28 16 16 22 14 14 64 32 16 16 30 16 16
35.750000000000604 8 112 0.8479323266475709 1.0030584090685772
# 49 9 9 9 9 16 16 9 16 16 9 9 16 16 9 16 16 9 9 9 16 16 9 16 16 9 9 14 14 9 14 12 112 54 28 16 16 22 14 14 64 32 16 16 30 16 16
35.8000000000006 8 112 0.8476990841470081 1.003028031027723
# 49 9 9 9 9 16 16 9 16 16 9 9 16 16 9 16 16 9 9 9 16 16 9 16 16 9 9 14 14 9 14 12 112 54 28 16 16 22 14 14 64 32 16 16 30 16 16
35.850000000000605 8 112 0.8474745184380439 1.0029971945640466
# 49 9 9 9 9 16 16 9 16 16 9 9 16 16 9 16 16 9 9 9 16 16 9 16 16 9 9 14 14 9 14 12 112 54 28 16 16 22 14 14 64 32 16 16 30 16 16
35.9000000000006 8 112 0.8472585708356744 1.002965906322481
# 49 9 9 9 9 16 16 9 16 16 9 9 16 16 9 16 16 9 9 9 16 16 9 16 16 9 9 14 14 9 14 12 112 54 28 16 16 22 14 14 64 32 16 16 30 16 16
35.95000000000061 8 112 0.8470511708277509 1.002934172923374
# 49 9 9 9 9 16 16 9 16 16 9 9 16 16 9 16 16 9 9 9 16 16 9 16 16 9 9 14 14 9 14 12 112 54 28 16 16 22 14 14 64 32 16 16 30 16 16
36.000000000000604 8 112 0.8468522365296957 1.002902000962886
# 49 9 9 9 9 16 16 9 16 16 9 9 16 16 9 16 16 9 9 9 16 16 9 16 16 9 9 14 14 9 14 12 112 54 28 16 16 22 14 14 64 32 16 16 30 16 16
36.05000000000061 8 112 0.8466616751660472 1.0028693970136575
# 49 9 9 9 9 16 16 9 16 16 9 9 16 16 9 16 16 9 9 9 16 16 9 16 16 9 9 14 14 9 14 12 112 54 28 16 16 22 14 14 64 32 16 16 30 16 16
36.10000000000061 8 112 0.8464793835756638 1.0028363676256271
# 49 9 9 9 9 16 16 9 16 16 9 9 16 16 9 16 16 9 9 9 16 16 9 16 16 9 9 14 14 9 14 12 112 54 28 16 16 22 14 14 64 32 16 16 30 16 16
36.15000000000061 8 112 0.8463052487371235 1.0028029193271533
# 49 9 9 9 9 16 16 9 16 16 9 9 16 16 9 16 16 9 9 9 16 16 9 16 16 9 9 14 14 9 14 12 112 54 28 16 16 22 14 14 64 32 16 16 30 16 16
36.200000000000614 8 112 0.8461391483109941 1.0027690586262668
# 49 9 9 9 9 16 16 9 16 16 9 9 16 16 9 16 16 9 9 9 16 16 9 16 16 9 9 14 14 9 14 12 112 54 28 16 16 22 14 14 64 32 16 16 30 16 16
36.25000000000061 8 112 0.8459809511957403 1.0027347920121612
# 49 9 9 9 9 16 16 9 16 16 9 9 16 16 9 16 16 9 9 9 16 16 9 16 16 9 9 14 14 9 14 12 112 54 28 16 16 22 14 14 64 32 16 16 30 16 16
36.300000000000615 8 112 0.8458305180937741 1.002700125956829
# 49 9 9 9 9 16 16 9 16 16 9 9 16 16 9 16 16 9 9 9 16 16 9 16 16 9 9 14 14 9 14 12 112 54 28 16 16 22 14 14 64 32 16 16 30 16 16
36.35000000000061 8 112 0.8456877020846436 1.0026650669169261
# 49 9 9 9 9 16 16 9 16 16 9 9 16 16 9 16 16 9 9 9 16 16 9 16 16 9 9 14 14 9 14 12 112 54 28 16 16 22 14 14 64 32 16 16 30 16 16
36.40000000000062 8 112 0.8455523492020436 1.002629621335736
# 49 9 9 9 9 16 16 9 16 16 9 9 16 16 9 16 16 9 9 9 16 16 9 16 16 9 9 14 14 9 14 12 112 54 28 16 16 22 14 14 64 32 16 16 30 16 16
36.45000000000062 8 112 0.8454242990118098 1.0025937956452984
# 49 9 9 9 9 16 16 9 16 16 9 9 16 16 9 16 16 9 9 9 16 16 9 16 16 9 9 14 14 9 14 12 112 54 28 16 16 22 14 14 64 32 16 16 30 16 16
36.50000000000062 8 112 0.8453033851879932 1.0025575962687119
# 49 9 9 9 9 16 16 9 16 16 9 9 16 16 9 16 16 9 9 9 16 16 9 16 16 9 9 14 14 9 14 12 112 54 28 16 16 22 14 14 64 32 16 16 30 16 16
36.55000000000062 8 112 0.8451894360843203 1.0025210296224814
# 49 9 9 9 9 16 16 9 16 16 9 9 16 16 9 16 16 9 9 9 16 16 9 16 16 9 9 14 14 9 14 12 112 54 28 16 16 22 14 14 64 32 16 16 30 16 16
36.60000000000063 8 112 0.8450822752986327 1.00248410211906
# 49 9 9 9 9 16 16 9 16 16 9 9 16 16 9 16 16 9 9 9 16 16 9 16 16 9 9 14 14 9 14 12 112 54 28 16 16 22 14 14 64 32 16 16 30 16 16
36.650000000000624 8 112 0.8449817222279317 1.0024468201693997
# 49 9 9 9 9 16 16 9 16 16 9 9 16 16 9 16 16 9 9 9 16 16 9 16 16 9 9 14 14 9 14 12 112 54 28 16 16 22 14 14 64 32 16 16 30 16 16
36.70000000000062 8 112 0.844887592611945 1.0024091901856487
# 49 9 9 9 9 16 16 9 16 16 9 9 16 16 9 16 16 9 9 9 16 16 9 16 16 9 9 14 14 9 14 12 112 54 28 16 16 22 14 14 64 32 16 16 30 16 16
36.750000000000625 8 112 0.8447996990633694 1.002371218583878
# 49 9 9 9 9 16 16 9 16 16 9 9 16 16 9 16 16 9 9 9 16 16 9 16 16 9 9 14 14 9 14 12 112 54 28 16 16 22 14 14 64 32 16 16 30 16 16
36.80000000000063 8 112 0.8447178515829659 1.0023329117868678
# 49 9 9 9 9 16 16 9 16 16 9 9 16 16 9 16 16 9 9 9 16 16 9 16 16 9 9 14 14 9 14 12 112 54 28 16 16 22 14 14 64 32 16 16 30 16 16
36.85000000000063 8 112 0.8446418580581374 1.002294276226923
# 49 9 9 9 9 16 16 9 16 16 9 9 16 16 9 16 16 9 9 9 16 16 9 16 16 9 9 14 14 9 14 12 112 54 28 16 16 22 14 14 64 32 16 16 30 16 16
36.90000000000063 8 112 0.8445715247435907 1.002255318348748
# 49 9 9 9 9 16 16 9 16 16 9 9 16 16 9 16 16 9 9 9 16 16 9 16 16 9 9 14 14 9 14 12 112 54 28 16 16 22 14 14 64 32 16 16 30 16 16
36.950000000000635 8 112 0.8445066567229746 1.00221604461227
# 49 9 9 9 9 16 16 9 16 16 9 9 16 16 9 16 16 9 9 9 16 16 9 16 16 9 9 14 14 9 14 12 112 54 28 16 16 22 14 14 64 32 16 16 30 16 16
37.000000000000625 8 112 0.8444470583506265 1.0021764614955233
# 49 9 9 9 9 16 16 9 16 16 9 9 16 16 9 16 16 9 9 9 16 16 9 16 16 9 9 14 14 9 14 12 112 54 28 16 16 22 14 14 64 32 16 16 30 16 16
37.05000000000063 8 112 0.8443925336725353 1.0021365754974618
# 49 9 9 9 9 16 16 9 16 16 9 9 16 16 9 16 16 9 9 9 16 16 9 16 16 9 9 14 14 9 14 12 112 54 28 16 16 22 14 14 64 32 16 16 30 16 16
37.100000000000634 8 112 0.8443428868260382 1.0020963931407785
# 49 9 9 9 9 16 16 9 16 16 9 9 16 16 9 16 16 9 9 9 16 16 9 16 16 9 9 14 14 9 14 12 112 54 28 16 16 22 14 14 64 32 16 16 30 16 16
37.15000000000063 8 112 0.8442979224178184 1.0020559209746764
# 49 9 9 9 9 16 16 9 16 16 9 9 16 16 9 16 16 9 9 9 16 16 9 16 16 9 9 14 14 9 14 12 112 54 28 16 16 22 14 14 64 32 16 16 30 16 16
37.200000000000635 8 112 0.8442574458798302 1.0020151655775664
# 49 9 9 9 9 16 16 9 16 16 9 9 16 16 9 16 16 9 9 9 16 16 9 16 16 9 9 14 14 9 14 12 112 54 28 16 16 22 14 14 64 32 16 16 30 16 16
37.25000000000064 8 112 0.8442212638030947 1.0019741335597339
# 49 9 9 9 9 16 16 9 16 16 9 9 16 16 9 16 16 9 9 9 16 16 9 16 16 9 9 14 14 9 14 12 112 54 28 16 16 22 14 14 64 32 16 16 30 16 16
37.30000000000064 8 112 0.8441891842493575 1.0019328315658984
# 49 9 9 9 9 16 16 9 16 16 9 9 16 16 9 16 16 9 9 9 16 16 9 16 16 9 9 14 14 9 14 12 112 54 28 16 16 22 14 14 64 32 16 16 30 16 16
37.35000000000064 8 112 0.8441610170407378 1.001891266277701
# 49 9 9 9 9 16 16 9 16 16 9 9 16 16 9 16 16 9 9 9 16 16 9 16 16 9 9 14 14 9 14 12 112 54 28 16 16 22 14 14 64 32 16 16 30 16 16
37.40000000000064 8 112 0.8441365740274966 1.0018494444161157
# 49 9 9 9 9 16 16 9 16 16 9 9 16 16 9 16 16 9 9 9 16 16 9 16 16 9 9 14 14 9 14 12 112 54 28 16 16 22 14 14 64 32 16 16 30 16 16
37.45000000000064 8 112 0.8441156693345384 1.0018073727437173
# 49 9 9 9 9 16 16 9 16 16 9 9 16 16 9 16 16 9 9 9 16 16 9 16 16 9 9 14 14 9 14 12 112 54 28 16 16 22 14 14 64 32 16 16 30 16 16
37.50000000000064 8 112 0.8440981195867825 1.0017650580668782
# 49 9 9 9 9 16 16 9 16 16 9 9 16 16 9 16 16 9 9 9 16 16 9 16 16 9 9 14 14 9 14 12 112 54 28 16 16 22 14 14 64 32 16 16 30 16 16
37.550000000000644 8 112 0.8440837441141397 1.0017225072378193
# 49 9 9 9 9 16 16 9 16 16 9 9 16 16 9 16 16 9 9 9 16 16 9 16 16 9 9 14 14 9 14 12 112 54 28 16 16 22 14 14 64 32 16 16 30 16 16
37.60000000000065 8 112 0.8440723651367275 1.0016797271565403
# 49 9 9 9 9 16 16 9 16 16 9 9 16 16 9 16 16 9 9 9 16 16 9 16 16 9 9 14 14 9 14 12 112 54 28 16 16 22 14 14 64 32 16 16 30 16 16
37.650000000000645 8 112 0.8440638079308931 1.0016367247726221
# 49 9 9 9 9 16 16 9 16 16 9 9 16 16 9 16 16 9 9 9 16 16 9 16 16 9 9 14 14 9 14 12 112 54 28 16 16 22 14 14 64 32 16 16 30 16 16
37.70000000000065 8 112 0.8440579009769066 1.001593507086889
# 49 9 9 9 9 16 16 9 16 16 9 9 16 16 9 16 16 9 9 9 16 16 9 16 16 9 9 14 14 9 14 12 112 54 28 16 16 22 14 14 64 32 16 16 30 16 16
37.750000000000654 8 112 0.8440544760890776 1.001550081152898
# 49 9 9 9 9 16 16 9 16 16 9 9 16 16 9 16 16 9 9 9 16 16 9 16 16 9 9 14 14 9 14 12 112 54 28 16 16 22 14 14 64 32 16 16 30 16 16
37.80000000000065 8 112 0.8440533685291642 1.0015064540783236
# 49 9 9 9 9 16 16 9 16 16 9 9 16 16 9 16 16 9 9 9 16 16 9 16 16 9 9 14 14 9 14 12 112 54 28 16 16 22 14 14 64 32 16 16 30 16 16
37.85000000000065 8 112 0.8440544171039626 1.0014626330261422
# 49 9 9 9 9 16 16 9 16 16 9 9 16 16 9 16 16 9 9 9 16 16 9 16 16 9 9 14 14 9 14 12 112 54 28 16 16 22 14 14 64 32 16 16 30 16 16
37.90000000000065 8 112 0.8440574642479522 1.0014186252156605
# 49 9 9 9 9 16 16 9 16 16 9 9 16 16 9 16 16 9 9 9 16 16 9 16 16 9 9 14 14 9 14 12 112 54 28 16 16 22 14 14 64 32 16 16 30 16 16
37.95000000000066 8 112 0.8440623560919075 1.0013744379234033
# 49 9 9 9 9 16 16 9 16 16 9 9 16 16 9 16 16 9 9 9 16 16 9 16 16 9 9 14 14 9 14 12 112 54 28 16 16 22 14 14 64 32 16 16 30 16 16
38.000000000000654 8 112 0.8440689425184095 1.0013300784837813
# 49 9 9 9 9 16 16 9 16 16 9 9 16 16 9 16 16 9 9 9 16 16 9 16 16 9 9 14 14 9 14 12 112 54 28 16 16 22 14 14 64 32 16 16 30 16 16
38.05000000000066 8 112 0.8440770772051771 1.001285554289624
# 49 9 9 9 9 16 16 9 16 16 9 9 16 16 9 16 16 9 9 9 16 16 9 16 16 9 9 14 14 9 14 12 112 54 28 16 16 22 14 14 64 32 16 16 30 16 16
38.10000000000066 8 112 0.8440866176570792 1.0012408727925095
# 49 9 9 9 9 16 16 9 16 16 9 9 16 16 9 16 16 9 9 9 16 16 9 16 16 9 9 14 14 9 14 12 112 54 28 16 16 22 14 14 64 32 16 16 30 16 16
38.15000000000066 8 112 0.8440974252276652 1.001196041502895
# 49 9 9 9 9 16 16 9 16 16 9 9 16 16 9 16 16 9 9 9 16 16 9 16 16 9 9 14 14 9 14 12 112 54 28 16 16 22 14 14 64 32 16 16 30 16 16
38.20000000000066 8 112 0.8441093651311761 1.0011510679900861
# 49 9 9 9 9 16 16 9 16 16 9 9 16 16 9 16 16 9 9 9 16 16 9 16 16 9 9 14 14 9 14 12 112 54 28 16 16 22 14 14 64 32 16 16 30 16 16
38.25000000000066 8 112 0.844122306445717 1.001105959882001
# 49 9 9 9 9 16 16 9 16 16 9 9 16 16 9 16 16 9 9 9 16 16 9 16 16 9 9 14 14 9 14 12 112 54 28 16 16 22 14 14 64 32 16 16 30 16 16
38.300000000000665 8 112 0.8441361221083777 1.0010607248647088
# 49 9 9 9 9 16 16 9 16 16 9 9 16 16 9 16 16 9 9 9 16 16 9 16 16 9 9 14 14 9 14 12 112 54 28 16 16 22 14 14 64 32 16 16 30 16 16
38.35000000000066 8 112 0.844150688903142 1.0010153706818192
# 49 9 9 9 9 16 16 9 16 16 9 9 16 16 9 16 16 9 9 9 16 16 9 16 16 9 9 14 14 9 14 12 112 54 28 16 16 22 14 14 64 32 16 16 30 16 16
38.40000000000067 8 112 0.8441658874421254 1.0009699051336343
# 49 9 9 9 9 16 16 9 16 16 9 9 16 16 9 16 16 9 9 9 16 16 9 16 16 9 9 14 14 9 14 12 112 54 28 16 16 22 14 14 64 32 16 16 30 16 16
38.45000000000067 8 112 0.844181602140824 1.0009243360760909
# 49 9 9 9 9 16 16 9 16 16 9 9 16 16 9 16 16 9 9 9 16 16 9 16 16 9 9 14 14 9 14 12 112 54 28 16 16 22 14 14 64 32 16 16 30 16 16
38.50000000000067 8 112 0.8441977211879942 1.000878671419524
# 49 9 9 9 9 16 16 9 16 16 9 9 16 16 9 16 16 9 9 9 16 16 9 16 16 9 9 14 14 9 14 12 112 54 28 16 16 22 14 14 64 32 16 16 30 16 16
38.550000000000665 8 112 0.8442141365106918 1.0008329191272065
# 49 9 9 9 9 16 16 9 16 16 9 9 16 16 9 16 16 9 9 9 16 16 9 16 16 9 9 14 14 9 14 12 112 54 28 16 16 22 14 14 64 32 16 16 30 16 16
38.60000000000067 8 112 0.8442307437348638 1.0007870872136688
# 49 9 9 9 9 16 16 9 16 16 9 9 16 16 9 16 16 9 9 9 16 16 9 16 16 9 9 14 14 9 14 12 112 54 28 16 16 22 14 14 64 32 16 16 30 16 16
38.65000000000067 8 112 0.8442474421421629 1.0007411837428477
# 49 9 9 9 9 16 16 9 16 16 9 9 16 16 9 16 16 9 9 9 16 16 9 16 16 9 9 14 14 9 14 12 112 54 28 16 16 22 14 14 64 32 16 16 30 16 16
38.70000000000067 8 112 0.8442641346231062 1.0006952168259822
# 49 9 9 9 9 16 16 9 16 16 9 9 16 16 9 16 16 9 9 9 16 16 9 16 16 9 9 14 14 9 14 12 112 54 28 16 16 22 14 14 64 32 16 16 30 16 16
38.750000000000675 8 112 0.8442807276271945 1.0006491946193388
# 49 9 9 9 9 16 16 9 16 16 9 9 16 16 9 16 16 9 9 9 16 16 9 16 16 9 9 14 14 9 14 12 112 54 28 16 16 22 14 14 64 32 16 16 30 16 16
38.80000000000068 8 112 0.8442971311101415 1.0006031253217245
# 49 9 9 9 9 16 16 9 16 16 9 9 16 16 9 16 16 9 9 9 16 16 9 16 16 9 9 14 14 9 14 12 112 54 28 16 16 22 14 14 64 32 16 16 30 16 16
38.850000000000676 8 112 0.8443132584786025 1.0005570171717908
# 49 9 9 9 9 16 16 9 16 16 9 9 16 16 9 16 16 9 9 9 16 16 9 16 16 9 9 14 14 9 14 12 112 54 28 16 16 22 14 14 64 32 16 16 30 16 16
38.900000000000674 8 112 0.844329026532623 1.0005108784451484
# 49 9 9 9 9 16 16 9 16 16 9 9 16 16 9 16 16 9 9 9 16 16 9 16 16 9 9 14 14 9 14 12 112 54 28 16 16 22 14 14 64 32 16 16 30 16 16
38.95000000000068 8 112 0.8443443554060478 1.0004647174513142
# 49 9 9 9 9 16 16 9 16 16 9 9 16 16 9 16 16 9 9 9 16 16 9 16 16 9 9 14 14 9 14 12 112 54 28 16 16 22 14 14 64 32 16 16 30 16 16
39.000000000000675 8 112 0.8443591685050573 1.0004185425304113
# 49 9 9 9 9 16 16 9 16 16 9 9 16 16 9 16 16 9 9 9 16 16 9 16 16 9 9 14 14 9 14 12 112 54 28 16 16 22 14 14 64 32 16 16 30 16 16
39.05000000000068 8 112 0.8443733924450867 1.0003723620497695
# 49 9 9 9 9 16 16 9 16 16 9 9 16 16 9 16 16 9 9 9 16 16 9 16 16 9 9 14 14 9 14 12 112 54 28 16 16 22 14 14 64 32 16 16 30 16 16
39.10000000000068 8 112 0.8443869569862164 1.0003261844002886
# 49 9 9 9 9 16 16 9 16 16 9 9 16 16 9 16 16 9 9 9 16 16 9 16 16 9 9 14 14 9 14 12 112 54 28 16 16 22 14 14 64 32 16 16 30 16 16
39.15000000000068 8 112 0.844399794967214 1.0002800179926894
# 49 9 9 9 9 16 16 9 16 16 9 9 16 16 9 16 16 9 9 9 16 16 9 16 16 9 9 14 14 9 14 12 112 54 28 16 16 22 14 14 64 32 16 16 30 16 16
39.200000000000685 8 112 0.8444118422383389 1.000233871253566
# 49 9 9 9 9 16 16 9 16 16 9 9 16 16 9 16 16 9 9 9 16 16 9 16 16 9 9 14 14 9 14 12 112 54 28 16 16 22 14 14 64 32 16 16 30 16 16
39.25000000000069 8 112 0.8444230375930271 1.0001877526213367
# 49 9 9 9 9 16 16 9 16 16 9 9 16 16 9 16 16 9 9 9 16 16 9 16 16 9 9 14 14 9 14 12 112 54 28 16 16 22 14 14 64 32 16 16 30 16 16
39.300000000000686 8 112 0.8444333226985812 1.0001416705420347
# 49 9 9 9 9 16 16 9 16 16 9 9 16 16 9 16 16 9 9 9 16 16 9 16 16 9 9 14 14 9 14 12 112 54 28 16 16 22 14 14 64 32 16 16 30 16 16
39.35000000000068 8 112 0.8444426420259048 1.0000956334649753
# 49 9 9 9 9 16 16 9 16 16 9 9 16 16 9 16 16 9 9 9 16 16 9 16 16 9 9 14 14 9 14 12 112 54 28 16 16 22 14 14 64 32 16 16 30 16 16
39.40000000000069 8 112 0.8444509427784509 1.000049649838354
# 49 9 9 9 9 16 16 9 16 16 9 9 16 16 9 16 16 9 9 9 16 16 9 16 16 9 9 14 14 9 14 12 112 54 28 16 16 22 14 14 64 32 16 16 30 16 16
39.45000000000069 8 112 0.8444581748203469 1.0000037281046936
# 49 9 9 9 9 16 16 9 16 16 9 9 16 16 9 16 16 9 9 9 16 16 9 16 16 9 9 14 14 9 14 12 112 54 28 16 16 22 14 14 64 32 16 16 30 16 16
39.50000000000069 8 112 0.8444642906039254 0.9999578766962378
# 49 9 9 9 9 16 16 9 16 16 9 9 16 16 9 16 16 9 9 9 16 16 9 16 16 9 9 14 14 9 14 12 112 54 28 16 16 22 14 14 64 32 16 16 30 16 16
39.55000000000069 8 112 0.8444692450965389 0.9999121040302827
# 49 9 9 9 9 16 16 9 16 16 9 9 16 16 9 16 16 9 9 9 16 16 9 16 16 9 9 14 14 9 14 12 112 54 28 16 16 22 14 14 64 32 16 16 30 16 16
39.6000000000007 8 112 0.844472995706938 0.9998664185044366
# 49 9 9 9 9 16 16 9 16 16 9 9 16 16 9 16 16 9 9 9 16 16 9 16 16 9 9 14 14 9 14 12 112 54 28 16 16 22 14 14 64 32 16 16 30 16 16
39.650000000000695 8 112 0.8444755022110845 0.9998208284918522
# 49 9 9 9 9 16 16 9 16 16 9 9 16 16 9 16 16 9 9 9 16 16 9 16 16 9 9 14 14 9 14 12 112 54 28 16 16 22 14 14 64 32 16 16 30 16 16
39.70000000000069 8 112 0.8444767266775907 0.9997753423364136
# 49 9 9 9 9 16 16 9 16 16 9 9 16 16 9 16 16 9 9 9 16 16 9 16 16 9 9 14 14 9 14 12 112 54 28 16 16 22 14 14 64 32 16 16 30 16 16
39.750000000000696 8 112 0.8444766333927863 0.9997299683479316
# 49 9 9 9 9 16 16 9 16 16 9 9 16 16 9 16 16 9 9 9 16 16 9 16 16 9 9 14 14 9 14 12 112 54 28 16 16 22 14 14 64 32 16 16 30 16 16
39.8000000000007 8 112 0.8444751887855192 0.9996847147973583
# 49 9 9 9 9 16 16 9 16 16 9 9 16 16 9 16 16 9 9 9 16 16 9 16 16 9 9 14 14 9 14 12 112 54 28 16 16 22 14 14 64 32 16 16 30 16 16
39.8500000000007 8 112 0.8444723613517063 0.9996395899119668
# 49 9 9 9 9 16 16 9 16 16 9 9 16 16 9 16 16 9 9 9 16 16 9 16 16 9 9 14 14 9 14 12 112 54 28 16 16 22 14 14 64 32 16 16 30 16 16
39.9000000000007 8 112 0.8444681215787334 0.9995946018706153
# 49 9 9 9 9 16 16 9 16 16 9 9 16 16 9 16 16 9 9 9 16 16 9 16 16 9 9 14 14 9 14 12 112 54 28 16 16 22 14 14 64 32 16 16 30 16 16
39.950000000000706 8 112 0.8444624418697768 0.9995497587990545
# 49 9 9 9 9 16 16 9 16 16 9 9 16 16 9 16 16 9 9 9 16 16 9 16 16 9 9 14 14 9 14 12 112 54 28 16 16 22 14 14 64 32 16 16 30 16 16
40.0000000000007 8 112 0.8444552964681085 0.9995050687652582
# 49 9 9 9 9 16 16 9 16 16 9 9 16 16 9 16 16 9 9 9 16 16 9 16 16 9 9 14 14 9 14 12 112 54 28 16 16 22 14 14 64 32 16 16 30 16 16
40.0500000000007 8 112 0.8444466613813777 0.9994605397748928
# 49 9 9 9 9 16 16 9 16 16 9 9 16 16 9 16 16 9 9 9 16 16 9 16 16 9 9 14 14 9 14 12 112 54 28 16 16 22 14 14 64 32 16 16 30 16 16
40.100000000000705 8 112 0.8444365143061324 0.9994161797668191
# 49 9 9 9 9 16 16 9 16 16 9 9 16 16 9 16 16 9 9 9 16 16 9 16 16 9 9 14 14 9 14 12 112 54 28 16 16 22 14 14 64 32 16 16 30 16 16
40.15000000000071 8 112 0.8444248345525168 0.9993719966087412
# 49 9 9 9 9 16 16 9 16 16 9 9 16 16 9 16 16 9 9 9 16 16 9 16 16 9 9 14 14 9 14 12 112 54 28 16 16 22 14 14 64 32 16 16 30 16 16
40.200000000000706 8 112 0.8444116029692098 0.9993279980929392
# 49 9 9 9 9 16 16 9 16 16 9 9 16 16 9 16 16 9 9 9 16 16 9 16 16 9 9 14 14 9 14 12 112 54 28 16 16 22 14 14 64 32 16 16 30 16 16
40.25000000000071 8 112 0.8443968018687841 0.9992841919321591
# 49 9 9 9 9 16 16 9 16 16 9 9 16 16 9 16 16 9 9 9 16 16 9 16 16 9 9 14 14 9 14 12 112 54 28 16 16 22 14 14 64 32 16 16 30 16 16
40.300000000000715 8 112 0.8443804149535132 0.9992405857556297
# 49 9 9 9 9 16 16 9 16 16 9 9 16 16 9 16 16 9 9 9 16 16 9 16 16 9 9 14 14 9 14 12 112 54 28 16 16 22 14 14 64 32 16 16 30 16 16
40.35000000000071 8 112 0.8443624272417939 0.9991971871052145
# 49 9 9 9 9 16 16 9 16 16 9 9 16 16 9 16 16 9 9 9 16 16 9 16 16 9 9 14 14 9 14 12 112 54 28 16 16 22 14 14 64 32 16 16 30 16 16
40.40000000000071 8 112 0.8443428249951325 0.99915400343175
# 49 9 9 9 9 16 16 9 16 16 9 9 16 16 9 16 16 9 9 9 16 16 9 16 16 9 9 14 14 9 14 12 112 54 28 16 16 22 14 14 64 32 16 16 30 16 16
40.45000000000071 8 112 0.8443215956459746 0.9991110420915508
# 49 9 9 9 9 16 16 9 16 16 9 9 16 16 9 16 16 9 9 9 16 16 9 16 16 9 9 14 14 9 14 12 112 54 28 16 16 22 14 14 64 32 16 16 30 16 16
40.50000000000071 8 112 0.8442987277263532 0.9990683103430555
# 49 9 9 9 9 16 16 9 16 16 9 9 16 16 9 16 16 9 9 9 16 16 9 16 16 9 9 14 14 9 14 12 112 54 28 16 16 22 14 14 64 32 16 16 30 16 16
40.550000000000715 8 112 0.8442742107974859 0.9990258153437065
# 49 9 9 9 9 16 16 9 16 16 9 9 16 16 9 16 16 9 9 9 16 16 9 16 16 9 9 14 14 9 14 12 112 54 28 16 16 22 14 14 64 32 16 16 30 16 16
40.60000000000072 8 112 0.8442480353804873 0.998983564146987
# 49 9 9 9 9 16 16 9 16 16 9 9 16 16 9 16 16 9 9 9 16 16 9 16 16 9 9 14 14 9 14 12 112 54 28 16 16 22 14 14 64 32 16 16 30 16 16
40.650000000000716 8 112 0.8442201928882661 0.9989415636996658
# 49 9 9 9 9 16 16 9 16 16 9 9 16 16 9 16 16 9 9 9 16 16 9 16 16 9 9 14 14 9 14 12 112 54 28 16 16 22 14 14 64 32 16 16 30 16 16
40.70000000000072 8 112 0.8441906755587 0.9988998208392365
# 49 9 9 9 9 16 16 9 16 16 9 9 16 16 9 16 16 9 9 9 16 16 9 16 16 9 9 14 14 9 14 12 112 54 28 16 16 22 14 14 64 32 16 16 30 16 16
40.750000000000725 8 112 0.8441594763892589 0.9988583422915587
# 49 9 9 9 9 16 16 9 16 16 9 9 16 16 9 16 16 9 9 9 16 16 9 16 16 9 9 14 14 9 14 12 112 54 28 16 16 22 14 14 64 32 16 16 30 16 16
40.80000000000072 8 112 0.844126589073187 0.9988171346687195
# 49 9 9 9 9 16 16 9 16 16 9 9 16 16 9 16 16 9 9 9 16 16 9 16 16 9 9 14 14 9 14 12 112 54 28 16 16 22 14 14 64 32 16 16 30 16 16
40.85000000000072 8 112 0.8440920079373141 0.9987762044670838
# 49 9 9 9 9 16 16 9 16 16 9 9 16 16 9 16 16 9 9 9 16 16 9 16 16 9 9 14 14 9 14 12 112 54 28 16 16 22 14 14 64 32 16 16 30 16 16
40.90000000000072 8 112 0.8440557278817701 0.9987355580655604
# 49 9 9 9 9 16 16 9 16 16 9 9 16 16 9 16 16 9 9 9 16 16 9 16 16 9 9 14 14 9 14 12 112 54 28 16 16 22 14 14 64 32 16 16 30 16 16
40.95000000000073 8 112 0.8440177443216001 0.9986952017240809
# 49 9 9 9 9 16 16 9 16 16 9 9 16 16 9 16 16 9 9 9 16 16 9 16 16 9 9 14 14 9 14 12 112 54 28 16 16 22 14 14 64 32 16 16 30 16 16
41.000000000000725 8 112 0.8439780531304772 0.9986551415822768
# 49 9 9 9 9 16 16 9 16 16 9 9 16 16 9 16 16 9 9 9 16 16 9 16 16 9 9 14 14 9 14 12 112 54 28 16 16 22 14 14 64 32 16 16 30 16 16
41.05000000000073 8 112 0.8439366505867114 0.9986153836583656
# 49 9 9 9 9 16 16 9 16 16 9 9 16 16 9 16 16 9 9 9 16 16 9 16 16 9 9 14 14 9 14 12 112 54 28 16 16 22 14 14 64 32 16 16 30 16 16
41.10000000000073 8 112 0.8438935333216514 0.998575933848256
# 49 9 9 9 9 16 16 9 16 16 9 9 16 16 9 16 16 9 9 9 16 16 9 16 16 9 9 14 14 9 14 12 112 54 28 16 16 22 14 14 64 32 16 16 30 16 16
41.15000000000073 8 112 0.8438486982706389 0.9985367979248168
# 49 9 9 9 9 16 16 9 16 16 9 9 16 16 9 16 16 9 9 9 16 16 9 16 16 9 9 14 14 9 14 12 112 54 28 16 16 22 14 14 64 32 16 16 30 16 16
41.20000000000073 8 112 0.8438021426267769 0.9984979815373811
# 49 9 9 9 9 16 16 9 16 16 9 9 16 16 9 16 16 9 9 9 16 16 9 16 16 9 9 14 14 9 14 12 112 54 28 16 16 22 14 14 64 32 16 16 30 16 16
41.25000000000073 8 112 0.8437538637975274 0.9984594902114213
# 49 9 9 9 9 16 16 9 16 16 9 9 16 16 9 16 16 9 9 9 16 16 9 16 16 9 9 14 14 9 14 12 112 54 28 16 16 22 14 14 64 32 16 16 30 16 16
41.300000000000736 8 112 0.8437038593644836 0.9984213293484214
# 49 9 9 9 9 16 16 9 16 16 9 9 16 16 9 16 16 9 9 9 16 16 9 16 16 9 9 14 14 9 14 12 112 54 28 16 16 22 14 14 64 32 16 16 30 16 16
41.35000000000073 8 112 0.8436521270463951 0.9983835042259175
# 49 9 9 9 9 16 16 9 16 16 9 9 16 16 9 16 16 9 9 9 16 16 9 16 16 9 9 14 14 9 14 12 112 54 28 16 16 22 14 14 64 32 16 16 30 16 16
41.40000000000074 8 112 0.843598664665661 0.9983460199977328
# 49 9 9 9 9 16 16 9 16 16 9 9 16 16 9 16 16 9 9 9 16 16 9 16 16 9 9 14 14 9 14 12 112 54 28 16 16 22 14 14 64 32 16 16 30 16 16
41.45000000000074 8 112 0.8435434701184616 0.998308881694371
# 49 9 9 9 9 16 16 9 16 16 9 9 16 16 9 16 16 9 9 9 16 16 9 16 16 9 9 14 14 9 14 12 112 54 28 16 16 22 14 14 64 32 16 16 30 16 16
41.50000000000074 8 112 0.8434865413487418 0.9982720942235773
# 49 9 9 9 9 16 16 9 16 16 9 9 16 16 9 16 16 9 9 9 16 16 9 16 16 9 9 14 14 9 14 12 112 54 28 16 16 22 14 14 64 32 16 16 30 16 16
41.550000000000736 8 112 0.8434278763262147 0.9982356623710557
# 49 9 9 9 9 16 16 9 16 16 9 9 16 16 9 16 16 9 9 9 16 16 9 16 16 9 9 14 14 9 14 12 112 54 28 16 16 22 14 14 64 32 16 16 30 16 16
41.60000000000074 8 112 0.8433674730285797 0.9981995908013327
# 49 9 9 9 9 16 16 9 16 16 9 9 16 16 9 16 16 9 9 9 16 16 9 16 16 9 9 14 14 9 14 12 112 54 28 16 16 22 14 14 64 32 16 16 30 16 16
41.650000000000745 8 112 0.8433053294280921 0.9981638840587673
# 49 9 9 9 9 16 16 9 16 16 9 9 16 16 9 16 16 9 9 9 16 16 9 16 16 9 9 14 14 9 14 12 112 54 28 16 16 22 14 14 64 32 16 16 30 16 16
41.70000000000074 8 112 0.8432414434826584 0.998128546568686
# 49 9 9 9 9 16 16 9 16 16 9 9 16 16 9 16 16 9 9 9 16 16 9 16 16 9 9 14 14 9 14 12 112 54 28 16 16 22 14 14 64 32 16 16 30 16 16
41.750000000000746 8 112 0.8431758131316932 0.9980935826386594
# 49 9 9 9 9 16 16 9 16 16 9 9 16 16 9 16 16 9 9 9 16 16 9 16 16 9 9 14 14 9 14 12 112 54 28 16 16 22 14 14 64 32 16 16 30 16 16
41.80000000000075 8 112 0.8431084362967265 0.9980589964598747
# 49 9 9 9 9 16 16 9 16 16 9 9 16 16 9 16 16 9 9 9 16 16 9 16 16 9 9 14 14 9 14 12 112 54 28 16 16 22 14 14 64 32 16 16 30 16 16
41.85000000000075 8 112 0.8430393108870763 0.9980247921086443
# 49 9 9 9 9 16 16 9 16 16 9 9 16 16 9 16 16 9 9 9 16 16 9 16 16 9 9 14 14 9 14 12 112 54 28 16 16 22 14 14 64 32 16 16 30 16 16
41.90000000000075 8 112 0.842968434810461 0.99799097354797
# 49 9 9 9 9 16 16 9 16 16 9 9 16 16 9 16 16 9 9 9 16 16 9 16 16 9 9 14 14 9 14 12 112 54 28 16 16 22 14 14 64 32 16 16 30 16 16
41.95000000000075 8 112 0.8428958059889344 0.997957544629268
# 49 9 9 9 9 16 16 9 16 16 9 9 16 16 9 16 16 9 9 9 16 16 9 16 16 9 9 14 14 9 14 12 112 54 28 16 16 22 14 14 64 32 16 16 30 16 16
42.000000000000746 8 112 0.8428214223799085 0.9979245090940979
# 49 9 9 9 9 16 16 9 16 16 9 9 16 16 9 16 16 9 9 9 16 16 9 16 16 9 9 14 14 9 14 12 112 54 28 16 16 22 14 14 64 32 16 16 30 16 16
42.05000000000075 8 112 0.8427452820025406 0.9978918705760377
# 49 9 9 9 9 16 16 9 16 16 9 9 16 16 9 16 16 9 9 9 16 16 9 16 16 9 9 14 14 9 14 12 112 54 28 16 16 22 14 14 64 32 16 16 30 16 16
42.100000000000755 8 112 0.8426673829693505 0.9978596326025627
# 49 9 9 9 9 16 16 9 16 16 9 9 16 16 9 16 16 9 9 9 16 16 9 16 16 9 9 14 14 9 14 12 112 54 28 16 16 22 14 14 64 32 16 16 30 16 16
42.15000000000075 8 112 0.8425877235231349 0.9978277985970336
# 49 9 9 9 9 16 16 9 16 16 9 9 16 16 9 16 16 9 9 9 16 16 9 16 16 9 9 14 14 9 14 12 112 54 28 16 16 22 14 14 64 32 16 16 30 16 16
42.200000000000756 8 112 0.8425063020791027 0.9977963718806915
# 49 9 9 9 9 16 16 9 16 16 9 9 16 16 9 16 16 9 9 9 16 16 9 16 16 9 9 14 14 9 14 12 112 54 28 16 16 22 14 14 64 32 16 16 30 16 16
42.25000000000076 8 112 0.8424231172721434 0.997765355674717
# 49 9 9 9 9 16 16 9 16 16 9 9 16 16 9 16 16 9 9 9 16 16 9 16 16 9 9 14 14 9 14 12 112 54 28 16 16 22 14 14 64 32 16 16 30 16 16
42.30000000000076 8 112 0.8423381680091148 0.9977347531023231
# 49 9 9 9 9 16 16 9 16 16 9 9 16 16 9 16 16 9 9 9 16 16 9 16 16 9 9 14 14 9 14 12 112 54 28 16 16 22 14 14 64 32 16 16 30 16 16
42.350000000000755 8 112 0.8422514535260672 0.9977045671908265
# 49 9 9 9 9 16 16 9 16 16 9 9 16 16 9 16 16 9 9 9 16 16 9 16 16 9 9 14 14 9 14 12 112 54 28 16 16 22 14 14 64 32 16 16 30 16 16
42.40000000000076 8 112 0.8421629734501188 0.9976748008738112
# 49 9 9 9 9 16 16 9 16 16 9 9 16 16 9 16 16 9 9 9 16 16 9 16 16 9 9 14 14 9 14 12 112 54 28 16 16 22 14 14 64 32 16 16 30 16 16
42.45000000000076 8 112 0.8420727278658786 0.9976454569932083
# 49 9 9 9 9 16 16 9 16 16 9 9 16 16 9 16 16 9 9 9 16 16 9 16 16 9 9 14 14 9 14 12 112 54 28 16 16 22 14 14 64 32 16 16 30 16 16
42.50000000000076 8 112 0.841980717386017 0.9976165383014444
# 49 9 9 9 9 16 16 9 16 16 9 9 16 16 9 16 16 9 9 9 16 16 9 16 16 9 9 14 14 9 14 12 112 54 28 16 16 22 14 14 64 32 16 16 30 16 16
42.55000000000075 8 112 0.8418869432259211 0.9975880474635427
# 49 9 9 9 9 16 16 9 16 16 9 9 16 16 9 16 16 9 9 9 16 16 9 16 16 9 9 14 14 9 14 12 112 54 28 16 16 22 14 14 64 32 16 16 30 16 16
42.60000000000075 8 112 0.8417914072818443 0.997559987059205
# 49 9 9 9 9 16 16 9 16 16 9 9 16 16 9 16 16 9 9 9 16 16 9 16 16 9 9 14 14 9 14 12 112 54 28 16 16 22 14 14 64 32 16 16 30 16 16
42.650000000000745 8 112 0.8416941122124431 0.9975323595849028
# 49 9 9 9 9 16 16 9 16 16 9 9 16 16 9 16 16 9 9 9 16 16 9 16 16 9 9 14 14 9 14 12 112 54 28 16 16 22 14 14 64 32 16 16 30 16 16
42.70000000000074 8 112 0.8415950615231652 0.9975051674558754
# 49 9 9 9 9 16 16 9 16 16 9 9 16 16 9 16 16 9 9 9 16 16 9 16 16 9 9 14 14 9 14 12 112 54 28 16 16 22 14 14 64 32 16 16 30 16 16
42.75000000000074 8 112 0.8414942596531688 0.9974784130081445
# 49 9 9 9 9 16 16 9 16 16 9 9 16 16 9 16 16 9 9 9 16 16 9 16 16 9 9 14 14 9 14 12 112 54 28 16 16 22 14 14 64 32 16 16 30 16 16
42.800000000000736 8 112 0.8413917120642984 0.9974520985004632
# 49 9 9 9 9 16 16 9 16 16 9 9 16 16 9 16 16 9 9 9 16 16 9 16 16 9 9 14 14 9 14 12 112 54 28 16 16 22 14 14 64 32 16 16 30 16 16
42.85000000000073 8 112 0.8412874253316692 0.9974262261161742
# 49 9 9 9 9 16 16 9 16 16 9 9 16 16 9 16 16 9 9 9 16 16 9 16 16 9 9 14 14 9 14 12 112 54 28 16 16 22 14 14 64 32 16 16 30 16 16
42.90000000000073 8 112 0.8411814072353646 0.997400797965096
# 49 9 9 9 9 16 16 9 16 16 9 9 16 16 9 16 16 9 9 9 16 16 9 16 16 9 9 14 14 9 14 12 112 54 28 16 16 22 14 14 64 32 16 16 30 16 16
42.95000000000073 8 112 0.8410736668528898 0.9973758160852441
# 49 9 9 9 9 16 16 9 16 16 9 9 16 16 9 16 16 9 9 9 16 16 9 16 16 9 9 14 14 9 14 12 112 54 28 16 16 22 14 14 64 32 16 16 30 16 16
43.000000000000725 8 112 0.8409642146516653 0.9973512824445375
# 49 9 9 9 9 16 16 9 16 16 9 9 16 16 9 16 16 9 9 9 16 16 9 16 16 9 9 14 14 9 14 12 112 54 28 16 16 22 14 14 64 32 16 16 30 16 16
43.050000000000715 8 112 0.8408530625811952 0.997327198942454
# 49 9 9 9 9 16 16 9 16 16 9 9 16 16 9 16 16 9 9 9 16 16 9 16 16 9 9 14 14 9 14 12 112 54 28 16 16 22 14 14 64 32 16 16 30 16 16
43.10000000000071 8 112 0.8407402241644265 0.9973035674115096
# 49 9 9 9 9 16 16 9 16 16 9 9 16 16 9 16 16 9 9 9 16 16 9 16 16 9 9 14 14 9 14 12 112 54 28 16 16 22 14 14 64 32 16 16 30 16 16
43.15000000000071 8 112 0.8406257145876692 0.9972803896187826
# 49 9 9 9 9 16 16 9 16 16 9 9 16 16 9 16 16 9 9 9 16 16 9 16 16 9 9 14 14 9 14 12 112 54 28 16 16 22 14 14 64 32 16 16 30 16 16
43.200000000000706 8 112 0.840509550788619 0.9972576672672305
# 49 9 9 9 9 16 16 9 16 16 9 9 16 16 9 16 16 9 9 9 16 16 9 16 16 9 9 14 14 9 14 12 112 54 28 16 16 22 14 14 64 32 16 16 30 16 16
43.2500000000007 8 112 0.8403917515419733 0.9972354019969949
# 49 9 9 9 9 16 16 9 16 16 9 9 16 16 9 16 16 9 9 9 16 16 9 16 16 9 9 14 14 9 14 12 112 54 28 16 16 22 14 14 64 32 16 16 30 16 16
43.3000000000007 8 112 0.8402723375422227 0.997213595386572
# 49 9 9 9 9 16 16 9 16 16 9 9 16 16 9 16 16 9 9 9 16 16 9 16 16 9 9 14 14 9 14 12 112 54 28 16 16 22 14 14 64 32 16 16 30 16 16
43.3500000000007 8 112 0.8401513314829209 0.9971922489539009
# 49 9 9 9 9 16 16 9 16 16 9 9 16 16 9 16 16 9 9 9 16 16 9 16 16 9 9 14 14 9 14 12 112 54 28 16 16 22 14 14 64 32 16 16 30 16 16
43.400000000000695 8 112 0.8400287581321582 0.9971713641573448
# 49 9 9 9 9 16 16 9 16 16 9 9 16 16 9 16 16 9 9 9 16 16 9 16 16 9 9 14 14 9 14 12 112 54 28 16 16 22 14 14 64 32 16 16 30 16 16
43.45000000000069 8 112 0.8399046444037226 0.9971509423965685
# 49 9 9 9 9 16 16 9 16 16 9 9 16 16 9 16 16 9 9 9 16 16 9 16 16 9 9 14 14 9 14 12 112 54 28 16 16 22 14 14 64 32 16 16 30 16 16
43.50000000000069 8 112 0.8397790194234476 0.9971309850133296
# 49 9 9 9 9 16 16 9 16 16 9 9 16 16 9 16 16 9 9 9 16 16 9 16 16 9 9 14 14 9 14 12 112 54 28 16 16 22 14 14 64 32 16 16 30 16 16
43.55000000000068 8 112 0.8396519145904352 0.9971114932921386
# 49 9 9 9 9 16 16 9 16 16 9 9 16 16 9 16 16 9 9 9 16 16 9 16 16 9 9 14 14 9 14 12 112 54 28 16 16 22 14 14 64 32 16 16 30 16 16
43.600000000000676 8 112 0.8395233636326396 0.9970924684608278
# 49 9 9 9 9 16 16 9 16 16 9 9 16 16 9 16 16 9 9 9 16 16 9 16 16 9 9 14 14 9 14 12 112 54 28 16 16 22 14 14 64 32 16 16 30 16 16
43.650000000000674 8 112 0.8393934026565528 0.9970739116910172
# 49 9 9 9 9 16 16 9 16 16 9 9 16 16 9 16 16 9 9 9 16 16 9 16 16 9 9 14 14 9 14 12 112 54 28 16 16 22 14 14 64 32 16 16 30 16 16
43.70000000000067 8 112 0.8392620701905857 0.9970558240984677
# 49 9 9 9 9 16 16 9 16 16 9 9 16 16 9 16 16 9 9 9 16 16 9 16 16 9 9 14 14 9 14 12 112 54 28 16 16 22 14 14 64 32 16 16 30 16 16
43.75000000000067 8 112 0.8391294072218446 0.997038206743335
# 49 9 9 9 9 16 16 9 16 16 9 9 16 16 9 16 16 9 9 9 16 16 9 16 16 9 9 14 14 9 14 12 112 54 28 16 16 22 14 14 64 32 16 16 30 16 16
43.800000000000665 8 112 0.8389954572260458 0.9970210606302976
# 49 9 9 9 9 16 16 9 16 16 9 9 16 16 9 16 16 9 9 9 16 16 9 16 16 9 9 14 14 9 14 12 112 54 28 16 16 22 14 14 64 32 16 16 30 16 16
43.85000000000066 8 112 0.838860266190264 0.9970043867086156
# 49 9 9 9 9 16 16 9 16 16 9 9 16 16 9 16 16 9 9 9 16 16 9 16 16 9 9 14 14 9 14 12 112 54 28 16 16 22 14 14 64 32 16 16 30 16 16
43.90000000000066 8 112 0.8387238826283053 0.9969881858720555
# 49 9 9 9 9 16 16 9 16 16 9 9 16 16 9 16 16 9 9 9 16 16 9 16 16 9 9 14 14 9 14 12 112 54 28 16 16 22 14 14 64 32 16 16 30 16 16
43.95000000000066 8 112 0.8385863575885649 0.996972458958737
# 49 9 9 9 9 16 16 9 16 16 9 9 16 16 9 16 16 9 9 9 16 16 9 16 16 9 9 14 14 9 14 12 112 54 28 16 16 22 14 14 64 32 16 16 30 16 16
44.00000000000065 8 112 0.8384477446540981 0.9969572067508506
# 49 9 9 9 9 16 16 9 16 16 9 9 16 16 9 16 16 9 9 9 16 16 9 16 16 9 9 14 14 9 14 12 112 54 28 16 16 22 14 14 64 32 16 16 30 16 16
44.050000000000644 8 112 0.8383080999349133 0.9969424299743367
# 49 9 9 9 9 16 16 9 16 16 9 9 16 16 9 16 16 9 9 9 16 16 9 16 16 9 9 14 14 9 14 12 112 54 28 16 16 22 14 14 64 32 16 16 30 16 16
44.10000000000064 8 112 0.8381674820522873 0.9969281292983804
# 49 9 9 9 9 16 16 9 16 16 9 9 16 16 9 16 16 9 9 9 16 16 9 16 16 9 9 14 14 9 14 12 112 54 28 16 16 22 14 14 64 32 16 16 30 16 16
44.15000000000064 8 112 0.8380259521150855 0.9969143053349216
# 49 9 9 9 9 16 16 9 16 16 9 9 16 16 9 16 16 9 9 9 16 16 9 16 16 9 9 14 14 9 14 12 112 54 28 16 16 22 14 14 64 32 16 16 30 16 16
44.200000000000635 8 112 0.8378835736879925 0.9969009586379913
# 49 9 9 9 9 16 16 9 16 16 9 9 16 16 9 16 16 9 9 9 16 16 9 16 16 9 9 14 14 9 14 12 112 54 28 16 16 22 14 14 64 32 16 16 30 16 16
44.25000000000063 8 112 0.8377404127518039 0.9968880897030122
# 49 9 9 9 9 16 16 9 16 16 9 9 16 16 9 16 16 9 9 9 16 16 9 16 16 9 9 14 14 9 14 12 112 54 28 16 16 22 14 14 64 32 16 16 30 16 16
44.30000000000063 8 112 0.8375965376556505 0.9968756989660188
# 49 9 9 9 9 16 16 9 16 16 9 9 16 16 9 16 16 9 9 9 16 16 9 16 16 9 9 14 14 9 14 12 112 54 28 16 16 22 14 14 64 32 16 16 30 16 16
44.35000000000063 8 112 0.8374520190613228 0.9968637868027481
# 49 9 9 9 9 16 16 9 16 16 9 9 16 16 9 16 16 9 9 9 16 16 9 16 16 9 9 14 14 9 14 12 112 54 28 16 16 22 14 14 64 32 16 16 30 16 16
44.400000000000624 8 112 0.837306929879708 0.9968523535277758
# 49 9 9 9 9 16 16 9 16 16 9 9 16 16 9 16 16 9 9 9 16 16 9 16 16 9 9 14 14 9 14 12 112 54 28 16 16 22 14 14 64 32 16 16 30 16 16
44.45000000000062 8 112 0.8371613451996176 0.9968413993934399
# 49 9 9 9 9 16 16 9 16 16 9 9 16 16 9 16 16 9 9 9 16 16 9 16 16 9 9 14 14 9 14 12 112 54 28 16 16 22 14 14 64 32 16 16 30 16 16
44.50000000000061 8 112 0.8370153422089716 0.996830924588843
# 49 9 9 9 9 16 16 9 16 16 9 9 16 16 9 16 16 9 9 9 16 16 9 16 16 9 9 14 14 9 14 12 112 54 28 16 16 22 14 14 64 32 16 16 30 16 16
44.55000000000061 8 112 0.8368690001087112 0.9968209292386865
# 49 9 9 9 9 16 16 9 16 16 9 9 16 16 9 16 16 9 9 9 16 16 9 16 16 9 9 14 14 9 14 12 112 54 28 16 16 22 14 14 64 32 16 16 30 16 16
44.600000000000605 8 112 0.8367224000195511 0.9968114134021581
# 49 9 9 9 9 16 16 9 16 16 9 9 16 16 9 16 16 9 9 9 16 16 9 16 16 9 9 14 14 9 14 12 112 54 28 16 16 22 14 14 64 32 16 16 30 16 16
44.6500000000006 8 112 0.8365756248818057 0.9968023770716734
# 49 9 9 9 9 16 16 9 16 16 9 9 16 16 9 16 16 9 9 9 16 16 9 16 16 9 9 14 14 9 14 12 112 54 28 16 16 22 14 14 64 32 16 16 30 16 16
44.70000000000061 8 112 0.8364287593487043 0.9967938201716751
# 49 9 9 9 9 16 16 9 16 16 9 9 16 16 9 16 16 9 9 9 16 16 9 16 16 9 9 14 14 9 14 12 112 54 28 16 16 22 14 14 64 32 16 16 30 16 16
44.750000000000604 8 112 0.8362818896733196 0.9967857425573298
# 49 9 9 9 9 16 16 9 16 16 9 9 16 16 9 16 16 9 9 9 16 16 9 16 16 9 9 14 14 9 14 12 112 54 28 16 16 22 14 14 64 32 16 16 30 16 16
44.8000000000006 8 112 0.8361351035895743 0.9967781440132527
# 49 9 9 9 9 16 16 9 16 16 9 9 16 16 9 16 16 9 9 9 16 16 9 16 16 9 9 14 14 9 14 12 112 54 28 16 16 22 14 14 64 32 16 16 30 16 16
44.85000000000059 8 112 0.8359884901876199 0.9967710242521554
# 49 9 9 9 9 16 16 9 16 16 9 9 16 16 9 16 16 9 9 9 16 16 9 16 16 9 9 14 14 9 14 12 112 54 28 16 16 22 14 14 64 32 16 16 30 16 16
44.90000000000059 8 112 0.8358421397839789 0.9967643829135604
# 49 9 9 9 9 16 16 9 16 16 9 9 16 16 9 16 16 9 9 9 16 16 9 16 16 9 9 14 14 9 14 12 112 54 28 16 16 22 14 14 64 32 16 16 30 16 16
44.950000000000585 8 112 0.8356961437868634 0.9967582195624232
# 49 9 9 9 9 16 16 9 16 16 9 9 16 16 9 16 16 9 9 9 16 16 9 16 16 9 9 14 14 9 14 12 112 54 28 16 16 22 14 14 64 32 16 16 30 16 16
45.00000000000058 8 112 0.8355505945570796 0.9967525336878319
# 49 9 9 9 9 16 16 9 16 16 9 9 16 16 9 16 16 9 9 9 16 16 9 16 16 9 9 14 14 9 14 12 112 54 28 16 16 22 14 14 64 32 16 16 30 16 16
45.05000000000058 8 112 0.8354055852649814 0.9967473247016537
# 49 9 9 9 9 16 16 9 16 16 9 9 16 16 9 16 16 9 9 9 16 16 9 16 16 9 9 14 14 9 14 12 112 54 28 16 16 22 14 14 64 32 16 16 30 16 16
45.10000000000058 8 112 0.8352612097439296 0.9967425919372336
# 49 9 9 9 9 16 16 9 16 16 9 9 16 16 9 16 16 9 9 9 16 16 9 16 16 9 9 14 14 9 14 12 112 54 28 16 16 22 14 14 64 32 16 16 30 16 16
45.150000000000574 8 112 0.8351175623407046 0.9967383346480997
# 49 9 9 9 9 16 16 9 16 16 9 9 16 16 9 16 16 9 9 9 16 16 9 16 16 9 9 14 14 9 14 12 112 54 28 16 16 22 14 14 64 32 16 16 30 16 16
45.20000000000057 8 112 0.8349747377634773 0.99673455200669
# 49 9 9 9 9 16 16 9 16 16 9 9 16 16 9 16 16 9 9 9 16 16 9 16 16 9 9 14 14 9 14 12 112 54 28 16 16 22 14 14 64 32 16 16 30 16 16
45.25000000000057 8 112 0.8348328309276832 0.9967312431031268
# 49 9 9 9 9 16 16 9 16 16 9 9 16 16 9 16 16 9 9 9 16 16 9 16 16 9 9 14 14 9 14 12 112 54 28 16 16 22 14 14 64 32 16 16 30 16 16
45.300000000000566 8 112 0.8346919368004995 0.9967284069439999
# 49 9 9 9 9 16 16 9 16 16 9 9 16 16 9 16 16 9 9 9 16 16 9 16 16 9 9 14 14 9 14 12 112 54 28 16 16 22 14 14 64 32 16 16 30 16 16
