time_fs,c60_population_raw,c60_population_trace_normalized,trace_real,trace_imag,hermiticity_error,minimum_density_eigenvalue,digitized_experiment_interpolated
0.0,1.77e-06,1.7700000354000007e-06,0.99999998,0.0,0.0,1.0172137496573294e-08,0.0
0.05000000000000001,4.39e-06,4.390013740743009e-06,0.9999968699999999,7.999999999999998e-08,2.443726662293588e-06,7.482930767151388e-08,0.0013180894000000005
0.10000000000000002,1.256e-05,1.2560036926508561e-05,0.9999970600000001,1.1000000000000005e-07,8.93569247456503e-06,2.2749180366190356e-07,0.002636178800000001
0.15000000000000005,2.6399999999999998e-05,2.6400078936236018e-05,0.9999970100000002,1.2999999999999992e-07,1.7111113347761813e-05,3.83883707213066e-07,0.003954268200000002
0.20000000000000004,4.5919999999999994e-05,4.592014281164415e-05,0.9999968899999999,1.5999999999999995e-07,2.5895926320563263e-05,6.261778775336639e-07,0.005272357600000002
0.25000000000000006,7.108e-05,7.108023598638349e-05,0.99999668,1.6999999999999983e-07,3.521914820094183e-05,9.267761254270607e-07,0.006590447000000003
0.3000000000000001,0.00010190000000000001,0.000101900364803306,0.9999964200000001,1.8000000000000018e-07,4.508359568623683e-05,1.3130825569986269e-06,0.007908536400000004
0.3500000000000001,0.00013835,0.0001383505437176368,0.9999960699999999,1.8999999999999913e-07,5.5505264615169415e-05,1.7774663173777835e-06,0.009226625800000004
0.4000000000000001,0.00018041,0.00018041080102395657,0.9999955599999999,1.7999999999999997e-07,6.652611216657919e-05,2.307901706166024e-06,0.010544715200000004
0.45000000000000007,0.00022806999999999998,0.0002280711471978704,0.99999497,1.400000000000001e-07,7.813647931664239e-05,2.904745859444872e-06,0.011862804600000004
0.5000000000000001,0.00028127,0.0002812716341881946,0.99999419,9.999999999999857e-08,9.037180976388544e-05,3.5692091642532017e-06,0.013180894000000005
0.5500000000000002,0.00034000999999999997,0.0003400122950829918,0.9999932500000001,9.999999999999037e-09,0.00010320267535291807,4.309086847941302e-06,0.014498983400000007
0.6000000000000002,0.00040425,0.0004042531855151019,0.99999212,-7.000000000000057e-08,0.0001166702361358703,5.119810258507058e-06,0.01581707280000001
0.6500000000000001,0.00047395,0.00047395436038011535,0.9999908000000002,-1.9999999999999803e-07,0.00013073991968790634,5.992454715883927e-06,0.017135162200000005
0.7000000000000002,0.00054907,0.0005490758860934989,0.9999892799999999,-3.600000000000004e-07,0.00014544151264339928,6.947171951393278e-06,0.01845325160000001
0.7500000000000002,0.0006295599999999999,0.0006295678633026126,0.9999875100000001,-5.500000000000009e-07,0.00016076268037078662,7.968049827194026e-06,0.019771341000000008
0.8000000000000002,0.00071537,0.0007153803801693164,0.9999854899999999,-7.900000000000028e-07,0.00017668052467660427,9.062120594012751e-06,0.021089430400000008
0.8500000000000002,0.00080646,0.0008064735487556191,0.9999832,-1.0599999999999992e-06,0.00019319769305040912,1.0235938954618067e-05,0.022407519800000008
0.9000000000000001,0.0009027799999999999,0.0009027974601028784,0.99998066,-1.3600000000000022e-06,0.00021031106247651344,1.1494135339080492e-05,0.023725609200000008
0.9500000000000002,0.00100425,0.0010042722647161087,0.99997783,-1.7099999999999965e-06,0.00022800138464491748,1.2830810807375976e-05,0.025043698600000008
1.0000000000000002,0.00111081,0.0011108381042040363,0.9999747000000001,-2.1099999999999955e-06,0.0002462752630695982,1.4245541061091389e-05,0.02636178800000001
1.0500000000000003,0.00122242,0.0012224551089107278,0.9999712800000001,-2.5300000000000046e-06,0.00026511279297687635,1.575358369681611e-05,0.02767987740000001
1.1000000000000003,0.0013390099999999999,0.0013390534121116206,0.9999675800000001,-3.030000000000004e-06,0.00028449958664293363,1.7352749577802723e-05,0.028997966800000014
1.1500000000000004,0.00146047,0.0014605231922546619,0.99996358,-3.5700000000000014e-06,0.0003044199674791391,1.9024530096570832e-05,0.030316056200000014
1.2000000000000004,0.00158676,0.0015868245520227761,0.99995932,-4.129999999999998e-06,0.00032485493931907507,2.0806319101189662e-05,0.03163414560000002
1.2500000000000004,0.0017177999999999998,0.0017178776652492457,0.9999547900000001,-4.779999999999999e-06,0.00034581762129770176,2.2674481019699397e-05,0.03295223500000002
1.3000000000000003,0.0018535000000000001,0.0018535926425602752,0.99995002,-5.470000000000001e-06,0.00036725863611357016,2.4647635640827723e-05,0.03427032440000001
1.3500000000000003,0.0019937699999999997,0.001993879603561808,0.99994503,-6.240000000000006e-06,0.00038918419495144024,2.6711887264765317e-05,0.03558841380000002
1.4000000000000004,0.00213854,0.002138668683694698,0.99993983,-7.089999999999998e-06,0.000411577195675368,2.8881637618624597e-05,0.03690650320000002
1.4500000000000004,0.00228772,0.0022878699012359284,0.9999344800000001,-7.989999999999996e-06,0.0004344100915034092,3.116221988443224e-05,0.03822459260000002
1.5000000000000004,0.00244119,0.0024413634588737526,0.99992895,-8.989999999999994e-06,0.00045767077009570837,3.354170524274709e-05,0.039542682000000016
1.5500000000000005,0.0025989,0.0025990992469482714,0.9999233399999999,-1.0079999999999998e-05,0.00048133429069618553,3.603494639354439e-05,0.040860771400000016
1.6000000000000003,0.00276072,0.002760947364015426,0.99991765,-1.1259999999999996e-05,0.0005053994261967452,3.864325345887683e-05,0.042178860800000016
1.6500000000000004,0.00292657,0.002926827765721327,0.99991193,-1.2540000000000002e-05,0.0005298462463771918,4.1367295721588085e-05,0.043496950200000016
1.7000000000000004,0.0030963299999999996,0.003096620462999429,0.9999062000000001,-1.3929999999999994e-05,0.0005546629008686275,4.420497872090433e-05,0.044815039600000016
1.7500000000000004,0.0032699,0.0032702253874260494,0.9999005,-1.546e-05,0.0005798214952897146,4.716330973498387e-05,0.046133129000000016
1.8000000000000003,0.00344719,0.0034475523377506976,0.9998949,-1.709e-05,0.000605307379931881,5.0243969462592276e-05,0.047451218400000016
1.8500000000000005,0.00362808,0.0036284813100328902,0.9998893999999999,-1.887e-05,0.0006311077798601436,5.345616648246849e-05,0.04876930780000002
1.9000000000000004,0.00381247,0.0038129121834259115,0.9998840299999999,-2.0780000000000008e-05,0.0006572093289051818,5.678483655818629e-05,0.050087397200000015
1.9500000000000006,0.0040002300000000005,0.004000714606560292,0.99987887,-2.2859999999999984e-05,0.0006835999964891737,6.025060844426939e-05,0.05140548660000002
2.0000000000000004,0.00419127,0.004191798585801669,0.9998739,-2.5100000000000004e-05,0.0007102581909418559,6.384644035356481e-05,0.05272357600000002
2.0500000000000003,0.00438546,0.004386033824805299,0.9998691700000001,-2.7530000000000002e-05,0.0007371784869351515,6.758282821126463e-05,0.054041665400000015
2.1000000000000005,0.0045826800000000004,0.004583300212184713,0.99986468,-3.0119999999999996e-05,0.0007643532589058537,7.14471272250985e-05,0.05535975480000002
2.1500000000000004,0.00478283,0.004783497489239649,0.99986046,-3.2900000000000014e-05,0.0007917672578479126,7.545672296877898e-05,0.056677844200000015
2.2000000000000006,0.00498578,0.004986495362624722,0.9998565399999999,-3.59e-05,0.0008194021136169975,7.960636217061272e-05,0.05799593360000003
2.2500000000000004,0.0051914100000000005,0.0051921738726201415,0.9998528799999998,-3.911e-05,0.0008472523517819225,8.389443770836157e-05,0.05931402300000002
2.3000000000000007,0.00539962,0.005400432603093787,0.99984953,-4.255000000000002e-05,0.0008753176097851567,8.833374053335253e-05,0.06063211240000003
2.3500000000000005,0.005610260000000001,0.005611121699959462,0.9998464300000002,-4.6199999999999985e-05,0.0009035814567597108,9.291673064067378e-05,0.06195020180000002
2.400000000000001,0.00582324,0.005824150897200322,0.9998435999999999,-5.012e-05,0.0009320643240678187,9.764148605379894e-05,0.06326829120000003
2.4500000000000006,0.006038419999999999,0.006039380140654761,0.9998410200000001,-5.427e-05,0.0009607295290559167,0.00010252188434694277,0.06458638060000002
2.500000000000001,0.0062556899999999995,0.006256699518467304,0.99983865,-5.870000000000001e-05,0.0009895745371623116,0.0001075601726215737,0.06590447000000003
2.5500000000000007,0.00647491,0.006475969339064485,0.99983642,-6.339e-05,0.001018594497727137,0.00011273403689435904,0.06722255940000003
2.6000000000000005,0.00669599,0.006697099307529299,0.99983436,-6.837000000000001e-05,0.001047800423363152,0.0001180803139811561,0.06854064880000002
2.650000000000001,0.006918799999999999,0.006919960200527221,0.99983234,-7.362999999999998e-05,0.0010771954895003944,0.0001235728664929073,0.06985873820000003
2.7000000000000006,0.00714321,0.007144421979744643,0.99983036,-7.920999999999997e-05,0.0011067583261037605,0.0001292221510698693,0.07117682760000003
2.750000000000001,0.007369100000000001,0.007370365491754934,0.9998283,-8.507e-05,0.0011364900865383732,0.00013502109021750356,0.07249491700000003
2.8000000000000007,0.00759638,0.007597700936284783,0.9998261399999999,-9.126999999999999e-05,0.001166412279770751,0.0001409787121076514,0.07381300640000003
2.850000000000001,0.007824919999999999,0.007826299228713075,0.9998237700000001,-9.777e-05,0.0011965022887566888,0.00014710426352394722,0.07513109580000003
2.900000000000001,0.00805459,0.008056031304560701,0.99982109,-0.00010460000000000001,0.0012267441885739675,0.0001533679872879534,0.07644918520000003
2.950000000000001,0.00828531,0.008286817703612994,0.9998180600000001,-0.00011176999999999998,0.001257199117482985,0.0001597985575572072,0.07776727460000003
3.000000000000001,0.00851693,0.008518510013237255,0.99981452,-0.00011928000000000002,0.0012878171479678313,0.00016638316586799074,0.07908536400000003
3.0500000000000007,0.00874936,0.008751019280765826,0.9998103899999999,-0.00012713999999999998,0.0013186269159242887,0.0001731214207068543,0.08040345340000003
3.100000000000001,0.008982500000000001,0.008984246807106706,0.9998055700000001,-0.00013536,0.001349603305938454,0.00018001181965536617,0.08172154280000003
3.150000000000001,0.00921624,0.009218084077719749,0.99979995,-0.00014392000000000002,0.0013807716552710664,0.0001870622757201328,0.08303963220000003
3.2000000000000006,0.00945047,0.009452422776021298,0.9997934100000001,-0.00015283,0.001412133999873951,0.00019426465354959583,0.08435772160000003
3.250000000000001,0.00968509,0.009687164796956213,0.9997858199999999,-0.00016212999999999997,0.0014436926397956044,0.00020160934767307124,0.08567581100000003
3.3000000000000007,0.00992,0.009922212057956199,0.9997770600000001,-0.00017173999999999998,0.0014754281356948564,0.0002091071371168237,0.08699390040000003
3.3500000000000005,0.01015513,0.010157496087138538,0.99976706,-0.00018176000000000005,0.001507375698158888,0.00021675741799228137,0.08831198980000003
3.400000000000001,0.01039034,0.010392879915922654,0.9997556099999999,-0.00019210999999999998,0.0015395145449783848,0.00022455255715363973,0.08963007920000003
3.450000000000001,0.01062556,0.01062829529807791,0.9997426400000002,-0.00020286,0.0015718456424216735,0.00023248316399328975,0.09094816860000005
3.500000000000001,0.010860709999999999,0.010863664699524976,0.9997280199999999,-0.00021396,0.0016043917446808358,0.00024055590801293268,0.09226625800000003
3.5500000000000007,0.01109568,0.011098880695214888,0.99971162,-0.00022542,0.001637147906085456,0.0002487636973606847,0.09358434740000003
3.6000000000000005,0.011330419999999999,0.011333895992561958,0.99969331,-0.00023724,0.001670086379023553,0.0002571086442161546,0.09490243680000003
3.650000000000001,0.01156482,0.011568603048883016,0.99967299,-0.00024943000000000003,0.0017032437567183346,0.0002655910738159992,0.09622052620000003
3.700000000000001,0.01179881,0.011802935007755859,0.99965051,-0.00026198,0.0017366023735443888,0.000274190900547728,0.09753861560000004
3.750000000000001,0.012032310000000001,0.01203681453710422,0.99962577,-0.00027485,0.0017701946667527829,0.0002829155687076867,0.09885670500000004
3.8000000000000007,0.01226528,0.012270204032878394,0.9995987000000001,-0.00028810999999999995,0.0018039662021224231,0.0002917680932298059,0.10017479440000003
3.8500000000000005,0.01249759,0.012502977282851633,0.9995691200000001,-0.00030169,0.0018379663932727422,0.0003007276800161024,0.10149288380000003
3.9000000000000012,0.012729210000000001,0.012735107246112456,0.99953693,-0.00031562,0.0018721670577168073,0.0003098051228000211,0.10281097320000004
3.950000000000001,0.01296008,0.012966536168023422,0.99950209,-0.00032988,0.0019065575902133117,0.00031898122026234637,0.10412906260000004
4.000000000000001,0.0131901,0.01319716813931205,0.9994644200000001,-0.00034448000000000004,0.0019411748577601166,0.00032826116480972754,0.10544715200000004
4.050000000000001,0.013419259999999999,0.013426995157640367,0.99942391,-0.00035937999999999996,0.0019759741556002234,0.00033764320097362456,0.10676524140000003
4.1000000000000005,0.01364747,0.013655930805048885,0.99938043,-0.00037460000000000005,0.0020109721914039523,0.0003471112121057896,0.10808333080000003
4.150000000000001,0.013874689999999999,0.013883938230094447,0.99933389,-0.00039014000000000003,0.0020461779744684935,0.0003566748228340519,0.10940142020000004
4.200000000000001,0.01410086,0.014110960060773097,0.9992842400000002,-0.00040600000000000006,0.002081566178674124,0.0003663124828391612,0.11071950960000004
4.250000000000001,0.01432595,0.014336969107716811,0.99923142,-0.00042213,0.0021171450801492075,0.0003760351855876557,0.11203759900000004
4.300000000000001,0.01454989,0.014561898615312104,0.99917534,-0.00043854999999999995,0.002152919723724041,0.0003858189373922446,0.11335568840000003
4.350000000000001,0.01477264,0.014785711012106031,0.99911597,-0.00045524000000000004,0.002188857565260927,0.00039567085025837845,0.11467377780000006
4.400000000000001,0.01499418,0.01500838904224185,0.99905326,-0.00047220000000000004,0.0022249635522407956,0.0004055830547502753,0.11599186720000006
4.450000000000001,0.015214450000000001,0.015229875579480677,0.99898715,-0.0004894199999999999,0.002261269776652046,0.0004155437613360412,0.11730995660000004
4.500000000000001,0.01543342,0.015450142925699918,0.9989176200000001,-0.0005068900000000001,0.0022977134407057807,0.00042556312621535143,0.11862804600000004
4.550000000000001,0.01565106,0.015669163211024226,0.9988446599999999,-0.00052459,0.0023343328865009817,0.0004356112652997191,0.11994613540000004
4.600000000000001,0.01586733,0.015886899482782893,0.9987681999999999,-0.00054253,0.0023711121786199807,0.00044569374561954667,0.12126422480000006
4.650000000000001,0.01608222,0.016103342593446396,0.9986883100000001,-0.0005606900000000001,0.0024080240968063467,0.0004558076517782186,0.12258231420000006
4.700000000000001,0.01629569,0.016318455550970043,0.99860492,-0.00057906,0.0024450971988041687,0.0004659456703413448,0.12390040360000004
4.750000000000001,0.016507710000000002,0.016532209742906402,0.99851806,-0.00059763,0.0024822905273154464,0.00047609432672018843,0.12521849300000004
4.800000000000002,0.01671826,0.016744586844111523,0.99842774,-0.0006164000000000001,0.0025196496279443277,0.00048624876621805504,0.12653658240000007
4.850000000000001,0.01692733,0.01695557850245244,0.99833397,-0.0006353600000000001,0.002557133893170246,0.0004964086630383802,0.12785467180000007
4.900000000000001,0.0171349,0.01716516579197607,0.99823679,-0.0006544800000000001,0.0025947230131942787,0.0005065608370022134,0.12917276120000004
4.950000000000001,0.01734095,0.017373330065108748,0.9981362199999999,-0.0006737800000000001,0.002632450936788758,0.0005167128814923243,0.13049085060000004
5.000000000000002,0.017545480000000002,0.017580072132133678,0.99803231,-0.0006932199999999999,0.0026703106985143206,0.0005268337758344716,0.13180894
5.050000000000002,0.01774845,0.017785352650360707,0.99792511,-0.00071281,0.0027082726061089194,0.0005369295016400043,0.13207011890000003
5.100000000000001,0.01794987,0.017989182480040933,0.99781466,-0.00073251,0.002746343996079148,0.000546995095993473,0.13233129780000003
5.150000000000001,0.01814972,0.018191541808872346,0.9977010299999999,-0.00075237,0.0027845361545147844,0.0005570250348798547,0.13259247670000002
5.200000000000001,0.018348009999999998,0.018392440618802845,0.9975842999999999,-0.00077233,0.002822825225089217,0.0005670033138660664,0.1328536556
5.250000000000002,0.01854472,0.018591859660168356,0.9974645,-0.0007923800000000001,0.0028612398248311854,0.0005769321617349977,0.13311483450000003
5.300000000000002,0.01873985,0.018789797603684044,0.99734177,-0.0008125399999999999,0.0028997401628076984,0.0005867999615790652,0.13337601340000002
5.350000000000001,0.01893341,0.018986264913579673,0.99721615,-0.00083278,0.0029383638632749305,0.0005966017414124153,0.1336371923
5.400000000000001,0.01912538,0.019181240567843705,0.9970877499999999,-0.0008531,0.00297709471371,0.0006063196437493212,0.1338983712
5.450000000000002,0.019315779999999998,0.01937474373886279,0.9969566700000001,-0.0008734900000000001,0.003015925315089886,0.0006159629427806694,0.13415955010000002
5.500000000000002,0.019504590000000002,0.019566753576111304,0.9968230000000001,-0.0008939600000000001,0.0030548698850851167,0.0006255193518996974,0.13442072900000002
5.550000000000002,0.01969183,0.019757289059821437,0.99668684,-0.0009144599999999999,0.003093926715874185,0.0006349745609309721,0.1346819079
5.600000000000001,0.01987751,0.019946358646677147,0.99654831,-0.00093501,0.003133094738816558,0.0006443203931918743,0.13494308680000003
5.650000000000001,0.02006162,0.02013395041149528,0.9964075400000001,-0.0009556,0.0031723692916493834,0.0006535634908090756,0.13520426570000002
5.700000000000002,0.02024417,0.020320072787085974,0.9962646399999999,-0.0009762099999999999,0.0032117684187375575,0.0006626757050838835,0.1354654446
5.750000000000002,0.020425159999999998,0.0205047242765631,0.9961197100000001,-0.00099684,0.0032512951602092282,0.0006716571990156232,0.13572662350000003
5.800000000000002,0.02060462,0.020687932164741307,0.9959729100000001,-0.0010174999999999997,0.0032909678231486847,0.0006805003390640478,0.13598780240000002
5.850000000000001,0.020782540000000002,0.02086968470764633,0.9958243400000001,-0.00103814,0.003330764147639394,0.0006891873942753312,0.13624898130000002
5.900000000000002,0.02095895,0.02105000875939164,0.99567417,-0.00105878,0.003370675778475291,0.0006977363303881647,0.1365101602
5.950000000000002,0.02113383,0.021228882747077696,0.99552248,-0.00107941,0.0034107642377332386,0.0007060961952995717,0.13677133910000003
6.000000000000002,0.02130721,0.02140633309571637,0.9953694500000001,-0.00110005,0.003450971299764738,0.0007142785205028245,0.13703251800000002
6.050000000000002,0.021479110000000003,0.021582377142326834,0.99521521,-0.00112065,0.0034913562442122716,0.0007222668623387517,0.1372936969
6.100000000000001,0.02164952,0.02175700220171675,0.9950598799999999,-0.00114121,0.0035319077480308017,0.0007300550495824062,0.1375548758
6.150000000000002,0.02181847,0.021930234589655682,0.99490363,-0.0011617199999999998,0.003572618696166722,0.0007376171604897398,0.13781605470000002
6.200000000000002,0.021985960000000002,0.0221020716864598,0.99474657,-0.00118221,0.0036134984400439402,0.0007449491547764489,0.13807723360000002
6.250000000000002,0.02215201,0.022272529328902207,0.99458888,-0.00120263,0.0036545607125070493,0.0007520179440381803,0.1383384125
6.300000000000002,0.02231663,0.02244161498399496,0.99443066,-0.0012230099999999999,0.003695809839101576,0.0007588248490477597,0.13859959140000003
6.350000000000001,0.02247982,0.02260932417402967,0.9942720899999999,-0.0012433200000000002,0.0037372608296719085,0.0007653300441640624,0.13886077030000002
6.400000000000001,0.02264161,0.022775684074957732,0.99411328,-0.00126354,0.0037788735966687264,0.0007715243739817385,0.1391219492
6.450000000000002,0.022802009999999998,0.022940700066917556,0.99395441,-0.0012836800000000002,0.0038207271435683546,0.0007773684951977981,0.1393831281
6.500000000000002,0.02296103,0.023104378807875588,0.9937956,-0.00130375,0.003862753340093051,0.0007828483135237179,0.13964430700000002
6.550000000000002,0.023118680000000003,0.023266726412832117,0.9936369899999999,-0.00132373,0.0039049990131880905,0.0007879162056108779,0.13990548590000002
6.600000000000001,0.023274970000000002,0.023427749146229818,0.99347871,-0.00134359,0.003947456217008613,0.0007925410603876189,0.1401666648
6.650000000000001,0.0234299,0.023587443364726214,0.9933208799999999,-0.0013633699999999998,0.0039901024563537175,0.0007966725835235816,0.1404278437
6.700000000000001,0.023583499999999997,0.023745833881623282,0.99316369,-0.00138302,0.0040329738570935485,0.0008002685824915934,0.14068902260000002
6.750000000000002,0.02373577,0.023902917605141703,0.99300723,-0.0014025699999999997,0.0040760641532488215,0.0008032576289017126,0.1409502015
6.800000000000002,0.0238867,0.024058680833483267,0.99285161,-0.0014219699999999998,0.004119357061217194,0.0008055657439699216,0.1412113804
6.850000000000001,0.02403632,0.024213148868316804,0.99269699,-0.0014412700000000001,0.004162849535162185,0.0008071237512327218,0.14147255930000002
6.900000000000002,0.024184639999999997,0.024366328012149153,0.99254348,-0.00146042,0.004206571154039829,0.0008078350450793528,0.14173373820000001
6.950000000000001,0.02433164,0.02451819378770999,0.99239121,-0.0014794300000000001,0.00425045937202086,0.0008075813075346998,0.1419949171
7.000000000000002,0.02447736,0.024668782847638477,0.99224028,-0.00149829,0.004294548087959898,0.0008062316256582556,0.142256096
7.050000000000002,0.02462177,0.024818061008125468,0.9920907999999999,-0.00151701,0.004338818723270195,0.0008036174484000276,0.14251727490000002
7.100000000000001,0.024764869999999998,0.024966024756708262,0.9919428600000001,-0.00153556,0.004383274706403879,0.0007995709896098097,0.1427784538
7.150000000000002,0.02490669,0.025112699519236104,0.9917966,-0.00155394,0.004427874477285919,0.0007938477613850641,0.1430396327
7.200000000000001,0.02504721,0.02525806228329597,0.99165208,-0.00157216,0.00447264160940713,0.0007861936667539863,0.14330081160000002
7.250000000000002,0.02518642,0.02540209906229835,0.9915094,-0.0015901899999999998,0.004517546827914459,0.0007762880243691185,0.14356199050000001
7.300000000000002,0.02532433,0.02554481599206495,0.99136866,-0.0016080400000000003,0.0045625640827718856,0.0007637707406569174,0.1438231694
7.350000000000001,0.02546093,0.025686200288286297,0.99122991,-0.00162574,0.004607711864363922,0.0007482140079505013,0.1440843483
7.400000000000002,0.02559622,0.025826247933784234,0.9910932499999999,-0.00164323,0.004652943746726365,0.0007291359752322151,0.14434552720000002
7.450000000000001,0.025730169999999997,0.02596492616766115,0.99095872,-0.0016605199999999997,0.004698243435838544,0.0007060010168663053,0.1446067061
7.500000000000002,0.02586279,0.026102241786272976,0.9908263899999998,-0.0016776200000000001,0.004743627230063511,0.0006782415252544213,0.144867885
7.5500000000000025,0.02599407,0.02623818058643115,0.9906963599999999,-0.0016944899999999999,0.004789021796045626,0.0006452938843828149,0.14512906390000002
7.600000000000001,0.026124,0.02637273125005716,0.9905686200000001,-0.0017112,0.0048344474772821795,0.0006066363833371685,0.1453902428
7.650000000000002,0.026252570000000003,0.026505879534120112,0.99044327,-0.0017276799999999999,0.004879869711477963,0.0005618607249400925,0.1456514217
7.700000000000001,0.026379740000000002,0.026637584627041914,0.99032027,-0.00174392,0.00492526165755688,0.0005107263357015262,0.1459126006
7.750000000000002,0.02650553,0.026767862007315815,0.99019974,-0.00175996,0.004970614790124059,0.00045324431921735947,0.14617377950000002
7.8000000000000025,0.02662991,0.026896680421289693,0.99008166,-0.0017758000000000001,0.005015890312397193,0.0003896552494299357,0.1464349584
7.850000000000001,0.02675288,0.02702403729857125,0.9899660700000001,-0.0017913999999999999,0.0050610744336553595,0.00032045235516007755,0.1466961373
7.900000000000002,0.026874389999999998,0.027149880927769314,0.98985296,-0.00180677,0.005106149284304171,0.00024632575294930705,0.14695731620000002
7.950000000000001,0.02699447,0.02727423795045824,0.98974241,-0.00182192,0.005151074131654481,0.00016809542897687664,0.1472184951
8.000000000000002,0.02711306,0.027397048212807085,0.98963435,-0.0018368299999999998,0.0051958367287473555,8.661990728400603e-05,0.147479674
8.050000000000002,0.02723018,0.027518329380239778,0.98952882,-0.0018515100000000002,0.005240417927627526,2.7472915405826784e-06,0.1477408529
8.100000000000001,0.02734578,0.027638030336767344,0.9894257900000001,-0.00186594,0.005284807411325405,-8.270297987194023e-05,0.14800203180000002
8.150000000000002,0.02745988,0.027756168774820573,0.9893253000000001,-0.0018801399999999998,0.00532894346076218,-0.0001690287313139884,0.1482632107
8.200000000000001,0.027572430000000002,0.027872693890749943,0.98922731,-0.0018940900000000002,0.005372836437283383,-0.0002555887461879222,0.1485243896
8.250000000000002,0.027683430000000002,0.02798760432153522,0.9891318200000001,-0.0019078100000000002,0.005416475436185415,-0.0003418636199960932,0.14878556850000002
8.300000000000002,0.02779288,0.02810089958048157,0.9890388,-0.00192127,0.005459807671246299,-0.0004274196683536603,0.1490467474
8.350000000000001,0.02790074,0.028212538771746815,0.9889482199999999,-0.0019344999999999996,0.005502833258985767,-0.0005118978804456955,0.1493079263
8.400000000000002,0.02800701,0.028322520041004787,0.9888601000000001,-0.00194747,0.005545546787666655,-0.0005950153149890784,0.1495691052
8.450000000000003,0.02811167,0.02843082448487868,0.98877435,-0.0019601999999999996,0.00558791956146471,-0.0006765779655320397,0.14983028410000002
8.500000000000002,0.028214709999999997,0.028537440196557264,0.98869099,-0.0019726799999999997,0.005629931562425958,-0.0007564174362599307,0.150091463
8.550000000000002,0.02831612,0.02864235788846754,0.98860995,-0.00198488,0.0056715639943493495,-0.0008344412270751017,0.1503526419
8.600000000000001,0.02841589,0.02874556716065208,0.9885312,-0.00199686,0.005712824689205858,-0.0009105872091079352,0.1506138208
8.650000000000002,0.02851402,0.028847066887453036,0.98845474,-0.0020085800000000003,0.005753718242684467,-0.0009848308724277716,0.1508749997
8.700000000000003,0.028610470000000002,0.028946818425094945,0.9883804700000002,-0.0020200500000000007,0.005794188074217127,-0.0010571850911098258,0.1511361786
8.750000000000002,0.02870526,0.029044841246818127,0.9883083799999999,-0.0020312399999999993,0.005834271654954032,-0.0011276862732807905,0.1513973575
8.800000000000002,0.02879838,0.02914112568098698,0.9882384200000001,-0.0020421999999999997,0.005873925904588858,-0.0011963888477439582,0.15165853640000002
8.850000000000001,0.02888983,0.029235672510897485,0.98817053,-0.0020529100000000002,0.005913172645864485,-0.001263392442798382,0.1519197153
8.900000000000002,0.02897959,0.029328461433863463,0.9881046800000001,-0.00206336,0.005952018413126761,-0.0013287718846697275,0.1521808942
8.950000000000003,0.029067680000000002,0.029419513552279286,0.98804081,-0.0020735600000000003,0.005990430828479696,-0.0013926415685098445,0.15244207310000002
9.000000000000002,0.02915408,0.029508809231922138,0.98797887,-0.0020835100000000002,0.006028438834142719,-0.00145512742716813,0.152703252
9.050000000000002,0.02923882,0.029596379184273464,0.9879188200000001,-0.00209321,0.0060660341929633065,-0.0015163541925827771,0.1529644309
9.100000000000001,0.02932187,0.029682194927569593,0.9878605699999999,-0.0021026600000000006,0.006103223910377202,-0.0015764809239333746,0.1532256098
9.150000000000002,0.02940326,0.029766286655420852,0.9878040999999999,-0.0021118400000000002,0.006140006354312673,-0.0016356218016099885,0.15348678870000002
9.200000000000003,0.02948299,0.029848655430651513,0.98774935,-0.0021208,0.006176403390534008,-0.0016939462468587615,0.1537479676
9.250000000000002,0.02956106,0.02992930296059444,0.9876962400000001,-0.00212949,0.0062124183759466765,-0.001751600280456922,0.1540091465
9.300000000000002,0.029637490000000002,0.03000824972752854,0.98764474,-0.0021379599999999995,0.006248050060010726,-0.001808728135823233,0.15427032540000002
9.350000000000003,0.02971227,0.030085487695378214,0.98759476,-0.0021461500000000003,0.00628333382148363,-0.0018654990770344089,0.1545315043
9.400000000000002,0.029785449999999998,0.03016106779482849,0.9875462700000001,-0.0021541099999999994,0.006318260515790713,-0.0019220480063205157,0.1547926832
9.450000000000003,0.029857039999999998,0.030235000790836054,0.9874992300000001,-0.0021618300000000004,0.006352851374225597,-0.0019785374891169005,0.1550538621
9.500000000000002,0.02992701,0.0303072594242208,0.98745352,-0.0021692900000000004,0.006387126964856733,-0.0020351090893226988,0.155315041
9.550000000000002,0.02999541,0.03037789442333691,0.98740912,-0.00217652,0.006421095097598227,-0.0020919118614011263,0.1555762199
9.600000000000003,0.03006226,0.03044692770247012,0.98736596,-0.00218351,0.006454796524229092,-0.0021490787722056167,0.1558373988
9.650000000000002,0.030127590000000003,0.030514390412873585,0.987324,-0.0021902600000000003,0.006488219560865679,-0.002206745901287026,0.1560985777
9.700000000000003,0.030191390000000005,0.030580275076914618,0.9872831399999998,-0.0021967499999999995,0.006521403719737033,-0.002265049587653905,0.1563597566
9.750000000000002,0.0302537,0.030644623036910026,0.98724334,-0.0022030100000000005,0.0065543656570716275,-0.0023241143701329104,0.1566209355
9.800000000000002,0.03031453,0.03070744651776918,0.98720452,-0.0022090499999999997,0.00658712704682398,-0.0023840537934381643,0.1568821144
9.850000000000003,0.03037393,0.030768797049300613,0.9871666399999999,-0.00221482,0.006619711814678949,-0.0024449817787389272,0.15714329330000001
9.900000000000002,0.030431899999999998,0.030828676785121696,0.9871296199999999,-0.00222034,0.0066521344604419975,-0.0025070003436452296,0.1574044722
9.950000000000003,0.030488499999999998,0.030887147439398396,0.9870934199999999,-0.00222564,0.006684437733272708,-0.0025702116689352026,0.1576656511
10.000000000000004,0.03054371,0.03094419189763259,0.9870579300000001,-0.0022307000000000004,0.006716631468466918,-0.002634704077341817,0.15792683000000002
10.050000000000002,0.03059759,0.03099987192802406,0.98702311,-0.00223554,0.006748745529000188,-0.002700563483360223,0.15820833410000001
10.100000000000003,0.03065016,0.031054210053511444,0.98698888,-0.00224011,0.006780811139104232,-0.00276785624342634,0.1584898382
10.150000000000002,0.030701449999999998,0.031107238639825955,0.98695517,-0.00224444,0.0068128605865965,-0.002836656396370406,0.1587713423
10.200000000000003,0.03075149,0.03115898944509218,0.98692193,-0.00224854,0.006844898422869401,-0.0029070274193561036,0.1590528464
10.250000000000004,0.03080029,0.0312094761940005,0.98688904,-0.0022523999999999995,0.0068769847079661285,-0.002979010420855568,0.1593343505
10.300000000000002,0.03084791,0.03125876013906298,0.9868564799999999,-0.0022560099999999997,0.006909126643838566,-0.003052659222614725,0.1596158546
10.350000000000003,0.03089438,0.03130687468481593,0.98682415,-0.0022593700000000006,0.006941366595145366,-0.0031280058458695035,0.15989735870000002
10.400000000000002,0.030939710000000002,0.03135383235840478,0.98679197,-0.0022625,0.0069737268277299215,-0.0032050817974083037,0.16017886280000002
10.450000000000003,0.030983919999999998,0.03139965679389279,0.98675983,-0.0022653799999999996,0.007006233187869214,-0.0032839004663778146,0.1604603669
10.500000000000004,0.031027080000000002,0.03144441977254718,0.9867277000000001,-0.0022679999999999996,0.007038931396156666,-0.0033644805115125654,0.160741871
10.550000000000002,0.031069199999999998,0.03148813419629597,0.9866954899999999,-0.00227038,0.0070718508930123795,-0.003446827626746401,0.1610233751
10.600000000000003,0.0311103,0.0315308250369769,0.9866630500000001,-0.00227252,0.007105015438266128,-0.003530946118403727,0.1613048792
10.650000000000004,0.031150410000000003,0.03157252359001524,0.98663035,-0.0022743999999999998,0.007138444009404285,-0.003616825833157504,0.16158638330000002
10.700000000000005,0.03118959,0.031613292847785156,0.98659732,-0.0022760199999999997,0.007172181126658751,-0.003704437400460369,0.16186788740000002
10.750000000000005,0.03122784,0.03165313724965101,0.98656382,-0.00227742,0.007206278313734493,-0.0037937839327270837,0.16214939150000002
10.800000000000008,0.03126517,0.03169207107110772,0.98652972,-0.0022785600000000002,0.00724075298581577,-0.003884826914180723,0.16243089560000004
10.850000000000009,0.031301640000000006,0.03173015575345035,0.986495,-0.0022794399999999998,0.007275606906217518,-0.003977540971096178,0.16271239970000004
10.900000000000011,0.031337279999999995,0.0317674261991004,0.9864595199999999,-0.00228006,0.007310908831438122,-0.004071867481304102,0.16299390380000006
10.95000000000001,0.031372090000000005,0.03180388563050597,0.9864231800000001,-0.00228046,0.007346669241785696,-0.004167775640927018,0.16327540790000006
11.000000000000012,0.0314061,0.03183956769535265,0.9863858800000002,-0.00228058,0.007382939686506993,-0.004265221354849502,0.16355691200000005
11.050000000000013,0.03143935,0.03187451684117413,0.9863474999999999,-0.0022804800000000005,0.007419728124682196,-0.004364147421374158,0.16383841610000008
11.100000000000016,0.03147183,0.03190872651708276,0.9863079299999999,-0.00228011,0.007457080579100643,-0.004464478318014653,0.16411992020000007
11.150000000000016,0.03150359,0.03194225101667696,0.9862670600000001,-0.0022794899999999995,0.00749500490538866,-0.004566178865426008,0.1644014243000001
11.200000000000017,0.031534629999999994,0.03197509492638468,0.98622475,-0.0022786599999999996,0.007533571201296241,-0.004669170521070502,0.1646829284000001
11.250000000000018,0.03156498,0.03200729131932506,0.98618092,-0.00227755,0.007572755263205067,-0.004773372368983345,0.1649644325000001
11.300000000000018,0.03159464,0.03203884545632532,0.9861354099999999,-0.0022762499999999996,0.007612635374651796,-0.004878721838315289,0.1652459366000001
11.350000000000021,0.03162363,0.032069781269343164,0.98608811,-0.00227468,0.007653188670521588,-0.004985142679543047,0.1655274407000001
11.400000000000022,0.03165197,0.03210012270205442,0.98603891,-0.00227288,0.0076944854237564145,-0.005092542422688109,0.1658089448000001
11.450000000000022,0.03167967,0.03212988487097292,0.98598766,-0.0022708700000000004,0.007736531109302157,-0.005200853003884984,0.16609044890000013
11.500000000000023,0.03170673,0.03215907211173711,0.98593423,-0.0022686299999999998,0.007779350649546526,-0.005309987966805157,0.16637195300000013
11.550000000000026,0.03173314,0.032187678952075305,0.9858784800000001,-0.0022662,0.007822969454113954,-0.00541984176164732,0.16665345710000015
11.600000000000026,0.03175895,0.03221575915578612,0.98582032,-0.00226356,0.007867413711519179,-0.005530349454958716,0.16693496120000015
11.650000000000029,0.03178413,0.0322432886169524,0.9857595599999999,-0.00226072,0.007912703320092323,-0.005641416268824374,0.16721646530000017
11.700000000000028,0.03180869,0.03227028119792988,0.9856960900000001,-0.00225769,0.007958882751002176,-0.005752928219842702,0.16749796940000014
11.75000000000003,0.03183262,0.03229673178699474,0.98562976,-0.0022544900000000005,0.008005961994838594,-0.005864816390718739,0.16777947350000016
11.800000000000031,0.031855930000000005,0.03232265524296668,0.9855604300000002,-0.0022511,0.008053958262717782,-0.005976979739587176,0.16806097760000016
11.850000000000033,0.031878619999999996,0.03234805530202352,0.98548799,-0.00224759,0.008102881853698719,-0.006089322290547377,0.16834248170000018
11.900000000000034,0.031900660000000004,0.03237290755850754,0.9854122600000002,-0.0022439200000000004,0.008152780264302478,-0.006201748961968156,0.16862398580000018
11.950000000000035,0.03192207,0.03239723572070254,0.9853331399999999,-0.00224012,0.00820366630402529,-0.006314157676830484,0.1689054899000002
12.000000000000036,0.031942830000000005,0.032421024879084805,0.98525047,-0.00223619,0.008255561019724819,-0.006426475771138114,0.1691869940000002
12.050000000000036,0.03196292,0.03244425979387597,0.9851640999999998,-0.00223217,0.008308498189745245,-0.006538583244356764,0.1694684981000002
12.100000000000039,0.03198235,0.032466953369338414,0.98507395,-0.0022280399999999997,0.008362488507567588,-0.006650391051152456,0.16975000220000022
12.15000000000004,0.03200106,0.03248905238959268,0.9849797900000001,-0.0022238800000000006,0.008417559858284348,-0.006761809437883505,0.17003150630000022
12.20000000000004,0.03201911,0.03251061886536026,0.9848815899999999,-0.00221963,0.008473733113616454,-0.0068727440979282385,0.17031301040000021
12.25000000000004,0.03203641,0.03253156844894176,0.98477914,-0.0022153400000000005,0.00853102929395978,-0.00698310069394643,0.17059451450000024
12.300000000000043,0.03205299,0.032551934330725,0.9846723599999999,-0.00221106,0.008589466117076202,-0.007092783246978531,0.17087601860000023
12.350000000000044,0.03206882,0.032571691412261676,0.9845610900000001,-0.00220677,0.008649112001806892,-0.007201710706061712,0.17115752270000026
12.400000000000045,0.03208386,0.03259080276706509,0.98444522,-0.00220248,0.008709923402361241,-0.007309780551041495,0.17143902680000025
12.450000000000045,0.03209812,0.032609281907143135,0.9843246499999999,-0.0021982699999999996,0.008771984836614797,-0.007416904181493559,0.17172053090000025
12.500000000000048,0.03211156,0.03262709253233022,0.9841992500000001,-0.00219409,0.008835314005466926,-0.007522990055995212,0.17200203500000028
12.55000000000005,0.03212416,0.032644218637985806,0.9840688900000001,-0.0021899999999999997,0.008899896072943784,-0.0076279736271833275,0.17228353910000027
12.60000000000005,0.03213593,0.032660672034021156,0.98393352,-0.00218603,0.00896580747045128,-0.007731742030363213,0.17256504320000027
12.650000000000052,0.0321468,0.032676387187438434,0.9837929700000001,-0.00218217,0.00903304033504777,-0.007834226325234513,0.1728465473000003
12.700000000000053,0.032156779999999996,0.03269137619039379,0.9836471800000001,-0.0021784499999999997,0.00910161800203678,-0.00793534827321691,0.1731280514000003
12.750000000000055,0.03216584,0.03270561178156232,0.98349605,-0.00217494,0.009171604900430461,-0.0080350184928122,0.1734095555000003
12.800000000000054,0.03217396,0.03271907616850538,0.9833395,-0.0021716,0.009242974067084674,-0.008133158147488311,0.1736910596000003
12.850000000000056,0.032181119999999994,0.03273175152664455,0.98317745,-0.00216847,0.009315788275921683,-0.008229696974706444,0.1739725637000003
12.900000000000057,0.03218728,0.032743600318125,0.9830098000000002,-0.00216558,0.009390065099422909,-0.008324559290370738,0.17425406780000033
12.950000000000058,0.03219245,0.03275463416346463,0.9828364999999999,-0.0021629600000000002,0.00946580692593084,-0.00841768812165917,0.17453557190000032
13.000000000000059,0.03219659,0.03276481444989357,0.9826574800000001,-0.0021606199999999994,0.009543023835294559,-0.008508989786110449,0.17481707600000032
13.050000000000061,0.03219969,0.032774132044585055,0.9824727,-0.00215857,0.009621776077315451,-0.008598411340203905,0.17509858010000035
13.100000000000064,0.03220173,0.032782567932546386,0.9822821099999999,-0.00215687,0.009702047896645324,-0.008685883341294871,0.17538008420000037
13.150000000000063,0.03220268,0.03279009387399345,0.9820856299999999,-0.002155490000000001,0.009783845665248396,-0.008771348184891146,0.17566158830000034
13.200000000000063,0.03220253,0.03279669960761628,0.9818832500000001,-0.00215447,0.009867187945884079,-0.00885474248834715,0.17594309240000036
13.250000000000066,0.032201270000000004,0.03280237583331175,0.9816749300000001,-0.0021538499999999997,0.009952093148920987,-0.008936014474637028,0.17622459650000039
13.300000000000068,0.032198859999999996,0.03280708264375312,0.98146063,-0.0021535999999999994,0.010038546360614173,-0.009015102880363283,0.17650610060000038
13.350000000000067,0.03219532,0.03281083920344614,0.9812403700000001,-0.00215379,0.010126548290103584,-0.009091966578515917,0.17678760470000038
13.40000000000007,0.0321906,0.03281359531108069,0.9810141099999999,-0.00215441,0.010216088722167602,-0.009166542712764408,0.1770691088000004
13.45000000000007,0.032184710000000005,0.032815360520792675,0.9807818500000001,-0.0021554499999999997,0.010307170481494904,-0.009238796424359833,0.1773506129000004
13.500000000000073,0.03217764,0.03281612362775098,0.9805436,-0.00215696,0.010399771068739919,-0.009308691665758857,0.17763211700000042
13.550000000000072,0.032169359999999994,0.03281585364715381,0.98029935,-0.0021589299999999994,0.010493876996992104,-0.009376175436824875,0.17791362110000042
13.600000000000074,0.032159850000000004,0.03281452972932203,0.9800490900000001,-0.0021614000000000004,0.0105894690192946,-0.009441219446635157,0.17819512520000041
13.650000000000077,0.03214912,0.03281215890431702,0.97979289,-0.0021643400000000003,0.010686496861123386,-0.009503784737228663,0.17847662930000044
13.700000000000077,0.03213716,0.032808731103400206,0.9795307200000001,-0.0021677800000000002,0.010784960938705348,-0.009563857267837596,0.17875813340000044
13.750000000000076,0.03212396,0.03280423252327419,0.9792626600000001,-0.0021717199999999994,0.010884798700692623,-0.00962139077989979,0.17903963750000043
13.800000000000079,0.03210949,0.03279863189432115,0.9789887,-0.0021761899999999997,0.01098600061155105,-0.009676373504598454,0.17932114160000046
13.850000000000081,0.03209376,0.03279193673207567,0.9787088899999999,-0.0021811400000000002,0.011088488393257222,-0.00972878972472851,0.17960264570000045
13.90000000000008,0.032076770000000004,0.03278414363190247,0.9784233,-0.00218664,0.011192255139970679,-0.00977860894425865,0.17988414980000045
13.950000000000081,0.03205849,0.0327752208232278,0.9781319300000001,-0.00219264,0.011297204218699418,-0.0098258379126742,0.18016565390000044
14.000000000000083,0.03203893,0.032765174348916404,0.9778348699999999,-0.00219917,0.011403321214269117,-0.009870449666664657,0.18044715800000047
14.050000000000086,0.03201806,0.03275397097932818,0.97753216,-0.00220622,0.011510545830680665,-0.009912456405501884,0.1807286621000005
14.100000000000085,0.03199589,0.03274161867297076,0.97722383,-0.00221377,0.011618783704915073,-0.009951850706075517,0.1810101662000005
14.150000000000087,0.03197242,0.03272811143855399,0.9769100199999999,-0.00222185,0.01172800496741879,-0.009988622695828103,0.18129167030000048
14.200000000000088,0.031947630000000005,0.03271342712096575,0.9765907399999998,-0.0022304600000000005,0.011838142670757099,-0.010022791273457883,0.1815731744000005
14.25000000000009,0.03192151,0.03269755206585336,0.97626605,-0.0022395399999999995,0.01194912408524574,-0.010054367372773026,0.1818546785000005
14.30000000000009,0.031894070000000004,0.03268049071410496,0.97593608,-0.0022491499999999997,0.01206087140170229,-0.0100833554401891,0.1821361826000005
14.350000000000092,0.031865290000000004,0.03266222041524462,0.97560085,-0.00225923,0.012173339185925936,-0.010109784116080281,0.18241768670000053
14.400000000000095,0.03183516,0.03264272569152731,0.9752604699999999,-0.0022697999999999998,0.012286444422224024,-0.010133662537272527,0.18269919080000052
14.450000000000095,0.031803670000000006,0.03262199235192819,0.9749150100000001,-0.0022808599999999996,0.012400110812658084,-0.010155027571222995,0.18298069490000055
14.500000000000094,0.03177082,0.03260001641348453,0.9745645399999999,-0.00229239,0.01251427993047144,-0.010173899607927897,0.18326219900000054
14.550000000000097,0.031736589999999995,0.03257677232269094,0.9742091600000001,-0.00230438,0.012628880104150177,-0.010190318248974846,0.18354370310000054
14.6000000000001,0.031701,0.03255227486553126,0.97384899,-0.00231681,0.01274382819971298,-0.010204317830559993,0.18382520720000056
14.650000000000098,0.03166399,0.03252645998668391,0.97348405,-0.0023296799999999998,0.01285908266224305,-0.010215939234504387,0.18410671130000056
14.7000000000001,0.03162558,0.03249934136732462,0.9731144899999999,-0.0023429699999999998,0.01297454742102398,-0.010225223652264774,0.18438821540000058
14.750000000000101,0.031585760000000004,0.032470904184414506,0.97274039,-0.00235668,0.013090150512381436,-0.010232222146923913,0.18466971950000058
14.800000000000104,0.031544489999999994,0.03244110371263042,0.9723618000000002,-0.0023708,0.013205867010953888,-0.010236994653355768,0.1849512236000006
14.850000000000103,0.031501799999999996,0.032409963809192685,0.97197887,-0.00238531,0.013321569956885711,-0.010239597858242567,0.1852327277000006
14.900000000000105,0.03145763,0.03237741805281824,0.97159168,-0.0024001899999999995,0.013437228245140438,-0.010240096713175134,0.1855142318000006
14.950000000000106,0.031412,0.032343481929659995,0.9712003199999999,-0.00241541,0.013552779444925674,-0.01023854082379343,0.1857957359000006
15.000000000000108,0.03136486,0.03230809848928552,0.9708048899999999,-0.002431,0.013668169125416909,-0.010235027159440984,0.18607724000000053
15.050000000000107,0.0313162,0.03227125288433559,0.9704054599999998,-0.00244694,0.013783316393655053,-0.01022963698093887,0.1863180936000005
15.10000000000011,0.03126602,0.032232937535945146,0.97000219,-0.00246319,0.013898171651631014,-0.010222426889998228,0.18655894720000055
15.150000000000112,0.031214279999999997,0.032193107240544826,0.96959513,-0.00247973,0.014012678040995591,-0.010213503622601545,0.18679980080000055
15.200000000000113,0.031160970000000003,0.032151744991440794,0.9691844099999999,-0.0024966,0.014126776756918041,-0.01020297054320243,0.18704065440000056
15.250000000000112,0.03110604,0.032108794770903795,0.96877009,-0.0025137300000000005,0.01424040202252028,-0.010190925943097498,0.18728150800000054
15.300000000000114,0.031049510000000002,0.03206427074179791,0.96835229,-0.00253112,0.014353544124905184,-0.010177486112793349,0.18752236160000055
15.350000000000117,0.03099131,0.0320180950896195,0.9679310999999999,-0.00254878,0.014466123889867672,-0.01016276551464306,0.18776321520000055
15.400000000000116,0.030931439999999998,0.03197026186756221,0.9675066199999999,-0.00256665,0.014578100145307004,-0.010146906837821582,0.18800406880000056
15.450000000000118,0.03086986,0.03192072341228476,0.96707896,-0.0025847700000000006,0.014689404277491998,-0.010130044286993349,0.18824492240000057
15.500000000000119,0.030806530000000002,0.03186943394306535,0.9666481699999999,-0.0026031200000000004,0.014800036047597994,-0.010112347881321282,0.18848577600000058
15.550000000000122,0.030741449999999997,0.03181638568003127,0.9662144,-0.0026216399999999997,0.014909904005230882,-0.010093970859491623,0.18872662960000058
15.60000000000012,0.03067456,0.031761511991838284,0.9657777000000001,-0.00264036,0.015019018422673303,-0.010075114955034749,0.1889674832000006
15.650000000000123,0.030605840000000002,0.03170478622745008,0.96533816,-0.0026592300000000003,0.015127298543996538,-0.010055988878490189,0.1892083368000006
15.700000000000124,0.030535239999999998,0.03164614992815443,0.9648958900000001,-0.0026782999999999998,0.015234722435403933,-0.010036806002982795,0.1894491904000006
15.750000000000126,0.03046275,0.03158558665158907,0.96445098,-0.0026974999999999994,0.015341265181288012,-0.01001783709725446,0.1896900440000006
15.800000000000125,0.03038831,0.03152303001070141,0.96400346,-0.00271683,0.015446877419485139,-0.009999364804720752,0.18993089760000062
15.850000000000128,0.03031189,0.031458441340660025,0.9635534599999999,-0.0027362899999999997,0.015551530482322324,-0.009981702594817708,0.19017175120000063
15.90000000000013,0.03023345,0.031391773154107,0.96310106,-0.00275587,0.015655202985269793,-0.009965206749090422,0.19041260480000063
15.95000000000013,0.030152949999999998,0.03132297981767508,0.9626462800000001,-0.00277555,0.015757846693447687,-0.009950287920803588,0.19065345840000064
16.00000000000013,0.03007034,0.03125200259466636,0.9621892200000001,-0.00279534,0.01585947009015749,-0.009937393980758978,0.19089431200000065
16.050000000000132,0.02998559,0.031178803755070664,0.96172997,-0.0028152100000000003,0.01596000495404059,-0.009927033853250482,0.19113516560000066
16.100000000000133,0.02989865,0.031103326952702237,0.96126855,-0.00283516,0.016059465920764623,-0.009919792405180894,0.19137601920000064
16.150000000000137,0.02980949,0.031025534264208954,0.96080505,-0.00285518,0.01615780571021325,-0.009916310171530761,0.19161687280000067
16.200000000000134,0.029718050000000003,0.03094535774181198,0.96033952,-0.0028752700000000005,0.016255005178651902,-0.009917307937782765,0.19185772640000065
16.25000000000014,0.029624289999999998,0.030862750128530153,0.95987201,-0.0028954000000000002,0.016351051632748272,-0.009923613164180708,0.19209858000000068
16.30000000000014,0.029528190000000003,0.030777684908640593,0.95940257,-0.002915600000000001,0.01644593105716426,-0.00993607614456644,0.19233943360000066
16.35000000000014,0.029429660000000003,0.030690062824525355,0.9589312400000001,-0.00293583,0.016539635592339997,-0.009955665929035544,0.19258028720000067
16.40000000000014,0.029328680000000003,0.030599858080380862,0.95845804,-0.0029561099999999996,0.01663213109608627,-0.009983387658716942,0.19282114080000068
16.45000000000014,0.0292252,0.03050701189866576,0.95798304,-0.0029764,0.016723408325739108,-0.010020254868839696,0.19306199440000069
16.500000000000146,0.02911917,0.030411467288072536,0.9575062499999999,-0.00299675,0.016813488136992873,-0.010067293774984973,0.1933028480000007
16.550000000000143,0.02901055,0.03031317661638031,0.9570277100000001,-0.00301711,0.01690231728328989,-0.010125458266325235,0.1935437016000007
16.600000000000144,0.028899300000000003,0.03021209277398725,0.95654744,-0.0030375,0.016989920593687313,-0.010195573105312746,0.1937845552000007
16.650000000000148,0.02878535,0.030108137471132335,0.9560654500000001,-0.00305792,0.017076264452619602,-0.010278299761175669,0.19402540880000071
16.70000000000015,0.028668680000000002,0.03000128455780994,0.95558175,-0.00307835,0.01716137555526946,-0.010374104152923355,0.19426626240000072
16.75000000000015,0.028549230000000002,0.029891464984926445,0.9550963800000001,-0.0030988,0.01724523758369829,-0.010483174906261347,0.19450711600000073
16.80000000000015,0.02842696,0.029778632060929056,0.9546093299999999,-0.0031193099999999997,0.017327839864974517,-0.010605493227222769,0.19474796960000074
16.85000000000015,0.02830183,0.02966273834080578,0.9541206099999999,-0.0031397999999999994,0.017409191691873577,-0.010740805119112866,0.19498882320000074
16.900000000000155,0.02817377,0.02954370634536755,0.95363018,-0.00316034,0.017489283501321604,-0.010888674770117115,0.19522967680000075
16.950000000000152,0.02804278,0.029421528120184722,0.95313812,-0.0031809100000000003,0.017568150372386956,-0.0110485310831278,0.19547053040000073
17.000000000000156,0.02790877,0.02929610645668666,0.95264434,-0.0032014900000000004,0.01764575551904763,-0.011219727848730056,0.19571138400000077
17.050000000000157,0.02777174,0.029167433791080367,0.9521489,-0.00322212,0.017722135078804685,-0.011401563411145033,0.19595223760000077
17.100000000000158,0.02763162,0.02903543295192664,0.9516517300000001,-0.0032428000000000005,0.017797273709694975,-0.011593354960462673,0.19619309120000078
17.15000000000016,0.02748838,0.028900065851666226,0.9511528499999998,-0.00326351,0.017871195288541846,-0.011794433883521051,0.19643394480000076
17.20000000000016,0.02734198,0.028761284988925072,0.95065224,-0.00328427,0.017943898270587698,-0.012004166551771995,0.19667479840000077
17.250000000000163,0.027192380000000002,0.02861904331596702,0.95014986,-0.00330509,0.01801540064524239,-0.012221994544568479,0.1969156520000008
17.30000000000016,0.02703954,0.028473292423971466,0.9496457099999999,-0.00332597,0.018085696821482998,-0.012447393720867036,0.19715650560000078
17.35000000000016,0.02688344,0.028324005729145726,0.94913976,-0.0033469100000000002,0.018154820332044054,-0.012679910986291123,0.1973973592000008
17.400000000000166,0.026724030000000003,0.028171124016782862,0.94863201,-0.00336794,0.01822276354864431,-0.012919132437434795,0.1976382128000008
17.450000000000166,0.02656129,0.02801462161440993,0.94812239,-0.0033890500000000007,0.018289557647898427,-0.013164684293029595,0.1978790664000008
17.500000000000167,0.02639517,0.027854439871505484,0.94761087,-0.00341025,0.01835520137540855,-0.013416278921919423,0.1981199200000008
17.550000000000168,0.02622566,0.027690560719162302,0.9470974700000001,-0.0034315500000000007,0.018419694535111046,-0.01367361746318142,0.19836077360000082
17.60000000000017,0.02605272,0.027522936652100122,0.94658213,-0.0034529499999999998,0.01848308065064913,-0.013936477167906155,0.19860162720000082
17.650000000000173,0.02587632,0.027351529965478794,0.9460648100000001,-0.00347448,0.01854535232725978,-0.014204630261004075,0.19884248080000083
17.70000000000017,0.02569644,0.027176312509551364,0.9455455,-0.00349612,0.018606556362820076,-0.01447790580951231,0.1990833344000008
17.750000000000174,0.02551308,0.026997277466487682,0.94502418,-0.0035179200000000003,0.01866667173012907,-0.014756121688794133,0.19932418800000085
17.800000000000175,0.02532621,0.026814386460776177,0.94450082,-0.003539829999999999,0.01872571879883921,-0.015039133016582423,0.19956504160000085
17.850000000000176,0.02513579,0.02662759121170281,0.94397536,-0.0035619200000000005,0.01878372876341117,-0.015326824645273492,0.19980589520000086
17.900000000000176,0.02494182,0.026436884228643962,0.94344779,-0.00358416,0.018840705313416486,-0.015619064299064208,0.20004674880000087
17.950000000000177,0.0247443,0.026242258222026475,0.94291809,-0.0036065700000000003,0.018896659782099055,-0.01591574621255355,0.20028760240000085
18.00000000000018,0.0245432,0.026043674258695394,0.94238623,-0.00362916,0.018951626168553445,-0.01621678117658644,0.20052845600000088
18.05000000000018,0.02433852,0.025841125090351226,0.94185218,-0.00365195,0.019005596934056034,-0.016522078396067754,0.20076930960000086
18.10000000000018,0.024130239999999997,0.025634581852179865,0.9413159200000001,-0.003674909999999999,0.01905860192834197,-0.01683155772616724,0.20101016320000087
18.150000000000183,0.023918380000000003,0.02542405832827068,0.94077742,-0.00369811,0.019110642600336607,-0.017145139776459557,0.2012510168000009
18.200000000000184,0.02370293,0.02520953527137938,0.94023669,-0.00372149,0.019161736805185473,-0.017462751354574525,0.20149187040000088
18.250000000000185,0.02348389,0.02499100531365705,0.9396936899999998,-0.0037451300000000006,0.019211911395465048,-0.01778432424776752,0.2017327240000009
18.300000000000185,0.023261249999999997,0.02476845006357302,0.9391483899999999,-0.00376895,0.01926115823205343,-0.0181098113098824,0.2019735776000009
18.350000000000186,0.02303506,0.02454191335566913,0.9386008199999999,-0.00379307,0.019309503615277113,-0.018439122445519453,0.2022144312000009
18.40000000000019,0.02280529,0.024311355887680852,0.93805093,-0.0038173899999999995,0.019356961319804307,-0.018772212886996514,0.2024552848000009
18.450000000000188,0.022571980000000002,0.024076810512261373,0.9374987600000001,-0.00384198,0.019403533447802754,-0.019109023691184907,0.20269613840000092
18.500000000000192,0.02233512,0.02383825982897616,0.9369442299999999,-0.003866830000000001,0.019449242286891277,-0.01944948903114502,0.20293699200000093
18.550000000000193,0.02209475,0.02359573561977157,0.93638742,-0.00389195,0.019494083318863705,-0.019793555911001584,0.20317784560000093
18.600000000000193,0.021850889999999998,0.023349251638345447,0.9358282799999998,-0.003917309999999999,0.019538075460658846,-0.020141178334715036,0.20341869920000094
18.650000000000194,0.02160356,0.023098819830913924,0.93526683,-0.0039429800000000004,0.01958122521229968,-0.020492272459090678,0.20365955280000095
18.700000000000195,0.021352780000000002,0.022844452623869096,0.93470307,-0.00396893,0.019623550347967107,-0.02084680346826685,0.20390040640000096
18.7500000000002,0.02109861,0.022586204510059944,0.9341370299999999,-0.00399518,0.019665049655513207,-0.021204701597526777,0.20414126000000096
18.800000000000196,0.02084106,0.022324077249761293,0.9335687100000001,-0.0040217099999999995,0.01970574397845461,-0.021565913272482126,0.20438211360000094
18.850000000000197,0.020580179999999997,0.022058114241082748,0.93299816,-0.00404856,0.01974563280041944,-0.02193037756727966,0.20462296720000095
18.9000000000002,0.020316,0.021788339643364907,0.93242534,-0.004075679999999999,0.019784717257464147,-0.022298041193397063,0.20486382080000098
18.950000000000202,0.02004857,0.021514796496501714,0.9318503199999999,-0.00410314,0.019823018127807887,-0.02266883303205367,0.20510467440000096
19.000000000000203,0.01977794,0.021237529571078557,0.9312731,-0.004130890000000001,0.01986053596867919,-0.023042698967554454,0.20534552800000097
19.050000000000203,0.01950416,0.020956582119521054,0.9306937500000001,-0.0041589700000000005,0.01989726842601266,-0.023419573889464113,0.20558638160000098
19.100000000000204,0.01922728,0.02067199931328719,0.93011226,-0.00418735,0.019933220809954424,-0.023799392615980033,0.20582723520000099
19.150000000000208,0.018947359999999996,0.02038383493949493,0.92952872,-0.00421605,0.0199684109371477,-0.024182088009629097,0.20606808880000102
19.200000000000205,0.018664470000000002,0.02009215569525769,0.92894313,-0.00424509,0.02000285128508434,-0.024567593766426855,0.206308942400001
19.25000000000021,0.018378649999999996,0.019796995017663164,0.9283555400000001,-0.004274450000000001,0.02003652967505601,-0.02495585276129669,0.206549796000001
19.30000000000021,0.01808998,0.019498429350736826,0.92776601,-0.00430412,0.020069437068044538,-0.02534678434317051,0.20679064960000101
19.35000000000021,0.01779853,0.019196524788281783,0.92717459,-0.0043341399999999985,0.020101612813786852,-0.025740316662249206,0.20703150320000102
19.40000000000021,0.01750437,0.018891347412629746,0.92658134,-0.0043644800000000004,0.020133036892858454,-0.026136387152979945,0.20727235680000103
19.450000000000212,0.017207570000000002,0.018582963715737873,0.9259863100000001,-0.00439515,0.020163722860697134,-0.026534921601700494,0.20751321040000104
19.500000000000217,0.016908219999999998,0.01827146160724504,0.92538957,-0.00442612,0.02019366235029693,-0.02693583209961972,0.20775406400000104
19.550000000000214,0.01660639,0.01795690823861249,0.92479116,-0.00445745,0.02022288155009072,-0.02733906067183686,0.20799491760000105
19.600000000000215,0.016302169999999998,0.0176393912605897,0.92419119,-0.00448909,0.02025136554307388,-0.027744520313824357,0.20823577120000103
19.65000000000022,0.01599564,0.017318989532234704,0.92358968,-0.0045210599999999995,0.02027912602174462,-0.028152132740361286,0.20847662480000106
19.70000000000022,0.015686900000000004,0.01699580212820826,0.92298674,-0.00455335,0.020306165064226184,-0.02856181593016117,0.20871747840000107
19.75000000000022,0.015376029999999999,0.016669907368684216,0.9223824500000001,-0.00458597,0.020332501699363025,-0.028973496751937743,0.20895833200000108
19.80000000000022,0.015063120000000003,0.016341395425584836,0.92177685,-0.00461891,0.02035809495924409,-0.02938708107262216,0.20919918560000106
19.85000000000022,0.014748300000000002,0.01601039877479301,0.9211700599999999,-0.00465218,0.020382998835578633,-0.029802482821938373,0.20944003920000107
19.900000000000226,0.01443163,0.015676975204770262,0.9205621500000001,-0.00468575,0.020407176436307888,-0.03021962656964189,0.2096808928000011
19.950000000000223,0.014113230000000001,0.015341247627148339,0.9199532100000001,-0.00471962,0.020430662625416728,-0.030638421890906146,0.20992174640000108
20.000000000000227,0.013793209999999997,0.015003329006694231,0.9193433,-0.004753820000000001,0.02045345349173582,-0.031058759780613714,0.21016260000000117
20.050000000000228,0.01347166,0.014663309795652717,0.91873255,-0.0047883199999999996,0.02047553497579489,-0.03148057529749133,0.21041785070000116
20.10000000000023,0.013148690000000001,0.014321303898709392,0.91812101,-0.00482314,0.020496946997799453,-0.03190377423267248,0.21067310140000117
20.15000000000023,0.01282444,0.013977456609573374,0.91750884,-0.00485824,0.020517684615238643,-0.03232824243841408,0.2109283521000012
20.20000000000023,0.012498999999999996,0.01363186079644138,0.9168961,-0.00489364,0.020537727525390917,-0.032753893966750304,0.21118360280000117
20.250000000000234,0.012172480000000003,0.013284631341898074,0.91628286,-0.004929339999999999,0.020557092348369704,-0.03318063459312941,0.2114388535000012
20.300000000000235,0.011845020000000001,0.012935914886912939,0.91566929,-0.0049653,0.020575790029838465,-0.03360836130332816,0.2116941042000012
20.350000000000232,0.01151671,0.01258580586751996,0.91505543,-0.00500156,0.02059382538561498,-0.03403697811018916,0.2119493549000012
20.400000000000237,0.011187679999999998,0.01223444183776502,0.9144413899999999,-0.00503809,0.020611209900459504,-0.03446638650255152,0.2122046056000012
20.450000000000237,0.010858050000000001,0.011881949555655108,0.9138273099999998,-0.00507487,0.020627930245504515,-0.03489647210808446,0.21245985630000122
20.500000000000238,0.010527969999999998,0.011528489565362222,0.9132133,-0.005111929999999999,0.02064401241685346,-0.03532713073169461,0.2127151070000012
20.55000000000024,0.010197529999999996,0.01117415775725391,0.91259943,-0.0051492199999999995,0.02065945398285734,-0.035758264703605075,0.21297035770000122
20.60000000000024,0.009866879999999998,0.010819115112157548,0.91198586,-0.00518678,0.020674257273469342,-0.03618975206736677,0.21322560840000124
20.650000000000244,0.00953615,0.010463501924075625,0.9113727000000001,-0.00522458,0.020688453591498807,-0.03662149319295334,0.21348085910000125
20.70000000000024,0.009205439999999999,0.010107426542504579,0.9107600199999999,-0.005262580000000001,0.02070201927361193,-0.03705338673603754,0.21373610980000124
20.750000000000245,0.00887491,0.009751062785977538,0.9101479699999999,-0.00530084,0.020714964083666663,-0.03748529487574718,0.21399136050000125
20.800000000000246,0.008544679999999999,0.009394541405410937,0.9095366800000001,-0.00533931,0.02072730301791335,-0.03791711641498452,0.21424661120000127
20.850000000000247,0.00821488,0.009038005008657195,0.90892625,-0.00537799,0.0207390495628657,-0.03834873696565435,0.21450186190000126
20.900000000000247,0.007885650000000001,0.008681607562471598,0.9083168,-0.00541685,0.020750199577107692,-0.038780034119287966,0.21475711260000127
20.950000000000248,0.007557110000000002,0.008325481418059263,0.90770847,-0.00545591,0.02076074943921823,-0.03921088970906848,0.21501236330000126
21.000000000000252,0.007229399999999997,0.007969781811706447,0.9071013699999999,-0.00549516,0.020770741517625216,-0.03964118892815935,0.2152676140000013
21.050000000000253,0.00690267,0.007614675176712923,0.9064956599999998,-0.005534570000000001,0.02078014783095154,-0.04007079785709306,0.2155228647000013
21.100000000000254,0.006577029999999998,0.007260285123353961,0.90589142,-0.005574160000000001,0.0207890034341524,-0.0404996004816633,0.2157781154000013
21.150000000000254,0.006252629999999999,0.006906779361459017,0.9052888,-0.0056139,0.02079729171508155,-0.04092748427960422,0.2160333661000013
21.200000000000255,0.005929609999999998,0.006554315147512296,0.90468796,-0.00565377,0.0208050308704986,-0.04135428845803305,0.2162886168000013
21.250000000000256,0.005608080000000001,0.0062030177604863665,0.90408898,-0.00569379,0.020812223959072708,-0.04177991820081462,0.21654386750000132
21.300000000000257,0.005288199999999996,0.005853067680076818,0.9034920300000001,-0.00573393,0.020818894216907875,-0.0422042335555269,0.2167991182000013
21.350000000000257,0.00497011,0.0055046240199618755,0.90289727,-0.0057741599999999995,0.020825015865372106,-0.0426270952444389,0.21705436890000132
21.40000000000026,0.004653919999999999,0.0051578138060823925,0.90230477,-0.00581453,0.020830636955782224,-0.043048386820606944,0.21730961960000134
21.45000000000026,0.004339770000000003,0.004812797218455015,0.9017147000000001,-0.00585497,0.020835710673336776,-0.04346797395064987,0.21756487030000132
21.500000000000263,0.0040278000000000015,0.00446973513906283,0.9011272199999999,-0.0058955100000000005,0.020840305344792812,-0.04388571388111916,0.21782012100000134
21.550000000000264,0.0037181300000000035,0.0041287671475957015,0.90054243,-0.0059361200000000005,0.020844379170822047,-0.04430149190196052,0.21807537170000135
21.600000000000264,0.0034109200000000013,0.0037900773691717064,0.89996052,-0.0059768,0.020847966147593388,-0.04471514233461964,0.21833062240000134
21.650000000000265,0.0031062699999999978,0.003453784283042747,0.8993815900000001,-0.00601751,0.02085106854011084,-0.04512655626809184,0.21858587310000135
21.700000000000266,0.0028043200000000025,0.003120051072211593,0.8988058,-0.00605829,0.02085368960656603,-0.045535589751875445,0.21884112380000137
21.75000000000027,0.0025052000000000026,0.0027890305154250235,0.89823327,-0.006099089999999999,0.020855818843785543,-0.045942118419593794,0.21909637450000138
21.80000000000027,0.002209050000000004,0.0024608867941833257,0.89766421,-0.00613992,0.02085749412889286,-0.04634597564604691,0.21935162520000137
21.85000000000027,0.001915950000000003,0.0021357182482502207,0.89709867,-0.0061807500000000005,0.020858707280380532,-0.04674706144592897,0.21960687590000139
21.900000000000272,0.0016260900000000036,0.0018137457790498752,0.89653689,-0.006221599999999999,0.02085945885840283,-0.04714520537838083,0.21986212660000137
21.950000000000273,0.0013395399999999967,0.001495057445266984,0.8959789499999999,-0.00626243,0.020859754328898507,-0.047540293836751596,0.2201173773000014
22.000000000000277,0.001056449999999997,0.0011798307538953695,0.89542504,-0.00630326,0.020859621358711184,-0.04793217893372212,0.2203726280000014
22.050000000000274,0.0007769199999999969,0.0008681880325064721,0.8948752700000001,-0.006344079999999999,0.02085903956421292,-0.0483207262542619,0.2206278787000014
22.100000000000275,0.0005010799999999975,0.0005602854723136194,0.8943298100000001,-0.00638484,0.02085803189253003,-0.04870579400363233,0.2208831294000014
22.15000000000028,0.0002290399999999998,0.0002562574066714632,0.8937888,-0.00642559,0.020856606512019156,-0.04908725729580965,0.22113838010000142
22.200000000000276,-3.9080000000000364e-05,-4.375023278695156e-05,0.89325239,-0.00646627,0.020854749462292755,-0.049464976984629636,0.2213936308000014
22.25000000000028,-0.0003031900000000018,-0.0003396246886750408,0.89272073,-0.006506900000000001,0.02085248142233917,-0.04983881493658011,0.22164888150000142
22.30000000000028,-0.00056316,-0.0006312080532624963,0.8921939400000001,-0.00654748,0.020849827327615932,-0.05020864473201074,0.22190413220000144
22.350000000000282,-0.0008188999999999974,-0.0009183868345159427,0.89167219,-0.00658796,0.020846763836686977,-0.050574336210799466,0.22215938290000142
22.400000000000283,-0.0010702800000000033,-0.0012010023569171933,0.89115562,-0.0066283800000000006,0.02084330448196734,-0.05093574127024951,0.22241463360000144
22.450000000000284,-0.0013172199999999974,-0.0014789516776606108,0.89064438,-0.0066687,0.020839477994498805,-0.051292738256718505,0.22266988430000145
22.500000000000288,-0.0015596300000000028,-0.0017521204394938157,0.89013858,-0.00670895,0.020835274391363318,-0.051645213096357764,0.22292513500000147
22.55000000000029,-0.0017973799999999977,-0.0020203489417722972,0.8896383999999999,-0.0067491,0.020830689793528204,-0.051993019610869,0.22318038570000148
22.60000000000029,-0.00203041,-0.0022835559978786335,0.8891439499999999,-0.006789150000000001,0.020825761879263868,-0.052336047506706555,0.22343563640000147
22.65000000000029,-0.002258620000000003,-0.002541615175952687,0.8886553800000001,-0.0068290700000000005,0.020820476847560433,-0.05267416823295977,0.22369088710000148
22.70000000000029,-0.002481910000000004,-0.002794399824187374,0.88817283,-0.00686889,0.02081483848110285,-0.05300726308515372,0.22394613780000147
22.750000000000295,-0.0027001999999999964,-0.003041805597417964,0.88769644,-0.006908609999999999,0.02080889543729316,-0.05333520011795841,0.22420138850000149
22.800000000000292,-0.0029134100000000017,-0.003283728176227421,0.8872263,-0.006948179999999999,0.02080261910049309,-0.05365788033471125,0.22445663920000147
22.850000000000293,-0.0031214399999999996,-0.003520040160466399,0.88676261,-0.00698763,0.02079601784378923,-0.05397517824505349,0.2247118899000015
22.900000000000297,-0.003324259999999999,-0.0037506935250379014,0.8863054199999999,-0.00702694,0.02078911604659996,-0.05428700081717872,0.2249671406000015
22.950000000000294,-0.003521749999999997,-0.0039755381612097095,0.8858549099999999,-0.007066160000000001,0.020781928723316325,-0.05459321881997891,0.2252223913000015
23.0000000000003,-0.0037138499999999977,-0.004194491874385413,0.88541118,-0.007105200000000001,0.02077446504074172,-0.0548937285915839,0.2254776420000015
23.0500000000003,-0.003900500000000001,-0.004407472324960922,0.88497436,-0.00714412,0.020766724182990443,-0.05518843612570766,0.22573289270000152
23.1000000000003,-0.004081629999999999,-0.004614386065850341,0.8845445399999999,-0.007182869999999999,0.02075873427591384,-0.05547723709350391,0.22598814340000153
23.1500000000003,-0.004257180000000003,-0.004815150707844731,0.88412186,-0.0072215,0.02075048862321078,-0.055760034247274,0.22624339410000152
23.2000000000003,-0.004427070000000002,-0.0050096614665309375,0.8837064199999999,-0.00725996,0.02074202249250058,-0.05603672877300836,0.22649864480000154
23.250000000000306,-0.00459126,-0.005197858920391235,0.88329831,-0.00729827,0.02073331974794678,-0.05630723602130347,0.22675389550000155
23.300000000000306,-0.004749699999999996,-0.005379672325321879,0.8828976399999998,-0.00733645,0.020724431699195033,-0.05657147490304325,0.22700914620000157
23.350000000000307,-0.004902320000000002,-0.005555008438427128,0.8825045100000001,-0.007374449999999999,0.02071534765110158,-0.05682935050205809,0.22726439690000155
23.400000000000308,-0.005049090000000003,-0.005723819445589105,0.88211902,-0.007412310000000001,0.02070610159129912,-0.05708078114663082,0.22751964760000157
23.45000000000031,-0.005189949999999999,-0.005886023886100641,0.88174124,-0.00745,0.020696687935706046,-0.05732570597528648,0.22777489830000155
23.500000000000313,-0.005324860000000001,-0.00604156287007673,0.88137128,-0.00748753,0.020687139301493573,-0.0575640354573502,0.2280301490000016
23.55000000000031,-0.005453770000000004,-0.006190366613761055,0.88100921,-0.0075249,0.020677471579363855,-0.05779569119318718,0.22828539970000158
23.60000000000031,-0.005576660000000001,-0.006332399596618476,0.8806550999999999,-0.007562109999999999,0.020667687350296355,-0.05802063691175148,0.22854065040000157
23.650000000000315,-0.005693479999999997,-0.006467592555936687,0.8803090100000001,-0.00759915,0.02065782367549399,-0.05823877964196431,0.2287959011000016
23.700000000000312,-0.005804200000000002,-0.006595898883217797,0.8799710399999999,-0.0076360199999999994,0.02064788116012391,-0.058450084025134165,0.22905115180000157
23.750000000000316,-0.005908789999999997,-0.006717272600816213,0.87964124,-0.007672720000000001,0.02063788579948053,-0.05865447377920446,0.22930640250000162
23.800000000000317,-0.006007230000000002,-0.006831679547155349,0.87931964,-0.007709260000000001,0.020627861530905237,-0.058851918944202136,0.2295616532000016
23.850000000000318,-0.006099469999999996,-0.006939051201837743,0.87900634,-0.007745640000000001,0.02061782830915031,-0.05904236245389841,0.22981690390000162
23.90000000000032,-0.0061855,-0.0070393653762028385,0.87870137,-0.007781830000000001,0.020607796915633657,-0.05922574217699472,0.2300721546000016
23.95000000000032,-0.006265309999999996,-0.007132600237730945,0.8784047600000001,-0.00781784,0.02059779875961992,-0.05940204834420629,0.23032740530000162
24.000000000000323,-0.006338860000000002,-0.007218700068914549,0.8781165499999999,-0.00785367,0.020587845209681366,-0.059571228759874695,0.23058265600000163
24.050000000000324,-0.006406160000000001,-0.007297666429515522,0.87783678,-0.00788935,0.020577966408000574,-0.059733254552678444,0.23083790670000165
24.100000000000325,-0.006467170000000005,-0.007369444218123893,0.8775655000000001,-0.007924829999999999,0.020568187904086252,-0.059888085794165276,0.23109315740000164
24.150000000000325,-0.006521890000000002,-0.007434024851787475,0.8773026899999999,-0.00796014,0.020558509677746587,-0.06003572331139937,0.23134840810000165
24.200000000000326,-0.006570299999999994,-0.007491376673267092,0.87704841,-0.00799526,0.020548998193683315,-0.06017611107926002,0.23160365880000167
24.25000000000033,-0.0066123999999999974,-0.007541491719470831,0.8768026600000001,-0.00803019,0.020539611427882465,-0.06030926026323935,0.23185890950000168
24.300000000000328,-0.006648179999999997,-0.007584350946070257,0.87656545,-0.00806494,0.020530414008606838,-0.060435132706094984,0.23211416020000167
24.35000000000033,-0.00667765,-0.007619958706057719,0.8763367700000001,-0.00809949,0.020521422715021487,-0.060553746764865427,0.23236941090000165
24.400000000000333,-0.006700780000000003,-0.007648273689944449,0.8761166599999999,-0.00813387,0.02051265626540356,-0.06066506464946813,0.2326246616000017
24.450000000000333,-0.0067175899999999955,-0.0076693127524731335,0.8759050799999999,-0.00816801,0.020504125322178463,-0.06076910551570869,0.23287991230000168
24.500000000000334,-0.006728089999999999,-0.0076830815998698045,0.8757020099999999,-0.008202000000000001,0.02049588647612003,-0.060865866214225045,0.2331351630000017
24.550000000000335,-0.006732249999999999,-0.007689540154590797,0.8755074900000002,-0.00823577,0.020487921816758282,-0.060955340265458166,0.2333904137000017
24.600000000000335,-0.006730099999999999,-0.007688718241738501,0.8753214500000001,-0.00826929,0.0204802730805866,-0.06103753812461353,0.2336456644000017
24.650000000000336,-0.006721649999999999,-0.007680622668804784,0.8751438899999999,-0.00830264,0.020472962514726585,-0.061112481176630803,0.23390091510000172
24.700000000000337,-0.006706900000000002,-0.007665249593425419,0.8749747700000001,-0.008335780000000001,0.02046600405906341,-0.06118018562343149,0.2341561658000017
24.75000000000034,-0.00668585,-0.007642595239864054,0.87481409,-0.00836871,0.020459429061755362,-0.061240652560081564,0.23441141650000172
24.80000000000034,-0.006658529999999999,-0.0076126910722829205,0.87466179,-0.0084014,0.02045322822141287,-0.06129391322987138,0.23466666720000173
24.850000000000342,-0.006624950000000001,-0.007575545943986073,0.87451783,-0.00843386,0.0204474800959238,-0.0613400014806406,0.23492191790000172
24.900000000000347,-0.006585129999999998,-0.007531180559182716,0.8743821700000001,-0.00846611,0.02044212999751249,-0.06137894760955446,0.23517716860000176
24.95000000000034,-0.006539059999999999,-0.007479581724215242,0.87425477,-0.00849811,0.020437273084288908,-0.06141076686061153,0.23543241930000172
25.000000000000345,-0.006486789999999996,-0.007420805362939233,0.87413558,-0.00852986,0.020432876483911903,-0.061435496150592475,0.23568767000000157
25.050000000000345,-0.006428329999999998,-0.007354862225663162,0.8740245299999999,-0.00856137,0.02042896186449522,-0.06145319848198865,0.23591717540000157
25.100000000000346,-0.006363699999999998,-0.0072817747249332675,0.8739215699999999,-0.00859265,0.020425565867010883,-0.0614638915610919,0.23614668080000156
25.15000000000035,-0.006292919999999997,-0.0072015657476407376,0.8738266400000001,-0.00862365,0.020422682513577883,-0.061467645988832295,0.2363761862000016
25.20000000000035,-0.006216030000000003,-0.007114281615647391,0.8737396600000001,-0.008654390000000001,0.020420356915166783,-0.06146448561194021,0.2366056916000016
25.250000000000355,-0.006133050000000001,-0.007019945972839319,0.87366057,-0.008684869999999999,0.020418573285501604,-0.06145449352012668,0.2368351970000016
25.300000000000356,-0.006043990000000001,-0.006918571223849541,0.8735893299999999,-0.00871509,0.020417359208124833,-0.06143769320839149,0.23706470240000163
25.350000000000353,-0.005948920000000002,-0.0068102395280112,0.8735258100000001,-0.008745020000000001,0.020416725012009154,-0.06141417162923739,0.2372942078000016
25.400000000000354,-0.005847830000000002,-0.006694941174622656,0.8734699599999999,-0.00877467,0.020416687380498337,-0.061383990911149586,0.23752371320000162
25.450000000000355,-0.005740780000000001,-0.006572747312615368,0.87342168,-0.00880402,0.02041723482980494,-0.061347214233648376,0.23775321860000162
25.50000000000036,-0.005627800000000002,-0.006443694841506153,0.8733809,-0.00883307,0.020418416432319134,-0.061303896695907814,0.23798272400000164
25.55000000000036,-0.005508920000000002,-0.006307821125915363,0.8733475299999999,-0.008861840000000001,0.02042021187960595,-0.061254141381816486,0.23821222940000164
25.60000000000036,-0.0053842000000000004,-0.006165198251681596,0.87332147,-0.00889026,0.02042262597572604,-0.06119801731041791,0.23844173480000164
25.650000000000365,-0.005253650000000004,-0.006015841060188692,0.8733026599999999,-0.008918410000000002,0.02042570124347754,-0.06113559589263673,0.23867124020000166
25.700000000000358,-0.005117329999999998,-0.005859822548258398,0.87329095,-0.00894619,0.020429391567841657,-0.061066966913215455,0.23890074560000163
25.750000000000362,-0.004975269999999999,-0.005697180997736501,0.8732862800000001,-0.00897368,0.020433728853222064,-0.060992223759092315,0.23913025100000165
25.800000000000363,-0.00482754,-0.005528001152150713,0.8732885300000001,-0.009000830000000001,0.020438727323480788,-0.06091145998302974,0.23935975640000165
25.850000000000364,-0.004674159999999998,-0.005352310598357304,0.8732976,-0.009027620000000002,0.020444367872081544,-0.060824767857646636,0.23958926180000165
25.900000000000368,-0.004515200000000004,-0.005170194461007804,0.87331338,-0.00905407,0.020450668465377846,-0.06073224181264308,0.23981876720000167
25.95000000000037,-0.004350699999999999,-0.004981703657918418,0.8733357700000001,-0.009080159999999999,0.02045758782271752,-0.06063399243199962,0.24004827260000167
26.000000000000373,-0.004180719999999999,-0.0047869123714465965,0.87336464,-0.00910589,0.020465167647493145,-0.06053012613739951,0.2402777780000017
26.050000000000374,-0.004005300000000002,-0.0045858717800875415,0.87339991,-0.009131249999999999,0.02047340392991356,-0.06042074750907495,0.24050728340000171
26.10000000000037,-0.00382449,-0.00437864505694446,0.87344143,-0.00915623,0.02048226479070613,-0.060305963342835195,0.24073678880000168
26.15000000000037,-0.00363838,-0.0041653410443244256,0.8734890999999999,-0.009180830000000001,0.020491755126713765,-0.060185907756913994,0.24096629420000168
26.200000000000372,-0.003446989999999997,-0.003945988679661715,0.8735428000000001,-0.00920504,0.02050189684820408,-0.060060679381952246,0.2411957996000017
26.250000000000377,-0.0032504099999999987,-0.0037206972384771046,0.87360239,-0.00922885,0.020512620822781276,-0.05993041337159378,0.24142530500000173
26.300000000000377,-0.003048699999999996,-0.003489541607899091,0.87366776,-0.00925225,0.020523977413055196,-0.059795230241010855,0.24165481040000172
26.350000000000378,-0.002841909999999998,-0.0032525854380938152,0.8737387700000001,-0.00927526,0.020535925491596427,-0.05965526453989673,0.24188431580000172
26.400000000000382,-0.0026301300000000014,-0.0030099381413898323,0.8738153,-0.00929785,0.020548470557547584,-0.059510652309387777,0.24211382120000174
26.450000000000376,-0.002413399999999998,-0.0027616519306091387,0.87389724,-0.00932002,0.020561568554125432,-0.05936150548891338,0.2423433266000017
26.50000000000038,-0.0021917999999999972,-0.0025078250250731016,0.8739844199999999,-0.00934175,0.0205752383585124,-0.0592079809273523,0.24257283200000174
26.55000000000038,-0.0019654200000000007,-0.0022485669221347076,0.87407672,-0.00936305,0.020589447151116033,-0.05905021661894508,0.24280233740000173
26.60000000000038,-0.0017343199999999993,-0.00198395285149181,0.874174,-0.00938392,0.020604187457402928,-0.058888362476432025,0.24303184280000173
26.650000000000386,-0.0014985700000000029,-0.0017140694047298455,0.87427615,-0.009404319999999999,0.02061943051288274,-0.0587225377292393,0.24326134820000175
26.700000000000387,-0.0012582499999999955,-0.0014390146780297649,0.87438302,-0.00942428,0.02063517102637145,-0.0585529061627491,0.24349085360000175
26.75000000000039,-0.0010134599999999973,-0.001158909611351091,0.8744944299999999,-0.00944378,0.020651377373671714,-0.05837962461087778,0.24372035900000177
26.80000000000039,-0.0007642700000000027,-0.0008738406421868357,0.8746102700000001,-0.00946283,0.020668059102537915,-0.05820283315376032,0.24394986440000177
26.85000000000039,-0.000510749999999999,-0.0005838941918561418,0.8747304,-0.00948138,0.02068515497831718,-0.058022692596820795,0.24417936980000177
26.90000000000039,-0.000252999999999998,-0.00028919088927078195,0.8748546700000001,-0.00949946,0.02070266575049214,-0.057839354519278734,0.24440887520000176
26.95000000000039,8.88000000000104e-06,1.0148769648537365e-05,0.8749829100000002,-0.009517079999999999,0.020720565107950117,-0.05765298546240839,0.2446383806000018
27.000000000000394,0.00027482000000000374,0.0003140387299273746,0.8751149899999998,-0.009534210000000001,0.0207388464972428,-0.05746373073306586,0.24486788600000178
27.050000000000395,0.0005447299999999967,0.0006223702036845906,0.8752507700000001,-0.00955083,0.02075743682522966,-0.05727175092254798,0.2450973914000018
27.100000000000396,0.0008184899999999964,0.0009350003357360449,0.8753900600000001,-0.009566980000000001,0.020776383480322076,-0.05707721082581868,0.2453268968000018
27.1500000000004,0.0010960199999999996,0.001251832113097224,0.87553274,-0.00958261,0.020795588289466593,-0.056880267210306035,0.24555640220000183
27.200000000000394,0.0013772200000000036,0.0015727459284920562,0.87567863,-0.00959773,0.020815082240707095,-0.05668109936395133,0.2457859076000018
27.250000000000398,0.0016619900000000003,0.0018976222957848947,0.87582761,-0.00961235,0.020834812206405894,-0.056479843819971974,0.24601541300000182
27.3000000000004,0.0019502199999999973,0.0022263306898467495,0.8759794799999999,-0.00962647,0.020854761590174076,-0.056276685558607216,0.24624491840000182
27.350000000000403,0.002241810000000002,0.002558752136231206,0.8761341,-0.009640049999999999,0.020874897183861763,-0.05607176484917882,0.24647442380000184
27.400000000000404,0.0025366499999999997,0.0028947565723863745,0.8762913,-0.00965314,0.02089520954578346,-0.055865264679807035,0.24670392920000184
27.450000000000404,0.002834630000000001,0.00323421411357035,0.8764509400000001,-0.00966568,0.02091563371200117,-0.055657325470098364,0.24693343460000183
27.50000000000041,0.0031356399999999986,0.003576995330994641,0.87661283,-0.009677729999999999,0.020936189746880884,-0.05544813488730214,0.24716294000000186
27.55000000000041,0.0034395599999999978,0.003922959506126544,0.87677683,-0.00968921,0.020956825156368514,-0.05523781618035241,0.24739244540000185
27.600000000000406,0.003746289999999996,0.004271989297727688,0.87694274,-0.00970017,0.020977532196562117,-0.05502654645177337,0.24762195080000185
27.650000000000407,0.004055689999999999,0.004623921861787049,0.8771104099999998,-0.009710620000000001,0.020998269664598557,-0.05481448719084897,0.24785145620000185
27.700000000000408,0.004367660000000002,0.004978640335086758,0.87727968,-0.00972053,0.021019007975125747,-0.054601774937875984,0.24808096160000184
27.750000000000412,0.004682070000000002,0.0053359940421930235,0.8774503800000002,-0.00972989,0.02103973944136191,-0.05438857280333712,0.24831046700000187
27.800000000000413,0.0049987899999999995,0.005695832804252289,0.8776223200000001,-0.00973873,0.02106042989093528,-0.05417503682200684,0.2485399724000019
27.850000000000414,0.0053176899999999964,0.0060580067799860145,0.87779532,-0.009747029999999999,0.021081072768609287,-0.05396129616017789,0.2487694778000019
27.900000000000418,0.005638660000000004,0.006422389085321365,0.8779692299999999,-0.00975481,0.021101595323861175,-0.053747505132254736,0.2489989832000019
27.95000000000041,0.005961560000000001,0.006788819239835948,0.87814387,-0.00976205,0.021122054752523486,-0.05353379715057688,0.24922848860000188
28.000000000000416,0.00628625,0.0071571372612264286,0.87831905,-0.00976875,0.021142358095439597,-0.05332031061474096,0.2494579940000019
28.050000000000416,0.006612610000000001,0.0075272062002430095,0.8784946,-0.00977491,0.02116250797785555,-0.053107192612127686,0.2496874994000019
28.10000000000042,0.006940489999999997,0.007898855445604315,0.87867034,-0.009780549999999999,0.02118249531790813,-0.05289456303135638,0.24991700480000192
28.15000000000042,0.007269770000000002,0.008271948959800232,0.87884609,-0.00978567,0.02120231302806842,-0.05268253486242594,0.2501465102000019
28.200000000000422,0.007600290000000001,0.008646305712193714,0.8790216599999999,-0.009790270000000002,0.021221919446035038,-0.052471252461878795,0.25037601560000194
28.250000000000426,0.00793192,0.00902177916079251,0.87919687,-0.00979436,0.021241297850663456,-0.0522608230074561,0.25060552100000194
28.300000000000427,0.008264539999999997,0.009398234241300298,0.8793715699999999,-0.00979791,0.021260445305538635,-0.05205135683045838,0.25083502640000194
28.350000000000424,0.00859796,0.009775457781599044,0.8795455099999999,-0.00980096,0.02127935639761692,-0.0518429774873422,0.25106453180000193
28.400000000000425,0.008932090000000002,0.01015334938308737,0.8797185699999999,-0.0098035,0.021298004728870737,-0.0516357692829989,0.25129403720000193
28.450000000000426,0.009266739999999999,0.010531696602436401,0.87989052,-0.00980554,0.021316388336460754,-0.05142984889882395,0.2515235426000019
28.50000000000043,0.009601789999999999,0.01091036648156665,0.8800611800000001,-0.009807109999999999,0.021334498576207506,-0.05122531228862708,0.251753048000002
28.55000000000043,0.00993708,0.011289181035641839,0.88023037,-0.009808180000000001,0.021352339715534685,-0.0510222404098348,0.251982553400002
28.60000000000043,0.010272469999999999,0.011667985577884723,0.8803979,-0.009808780000000001,0.021369887394298546,-0.05082072385774278,0.25221205880000197
28.650000000000436,0.0106078,0.012046603427468657,0.8805635599999999,-0.00980891,0.021387158579039896,-0.05062085507072917,0.25244156420000197
28.700000000000433,0.010942939999999998,0.01242489161229493,0.8807272,-0.00980859,0.021404134449040445,-0.050422690048151114,0.25267106960000196
28.750000000000433,0.01127773,0.012802674771876367,0.88088858,-0.0098078,0.021420820972030928,-0.05022632491031964,0.25290057500000196
28.800000000000434,0.01161201,0.013179777181598561,0.88104752,-0.00980659,0.021437211782836862,-0.05003181867599333,0.25313008040000196
28.85000000000044,0.011945649999999999,0.013556057278278376,0.8812038600000001,-0.009804940000000002,0.02145334622605061,-0.04983922680437293,0.253359585800002
28.90000000000044,0.01227848,0.013931329580871376,0.8813573699999999,-0.00980291,0.021469207923200142,-0.04964862817077554,0.253589091200002
28.95000000000044,0.01261037,0.014305453676777722,0.8815078700000001,-0.00980046,0.02148482374079899,-0.04946006286124901,0.253818596600002
29.000000000000444,0.012941170000000002,0.014678267014529052,0.8816551699999999,-0.00979762,0.02150016585818352,-0.04927358875215471,0.254048102000002
29.050000000000445,0.01327072,0.015049596446609956,0.8817990600000001,-0.00979441,0.021515275504269057,-0.049089253014079015,0.25427760740000205
29.100000000000442,0.013598869999999999,0.01541928024869284,0.88193935,-0.00979084,0.021530177507206018,-0.04890710546784116,0.254507112800002
29.150000000000443,0.01392549,0.015787179753305798,0.8820758499999999,-0.00978694,0.02154487008938322,-0.04872718784994573,0.25473661820000204
29.200000000000443,0.014250439999999998,0.016153145133352725,0.8822083800000001,-0.00978273,0.02155939214116669,-0.048549515435684885,0.25496612360000204
29.250000000000448,0.01457355,0.016516993648411235,0.8823367199999999,-0.00977821,0.021573765901079952,-0.04837414866045088,0.25519562900000203
29.30000000000045,0.014894699999999999,0.016878598673006055,0.8824607000000001,-0.00977338,0.02158798601634715,-0.048201107782195426,0.25542513440000203
29.35000000000045,0.01521375,0.017237811987401347,0.88258011,-0.00976831,0.02160212378567441,-0.04803041030123097,0.255654639800002
29.400000000000453,0.01553055,0.017594473994611677,0.8826947600000001,-0.00976298,0.021616177395557247,-0.04786211040330534,0.2558841452000021
29.450000000000454,0.015844979999999998,0.017948459187117616,0.8828044700000001,-0.009757430000000001,0.021630191407405533,-0.04769619359929497,0.2561136506000021
29.50000000000045,0.01615688,0.018299598052578483,0.8829090100000001,-0.00975169,0.021644208384489372,-0.04753272071667851,0.25634315600000207
29.550000000000452,0.016466159999999997,0.018647798590783266,0.88300825,-0.00974575,0.021658259888873804,-0.04737167783518661,0.25657266140000207
29.600000000000456,0.01677266,0.01899289161363777,0.8831019700000001,-0.00973964,0.02167236242656531,-0.047213086202629075,0.25680216680000206
29.650000000000457,0.017076249999999998,0.019334741984612235,0.8831899599999999,-0.00973342,0.02168658315330472,-0.047056977473975,0.25703167220000206
29.700000000000458,0.01737685,0.019673269648993436,0.8832720900000001,-0.00972707,0.021700975854702945,-0.04690334205861501,0.25726117760000206
29.750000000000462,0.01767431,0.020008316992475534,0.88334816,-0.00972067,0.021715550772430346,-0.04675220982073936,0.2574906830000021
29.800000000000463,0.017968529999999996,0.02033978344746353,0.88341796,-0.0097142,0.02173039382932118,-0.04660358535800399,0.2577201884000021
29.85000000000046,0.01825939,0.020667544602583233,0.88348134,-0.00970769,0.021745525429839582,-0.04645747035514679,0.2579496938000021
29.90000000000046,0.01854678,0.02099148888985647,0.8835380899999999,-0.00970119,0.021761012274460027,-0.046313882314874884,0.2581791992000021
29.95000000000046,0.01883063,0.021311548249949228,0.8835880800000001,-0.00969473,0.021776917237336414,-0.04617281527853251,0.2584087046000021
30.000000000000465,0.01911081,0.02162758797327568,0.88363113,-0.0096883,0.02179328527703888,-0.04603429277762184,0.2586382100000026
30.050000000000466,0.01938725,0.0219395410988892,0.88366707,-0.00968197,0.021810171998381856,-0.04589830942871921,0.25891666530000257
30.100000000000467,0.019659830000000003,0.02224728464507313,0.8836957100000001,-0.00967576,0.021827655014751354,-0.04576487671756607,0.2591951206000026
30.15000000000047,0.019928519999999998,0.022550795762167872,0.8837169299999998,-0.00966968,0.021845766935802462,-0.045633992774116026,0.2594735759000026
30.200000000000472,0.0201932,0.022849950749129343,0.88373057,-0.0096638,0.02186459959999725,-0.04550565855698821,0.2597520312000026
30.25000000000047,0.020453819999999998,0.023144705641597103,0.88373645,-0.00965812,0.02188419648329817,-0.04537989393026841,0.2600304865000026
30.30000000000047,0.0207103,0.023434981214492438,0.88373444,-0.009652669999999999,0.021904658784979963,-0.045256695551396546,0.2603089418000026
30.350000000000474,0.02096261,0.02372075448588373,0.8837244200000001,-0.009647519999999998,0.021926008222305306,-0.04513605605682358,0.2605873971000026
30.400000000000475,0.021210649999999998,0.024001925074193207,0.8837062000000001,-0.00964266,0.021948333497192902,-0.04501800109877085,0.2608658524000026
30.450000000000475,0.02145442,0.02427850271993348,0.8836796999999998,-0.00963816,0.02197173336434793,-0.04490251024567378,0.26114430770000263
30.50000000000048,0.02169384,0.024550408695910787,0.8836447599999999,-0.00963403,0.021996268801362653,-0.04478960914761724,0.26142276300000267
30.55000000000048,0.021928910000000003,0.02481765276734714,0.8836012899999999,-0.009630300000000001,0.022021978225690807,-0.04467927795321282,0.26170121830000265
30.600000000000477,0.02215957,0.025080178336204368,0.88354914,-0.009627039999999998,0.02204895736057377,-0.04457154294492955,0.2619796736000026
30.650000000000478,0.02238581,0.025337983853796986,0.88348821,-0.009624240000000001,0.022077296142671097,-0.04446638791145631,0.26225812890000266
30.70000000000048,0.02260763,0.025591077768311016,0.88341844,-0.00962196,0.02210704079016909,-0.044363819575584176,0.26253658420000264
30.750000000000483,0.022825,0.025839437280112183,0.8833396700000001,-0.00962024,0.022138264293945904,-0.044263851786444236,0.2628150395000027
30.800000000000484,0.0230379,0.026083048433458076,0.8832518200000001,-0.00961908,0.022171075913153156,-0.04416648296943709,0.26309349480000266
30.850000000000485,0.023246379999999997,0.02632197543071835,0.88315484,-0.00961854,0.022205522090020764,-0.0440716953965376,0.2633719501000027
30.90000000000049,0.02345043,0.02655621522098471,0.88304865,-0.00961867,0.022241691465291032,-0.04397950967208215,0.26365040540000273
30.95000000000049,0.023650039999999997,0.02678576545444879,0.8829331400000001,-0.00961948,0.022279625031521512,-0.043889924786078685,0.2639288607000027
31.000000000000487,0.02384528,0.027010711158923173,0.8828083000000001,-0.009621010000000001,0.022319437387156516,-0.04380292410044437,0.2642073160000027
31.050000000000487,0.02403614,0.027231049578189698,0.88267402,-0.00962328,0.02236118093192307,-0.04371852250034715,0.26448577130000267
31.10000000000049,0.024222689999999998,0.027446864997156477,0.8825302999999999,-0.00962638,0.022404927177118873,-0.043636713383427575,0.2647642266000027
31.150000000000492,0.02440495,0.027658186679100957,0.88237708,-0.009630259999999998,0.022450747386093855,-0.04355748962718946,0.26504268190000274
31.200000000000493,0.024583,0.02786510915861517,0.88221438,-0.009635010000000001,0.02249871459148278,-0.043480828697509986,0.2653211372000027
31.250000000000497,0.02475685,0.02806765182903745,0.8820420800000001,-0.00964065,0.022548885016572328,-0.04340675454877923,0.26559959250000276
31.300000000000498,0.024926619999999997,0.028265952249622868,0.8818602599999998,-0.00964719,0.022601322873292175,-0.043335223802446296,0.26587804780000274
31.350000000000495,0.02509234,0.028460050505356972,0.8816688500000001,-0.00965469,0.02265608548539222,-0.04326625477758864,0.2661565031000027
31.400000000000496,0.02525411,0.02865006169084476,0.88146791,-0.00966318,0.02271325979486432,-0.043199807391668746,0.26643495840000275
31.450000000000497,0.025412000000000004,0.028836069588339695,0.8812574099999999,-0.00967265,0.022772855249998846,-0.04313588406612821,0.26671341370000273
31.5000000000005,0.02556611,0.02901818923918553,0.8810374000000001,-0.00968317,0.02283496695063954,-0.04307445416855381,0.26699186900000277
31.5500000000005,0.02571652,0.029196514454434712,0.8808078800000001,-0.00969476,0.02289962088586621,-0.04301550118535488,0.26727032430000275
31.600000000000502,0.025863329999999997,0.029371158939255328,0.8805689299999999,-0.009707440000000001,0.022966889569286476,-0.04295900695925161,0.2675487796000028
31.650000000000507,0.026006679999999997,0.029542283670595134,0.88032057,-0.009721229999999999,0.023036782322880946,-0.04290492819964825,0.2678272349000028
31.700000000000507,0.02614663,0.029709957309185846,0.88006286,-0.009736170000000002,0.023109358799624884,-0.042853244831630555,0.2681056902000028
31.750000000000504,0.026283349999999997,0.02987437267835353,0.87979588,-0.009752259999999999,0.0231846547680055,-0.04280391773612065,0.2683841455000028
31.800000000000505,0.026416919999999997,0.030035620919413406,0.8795196900000001,-0.00976954,0.02326271126407238,-0.04275691149356669,0.2686626008000028
31.85000000000051,0.02654749,0.030193870940445466,0.8792344,-0.00978802,0.02334351831706609,-0.04271217829270865,0.2689410561000028
31.90000000000051,0.026675209999999998,0.030349291599068205,0.87894012,-0.009807729999999999,0.0234271338313162,-0.042669671558253686,0.26921951140000283
31.95000000000051,0.026800189999999998,0.030502007934085078,0.87863691,-0.009828680000000001,0.02351356437532175,-0.04262934507796031,0.2694979667000028
32.00000000000051,0.026922559999999998,0.030652165275059373,0.8783249000000001,-0.009850890000000001,0.02360281543420615,-0.042591142585491626,0.26977642200000285
32.050000000000516,0.02704252,0.030799987936276932,0.87800424,-0.00987436,0.023694918640687502,-0.042554995802324816,0.2700548773000029
32.10000000000051,0.02716017,0.03094558743580554,0.87767505,-0.00989914,0.023789839462148542,-0.0425208588491523,0.27033333260000286
32.15000000000052,0.02727569,0.031089165723196567,0.8773374700000001,-0.0099252,0.02388761199905508,-0.04248865284647181,0.27061178790000284
32.200000000000514,0.02738923,0.031230890638820688,0.87699164,-0.00995259,0.023988219855278964,-0.04245830127117016,0.2708902432000028
32.25000000000052,0.027500950000000003,0.03137093934899632,0.8766377600000002,-0.00998127,0.024091605052561357,-0.04242973096423327,0.27116869850000286
32.30000000000052,0.02761102,0.03150950265131657,0.87627597,-0.01001128,0.024197827575201867,-0.042402852796280456,0.2714471538000029
32.35000000000052,0.02771962,0.03164678109578048,0.87590646,-0.01004262,0.024306813003045047,-0.04237758649125923,0.2717256091000029
32.400000000000524,0.02782688,0.03178291863433805,0.8755294100000001,-0.01007529,0.02441854610586388,-0.04235383927388505,0.2720040644000029
32.45000000000053,0.027933030000000005,0.03191817137149812,0.8751450599999999,-0.01010929,0.02453299251885101,-0.042331500664654076,0.27228251970000295
32.50000000000052,0.0280382,0.03205268427769892,0.8747535700000001,-0.0101446,0.024650091205604092,-0.04231049433620537,0.27256097500000287
32.55000000000052,0.02814259,0.03218667955967276,0.87435518,-0.01018124,0.024769829298939467,-0.04229068959648892,0.2728394303000029
32.60000000000053,0.02824637,0.03232034606643622,0.87395011,-0.010219180000000001,0.024892130415968817,-0.04227197967773985,0.27311788560000294
32.650000000000524,0.02834973,0.032453894625218686,0.87353861,-0.01025844,0.02501691925625935,-0.04225425538981056,0.2733963409000029
32.70000000000053,0.028452830000000002,0.03258750380588769,0.87312088,-0.01029901,0.025144197656525046,-0.042237402790455895,0.2736747962000029
32.75000000000053,0.02855588,0.032721405941914194,0.87269722,-0.010340870000000002,0.025273843552067812,-0.04222128041220153,0.27395325150000294
32.80000000000053,0.02865906,0.03285580226303193,0.8722678500000001,-0.01038399,0.0254057916581633,-0.04220576799470534,0.2742317068000029
32.85000000000053,0.02876256,0.032990903097893536,0.87183306,-0.01042836,0.025539977421583596,-0.042190722082197846,0.2745101621000029
32.90000000000053,0.028866540000000003,0.03312688575194266,0.87139311,-0.010473969999999999,0.025676294816561834,-0.04217601729628359,0.27478861740000293
32.950000000000536,0.028971209999999997,0.033263984401002554,0.8709482799999999,-0.0105208,0.025814669937150075,-0.04216151289714086,0.27506707270000297
33.00000000000053,0.02907675,0.033402398328213796,0.87049887,-0.01056882,0.025954990543454265,-0.04214705557203406,0.27534552800000295
33.05000000000054,0.029183340000000002,0.03354232823434508,0.8700451499999999,-0.01061799,0.026097172565383405,-0.042132521530881234,0.275623983300003
33.10000000000054,0.02929117,0.03368398505944365,0.8695874299999999,-0.01066831,0.026241113413561556,-0.042117730506016075,0.275902438600003
33.15000000000054,0.029400420000000003,0.03382756852682882,0.8691260200000002,-0.01071976,0.02638669751109449,-0.04210254953962468,0.276180893900003
33.20000000000054,0.02951127,0.03397327862784897,0.8686612300000001,-0.010772279999999999,0.026533814699062783,-0.042086828072825155,0.27645934920000304
33.25000000000054,0.029623919999999998,0.034121339052857996,0.8681933599999999,-0.010825849999999998,0.0266823304094751,-0.04207039306742842,0.276737804500003
33.300000000000544,0.02973855,0.03427194840121575,0.86772277,-0.01088042,0.026832145155018822,-0.04205309660234728,0.277016259800003
33.35000000000054,0.029855319999999998,0.034425285616113306,0.86724974,-0.01093597,0.02698311729148062,-0.04203477866033426,0.277294715100003
33.400000000000546,0.02997442,0.03458156129927338,0.86677463,-0.010992469999999999,0.027135125792356298,-0.04201528206467979,0.277573170400003
33.45000000000055,0.03009601,0.03474095367326073,0.8662977499999999,-0.01104985,0.027288030992491927,-0.04199445632914489,0.27785162570000305
33.50000000000055,0.0302203,0.034903696897734315,0.8658194599999999,-0.01110808,0.02744170330083757,-0.04197211710663358,0.278130081000003
33.55000000000055,0.03034743,0.0350699461418683,0.8653400800000001,-0.011167119999999999,0.027595969727425774,-0.04194811472012941,0.27840853630000306
33.600000000000556,0.030477579999999997,0.03523990172929268,0.86485996,-0.011226920000000001,0.02775072830735438,-0.04192229454312756,0.2786869916000031
33.65000000000055,0.030610909999999998,0.035413741446696144,0.8643794399999999,-0.01128744,0.02790580662004236,-0.04189449664244373,0.2789654469000031
33.70000000000055,0.03074758,0.03559164239222072,0.8638988799999999,-0.01134862,0.02806107694465414,-0.041864568071543096,0.27924390220000306
33.750000000000554,0.030887770000000002,0.03577380617265128,0.8634186100000002,-0.011410420000000001,0.028216389779583777,-0.04183234710086112,0.2795223575000031
33.80000000000056,0.0310316,0.0359603650297583,0.86293896,-0.01147279,0.02837154110517086,-0.04179769326826176,0.2798008128000031
33.850000000000556,0.03117926,0.0361515298466137,0.86246032,-0.01153567,0.028526438498603358,-0.04176044102787141,0.28007926810000305
33.90000000000056,0.03133087,0.03634743418776744,0.8619829900000001,-0.01159903,0.02868089958992221,-0.041720442512653,0.2803577234000031
33.950000000000564,0.03148658,0.03654824345431578,0.86150734,-0.011662750000000001,0.028834755157275044,-0.04167757629522523,0.2806361787000031
34.000000000000554,0.03164654,0.03675412429555168,0.86103371,-0.01172685,0.028987874930401503,-0.04163167988079285,0.28091463400000305
34.05000000000056,0.03181087,0.03696520890413493,0.86056243,-0.011791250000000001,0.029140091924268186,-0.04158263557379044,0.2811930893000031
34.10000000000056,0.03197971,0.03718165131419495,0.86009386,-0.01185588,0.02929122168438865,-0.04153030953538692,0.2814715446000031
34.15000000000056,0.03215317,0.03740357358411274,0.8596282899999999,-0.011920710000000001,0.029441113602644172,-0.04147457242776659,0.2817499999000031
34.200000000000564,0.03233139,0.03763112816449429,0.85916611,-0.011985659999999999,0.029589645189461132,-0.04141529378656426,0.28202845520000314
34.25000000000057,0.03251446,0.03786441347596768,0.85870761,-0.01205068,0.029736600281027422,-0.04135237869975232,0.28230691050000317
34.300000000000566,0.032702480000000006,0.0381035384550315,0.8582531000000001,-0.01211573,0.02988186579661986,-0.04128571458802812,0.28258536580000315
34.35000000000057,0.0328956,0.03834866915991227,0.85780291,-0.01218075,0.03002525576082908,-0.04121519452534642,0.2828638211000032
34.40000000000057,0.03309385,0.038599832380278774,0.8573573499999999,-0.01224566,0.030166638578187657,-0.041140730494610214,0.28314227640000317
34.45000000000057,0.033297349999999996,0.0388571598883028,0.85691672,-0.01231044,0.030305856686620822,-0.04106222359684315,0.28342073170000315
34.50000000000057,0.03350617,0.03912072615153099,0.8564812900000001,-0.012375009999999999,0.030442733022920273,-0.04097960816229647,0.28369918700000313
34.55000000000057,0.033720389999999996,0.03939061507488739,0.85605137,-0.01243935,0.030577138575497875,-0.04089280112901986,0.28397764230000316
34.60000000000058,0.03394007,0.03966688765464167,0.85562725,-0.01250337,0.030708948586052238,-0.040801739168751794,0.2842560976000032
34.650000000000574,0.03416525,0.039949584729648706,0.8552091399999999,-0.012567040000000002,0.030837967806053624,-0.0407063746771207,0.2845345529000032
34.70000000000058,0.034395999999999996,0.04023877659144852,0.8547973600000001,-0.01263033,0.030964103889794703,-0.040606639732473186,0.2848130082000032
34.750000000000576,0.03463234,0.040534480122949634,0.8543921099999999,-0.01269315,0.031087173907938304,-0.040502521359569284,0.2850914635000032
34.80000000000058,0.03487433,0.04083675515811207,0.85399366,-0.01275548,0.031207097583335112,-0.0403939551035892,0.28536991880000323
34.85000000000058,0.03512196,0.04114558183787292,0.85360222,-0.012817290000000002,0.03132372161332685,-0.04028093994814365,0.2856483741000032
34.90000000000058,0.03537525,0.04146097528956229,0.85321799,-0.012878510000000001,0.03143690547443561,-0.04016345598924336,0.28592682940000325
34.950000000000585,0.03563422,0.041782949552224946,0.8528411800000001,-0.012939119999999998,0.031546552503492364,-0.040041485248865714,0.2862052847000032
35.00000000000058,0.03589884,0.042111460861287905,0.8524719700000001,-0.012999080000000001,0.031652526610363975,-0.03991504793841556,0.2864837400000033
35.05000000000059,0.03616912,0.04244651119505562,0.85211055,-0.01305833,0.031754738273057775,-0.039784134581918214,0.28676795410000333
35.10000000000059,0.03644502,0.04278804418287849,0.85175709,-0.01311688,0.03185307757235398,-0.039648776527108014,0.28705216820000334
35.15000000000059,0.03672649,0.04313599503356589,0.8514116800000001,-0.013174690000000001,0.031947453224405856,-0.03950900276642801,0.28733638230000336
35.200000000000585,0.03701351,0.04349032796799039,0.8510745200000001,-0.01323169,0.032037746703696246,-0.03936484378558166,0.2876205964000033
35.25000000000059,0.03730601,0.043850954376870886,0.85074568,-0.0132879,0.032123894275377006,-0.03921634473309739,0.2879048105000033
35.300000000000594,0.03760395,0.044217816141902,0.8504253099999999,-0.013343309999999999,0.03220582559438897,-0.03906355523957802,0.28818902460000334
35.35000000000059,0.03790722,0.04459077680535988,0.8501134699999999,-0.013397850000000001,0.03228341846829112,-0.03890653363708911,0.28847323870000335
35.400000000000595,0.038215769999999996,0.04496976825120667,0.84981025,-0.01345153,0.032356652077524965,-0.038745347862549774,0.28875745280000337
35.4500000000006,0.038529469999999996,0.045354630236435066,0.8495156899999999,-0.01350434,0.032425433789073664,-0.03858007537426254,0.2890416669000034
35.50000000000059,0.038848270000000004,0.04574529390964545,0.84922987,-0.01355623,0.03248971952786297,-0.03841078281012197,0.28932588100000334
35.550000000000594,0.03917202,0.04614157528967953,0.84895281,-0.01360726,0.03254947566999198,-0.03823756010062804,0.28961009510000335
35.6000000000006,0.0395006,0.046543325663581075,0.8486845200000002,-0.013657390000000002,0.03260464372342075,-0.038060526021665354,0.2898943092000034
35.650000000000595,0.03983389,0.04695039576921477,0.84842501,-0.013706620000000001,0.032655184928577566,-0.03787974390525066,0.2901785233000034
35.7000000000006,0.040171750000000006,0.04736261222914456,0.84817429,-0.01375492,0.03270107316538404,-0.037695331298463836,0.2904627374000034
35.750000000000604,0.04051404,0.047779803371809176,0.8479323299999999,-0.01380232,0.03274227131888684,-0.037507393540769124,0.2907469515000034
35.8000000000006,0.04086059,0.048201762823666144,0.84769908,-0.013848830000000001,0.032778801988739614,-0.03731605666832421,0.2910311656000034
35.850000000000605,0.04121126,0.04862831746257104,0.8474745199999999,-0.013894450000000001,0.03281064253952367,-0.03712141819402853,0.29131537970000343
35.9000000000006,0.041565870000000005,0.04905924942064322,0.8472585800000001,-0.013939189999999999,0.032837760185716075,-0.036923600391519644,0.29159959380000344
35.95000000000061,0.04192424,0.049494342230757354,0.84705116,-0.01398304,0.03286017998273594,-0.03672274035173611,0.29188380790000346
36.000000000000604,0.042286199999999996,0.049933386843652755,0.8468522300000001,-0.014026050000000002,0.03287791654648147,-0.0365189561742634,0.2921680220000034
36.05000000000061,0.042651549999999996,0.050376143755273585,0.8466616699999999,-0.01406821,0.03289098120285559,-0.036312367218179986,0.2924522361000034
36.10000000000061,0.04302011,0.050822395096943834,0.8464793899999999,-0.01410955,0.032899390425684176,-0.03610311744168986,0.2927364502000035
36.15000000000061,0.04339169,0.051271914005023594,0.8463052500000001,-0.01415011,0.03290319434274429,-0.03589132340629959,0.29302066430000345
36.200000000000614,0.043766059999999996,0.051724423202443436,0.84613916,-0.014189839999999999,0.03290238012214314,-0.0356771320911847,0.29330487840000347
36.25000000000061,0.04414303,0.05217969742699289,0.8459809500000001,-0.01422887,0.03289702208849002,-0.035460664963530175,0.2935890925000035
36.300000000000615,0.0445224,0.052637495897375465,0.8458305100000001,-0.014267119999999998,0.032887167726734994,-0.03524206367944043,0.2938733066000035
36.35000000000061,0.04490394,0.05309754416435287,0.8456877,-0.0143047,0.032872866141743715,-0.03502144558871567,0.2941575207000035
36.40000000000062,0.045287469999999996,0.0535596281701585,0.84555236,-0.014341610000000001,0.03285416853955674,-0.03479894943168111,0.2944417348000035
36.45000000000062,0.045672729999999995,0.05402344124719387,0.8454243,-0.01437785,0.032831128220741974,-0.03457471354977114,0.29472594890000353
36.50000000000062,0.046059539999999996,0.054488768281040115,0.84530338,-0.01441348,0.03280382119611067,-0.03434886857899603,0.2950101630000035
36.55000000000062,0.04644765000000001,0.054955313390514134,0.8451894299999999,-0.01444853,0.03277232045499068,-0.03412153131942602,0.29529437710000356
36.60000000000063,0.04683688,0.055422863676658794,0.84508228,-0.014483010000000001,0.03273668398789957,-0.033892825448910424,0.29557859120000357
36.650000000000624,0.04722698,0.055891126260104194,0.8449817199999999,-0.014516989999999999,0.032697014651068675,-0.0336628937051699,0.29586280530000353
36.70000000000062,0.04761775,0.05635986439332125,0.8448875899999999,-0.01455049,0.03265338410115251,-0.0334318496464645,0.29614701940000354
36.750000000000625,0.04800898,0.0568288310610334,0.84479971,-0.01458351,0.03260587102765389,-0.033199808954145,0.29643123350000355
36.80000000000063,0.04840043000000001,0.05729774740761072,0.84471785,-0.01461612,0.0325545755236403,-0.03296690657607329,0.29671544760000357
36.85000000000063,0.04879192,0.05776640054282888,0.8446418600000001,-0.01464835,0.032499629339363234,-0.03273324168279587,0.2969996617000036
36.90000000000063,0.04918323,0.05823453530613962,0.84457152,-0.01468024,0.0324410742799988,-0.03249894711783749,0.2972838758000036
36.950000000000635,0.04957416,0.05870191646917365,0.84450667,-0.01471176,0.032379034182476785,-0.03226411852500233,0.2975680899000036
37.000000000000625,0.049964480000000006,0.0591682805926079,0.8444470500000002,-0.014743049999999999,0.03231365393566008,-0.032028891916089854,0.29785230400000356
37.05000000000063,0.05035403,0.05963343778475354,0.8443925399999999,-0.01477409,0.032244975291272904,-0.03179335806353833,0.2981365181000036
37.100000000000634,0.050742600000000006,0.06009714844640901,0.8443428900000001,-0.014804890000000001,0.03217316428923335,-0.031557623502447826,0.2984207322000036
37.15000000000063,0.05112998,0.06055916921552014,0.8442979100000001,-0.014835520000000001,0.032098316044848835,-0.03132183454626608,0.2987049463000036
37.200000000000635,0.05151604,0.0610193490149243,0.8442574500000001,-0.01486599,0.032020532568534835,-0.031086056106772272,0.2989891604000036
37.25000000000064,0.051900520000000006,0.06147739114598218,0.84422125,-0.01489634,0.03193996217652739,-0.030850430861996625,0.29927337450000363
37.30000000000064,0.052283319999999994,0.06193317874634238,0.84418919,-0.014926599999999998,0.03185670003108609,-0.030615051493424476,0.29955758860000364
37.35000000000064,0.052664220000000005,0.06238646345440664,0.84416101,-0.014956810000000003,0.03177090794784121,-0.030380043329544453,0.29984180270000366
37.40000000000064,0.053043080000000006,0.06283708259627845,0.8441365799999999,-0.014986999999999999,0.03168267162417336,-0.030145519145205017,0.3001260168000036
37.45000000000064,0.05341973999999999,0.06328485688122747,0.84411568,-0.015017179999999998,0.031592149404749276,-0.029911594035115962,0.3004102309000037
37.50000000000064,0.05379404,0.063729604518849,0.8440981300000001,-0.015047399999999999,0.03149945268669918,-0.029678413736642976,0.30069444500000364
37.550000000000644,0.05416582,0.06417114491507679,0.8440837400000001,-0.01507766,0.0314047391802352,-0.029446091089718733,0.30097865910000365
37.60000000000065,0.05453497,0.0646093533425339,0.8440723699999999,-0.015108,0.03130810539117307,-0.029214777255051814,0.30126287320000367
37.650000000000645,0.05490134,0.06504406343401928,0.84406381,-0.01513846,0.031209711712830678,-0.028984611248444956,0.3015470873000037
37.70000000000065,0.055264789999999994,0.06547511806328829,0.84405789,-0.015169029999999997,0.031109674400260117,-0.02875577979172876,0.3018313014000037
37.750000000000654,0.05562523,0.06590241741152084,0.8440544700000001,-0.015199760000000001,0.031008144735946392,-0.028528438054597344,0.3021155155000037
37.80000000000065,0.05598251,0.0663257956383918,0.84405335,-0.01523067,0.030905257188226076,-0.028302781033213806,0.3023997296000037
37.85000000000065,0.05633655,0.06674516318509416,0.84405442,-0.01526174,0.030801146664960376,-0.028079036676118156,0.3026839437000037
37.90000000000065,0.05668724,0.06716040318913355,0.84405747,-0.015293039999999997,0.03069593401192737,-0.02785742461176767,0.30296815780000375
37.95000000000066,0.05703445,0.06757137076425693,0.8440623500000001,-0.01532453,0.03058976245794661,-0.02763823231721919,0.30325237190000376
38.000000000000654,0.05737813,0.06797801373901993,0.8440689400000001,-0.015356289999999998,0.030482785675400467,-0.02742171649386516,0.3035365860000037
38.05000000000066,0.05771818,0.06838022504272032,0.8440770700000001,-0.015388299999999999,0.030375129795146557,-0.027208235930160123,0.30382080010000373
38.10000000000066,0.05805453,0.06877792944994199,0.8440866200000001,-0.015420559999999998,0.03026692885950935,-0.026998129752207434,0.3041050142000038
38.15000000000066,0.05838709,0.06917103323418561,0.84409741,-0.01545309,0.030158308318332445,-0.026791808316235576,0.30438922830000376
38.20000000000066,0.05871582,0.06955949322064747,0.8441093700000001,-0.015485900000000002,0.030049399977340643,-0.02658972373620405,0.3046734424000037
38.25000000000066,0.05904062,0.06994320692562211,0.8441222899999999,-0.015519020000000001,0.029940356773605754,-0.026392381263168813,0.3049576565000038
38.300000000000665,0.05936149,0.07032217659016682,0.84413613,-0.015552410000000001,0.02983127692284392,-0.026200296615462516,0.3052418706000038
38.35000000000066,0.05967831999999999,0.07069628764977968,0.84415069,-0.015586110000000002,0.029722310353086624,-0.026014074521296046,0.30552608470000375
38.40000000000067,0.05999111,0.07106554697519876,0.8441658799999999,-0.01562011,0.02961359818217976,-0.025834345406686672,0.3058102988000038
38.45000000000067,0.0602998,0.07142989138829844,0.8441816,-0.01565443,0.029505226338037132,-0.02566175430080262,0.30609451290000383
38.50000000000067,0.06060436,0.0717892968461144,0.84419771,-0.01568904,0.029397335825278453,-0.025496985521103584,0.3063787270000038
38.550000000000665,0.06090478,0.0721437572699268,0.8442141399999998,-0.01572395,0.029290043335331545,-0.025340706720130668,0.3066629411000038
38.60000000000067,0.06120101,0.07249322448284162,0.84423076,-0.01575918,0.02918346776918397,-0.025193574739546948,0.3069471552000038
38.65000000000067,0.06149304,0.07283769791472508,0.8442474400000001,-0.0157947,0.029077725111425073,-0.025056169241739836,0.30723136930000383
38.70000000000067,0.06178084,0.07317714658799965,0.8442641300000001,-0.01583051,0.0289729203824882,-0.02492898932526234,0.30751558340000384
38.750000000000675,0.06206444,0.07351161502880683,0.84428073,-0.01586662,0.0288691609865926,-0.02481240622282843,0.30779979750000386
38.80000000000068,0.062343789999999996,0.07384105316287108,0.8442971399999999,-0.015902999999999997,0.028766550700819175,-0.024706647902681775,0.30808401160000387
38.850000000000676,0.06261892,0.07416550582185573,0.8443132600000002,-0.01593967,0.028665188208407074,-0.02461179473460777,0.3083682257000039
38.900000000000674,0.06288981,0.07448495611343549,0.84432902,-0.01597659,0.028565165814446094,-0.024527738779469913,0.30865243980000384
38.95000000000068,0.06315648,0.07479943372867442,0.8443443599999999,-0.01601377,0.028466596448195207,-0.024454209113022665,0.30893665390000385
39.000000000000675,0.06341894000000001,0.07510896014655752,0.8443591800000001,-0.016051199999999998,0.028369540886880772,-0.024390815101204995,0.30922086800000387
39.05000000000068,0.06367718,0.07541353239471461,0.8443733900000001,-0.01608885,0.02827409217053662,-0.02433704103832088,0.3095050821000039
39.10000000000068,0.06393124,0.07571320234165155,0.84438695,-0.01612672,0.028180340606355346,-0.02429228371712201,0.3097892962000039
39.15000000000068,0.06418114,0.07600800000189484,0.8443998,-0.01616482,0.028088366691027086,-0.02425589286760658,0.3100735103000039
39.200000000000685,0.06442689,0.07629794721968844,0.84441184,-0.01620309,0.02799822427035329,-0.024227210581325313,0.3103577244000039
39.25000000000069,0.06466851,0.07658307144248454,0.8444230400000001,-0.01624152,0.02790998316776633,-0.024205564574581246,0.31064193850000393
39.300000000000686,0.06490604999999999,0.07686344020626755,0.84443332,-0.01628014,0.027823719621369824,-0.024190310589098797,0.31092615260000395
39.35000000000068,0.06513953,0.0771390819393014,0.84444264,-0.016318909999999996,0.027739487430358183,-0.024180843767916238,0.3112103667000039
39.40000000000069,0.06536898,0.07741003784766894,0.84445095,-0.016357820000000002,0.02765735686126569,-0.02417660370871856,0.3114945808000039
39.45000000000069,0.06559443,0.07767635008667509,0.84445819,-0.01639681,0.027577345693945963,-0.02417706998773606,0.31177879490000393
39.50000000000069,0.06581593,0.07793808453477548,0.8444643000000001,-0.01643594,0.027499554658168553,-0.024181781574945913,0.31206300900000394
39.55000000000069,0.06603352,0.07819529156099772,0.8444692600000001,-0.01647513,0.027423980289968855,-0.024190312426543615,0.31234722310000396
39.6000000000007,0.06624722,0.07844800248202133,0.844473,-0.01651442,0.02735069935587022,-0.024202302234406933,0.31263143720000397
39.650000000000695,0.06645709,0.07869629136665304,0.8444754999999999,-0.01655374,0.027279731645040058,-0.024217417472873315,0.312915651300004
39.70000000000069,0.06666318,0.07894022136051045,0.8444767299999999,-0.016593140000000003,0.027211139905402713,-0.02423537035664787,0.31319986540000394
39.750000000000696,0.06686552,0.07917983473385166,0.84447663,-0.016632510000000003,0.02714491453668992,-0.024255912244409743,0.313484079500004
39.8000000000007,0.06706416999999999,0.07941520460772804,0.8444751899999999,-0.016671940000000003,0.027081136741758095,-0.024278805233736128,0.313768293600004
39.8500000000007,0.06725917000000001,0.07964638416347933,0.8444723599999999,-0.01671135,0.027019780702811042,-0.024303895105426434,0.314052507700004
39.9000000000007,0.06745059,0.07987345928464415,0.84446812,-0.01675075,0.026960908210715003,-0.02433098879349188,0.314336721800004
39.950000000000706,0.06763845,0.08009645757601723,0.84446244,-0.016790109999999997,0.026904533151786893,-0.024359962213150545,0.31462093590000406
40.0000000000007,0.06782281,0.0803154530500312,0.8444552999999999,-0.016829459999999997,0.026850695116100807,-0.024390680752134547,0.31490515000000374
40.0500000000007,0.06800373,0.08053052065443043,0.8444466700000001,-0.01686874,0.02679937607746867,-0.02442305891869054,0.3151692083000037
40.100000000000705,0.06818126,0.08074172444296611,0.84443651,-0.01690798,0.026750629693403485,-0.024457008380404446,0.31543326660000376
40.15000000000071,0.06835546,0.08094913551985439,0.8444248300000001,-0.01694716,0.02670446197414207,-0.024492460132148428,0.31569732490000374
40.200000000000706,0.06852637,0.08115280414015151,0.84441161,-0.01698622,0.026660866739117838,-0.024529341835425014,0.3159613832000038
40.25000000000071,0.06869405,0.08135280711627521,0.8443968000000001,-0.01702523,0.026619917500029934,-0.024567627602970224,0.31622544150000376
40.300000000000715,0.06885854999999999,0.0815492017028391,0.84438043,-0.01706415,0.02658157069361779,-0.024607274872395106,0.3164894998000038
40.35000000000071,0.06901990999999999,0.08174204292817719,0.8443624299999999,-0.017102990000000002,0.026545860138337957,-0.02464823922533497,0.3167535581000038
40.40000000000071,0.06917820999999999,0.08193142351904616,0.84434283,-0.01714172,0.026512825011329892,-0.024690526231515193,0.31701761640000375
40.45000000000071,0.06933348,0.08211738276031312,0.8443216,-0.01718036,0.026482463491624034,-0.024734117123926095,0.3172816747000038
40.50000000000071,0.06948578999999999,0.08230000437996626,0.84429874,-0.01721892,0.026454795726041803,-0.024778988796676428,0.31754573300000377
40.550000000000715,0.06963518,0.08247934045030228,0.8442742099999999,-0.017257369999999998,0.02642982280799098,-0.024825150957595007,0.3178097913000038
40.60000000000072,0.06978169,0.08265543619147758,0.8442480399999999,-0.017295750000000002,0.02640756795060462,-0.024872594381446633,0.3180738496000038
40.650000000000716,0.0699254,0.0828283910149081,0.8442201899999999,-0.01733401,0.0263880557188096,-0.024921340096741504,0.3183379079000038
40.70000000000072,0.07006633,0.08299822835047443,0.8441906699999999,-0.01737221,0.026371286093632217,-0.02497137285187923,0.3186019662000038
40.750000000000725,0.07020455,0.08316503278699225,0.84415947,-0.017410339999999996,0.02635731294457764,-0.025022731830254785,0.31886602450000384
40.80000000000072,0.0703401,0.083328851383193,0.8441266,-0.017448389999999998,0.026346124543131576,-0.0250754007033293,0.3191300828000038
40.85000000000072,0.07047302,0.08348973610720783,0.8440920199999999,-0.01748638,0.026337755186211294,-0.025129389233689778,0.3193941411000038
40.90000000000072,0.07060336,0.08364774681406405,0.84405573,-0.01752433,0.02633221341075224,-0.025184736196117365,0.31965819940000384
40.95000000000073,0.07073116,0.08380293049290646,0.8440177399999998,-0.017562240000000003,0.02632951548997057,-0.025241438759646507,0.3199222577000039
41.000000000000725,0.07085647,0.08395534694296848,0.8439780499999999,-0.017600130000000002,0.026329712694752296,-0.02529950458285711,0.32018631600000386
41.05000000000073,0.07097933000000001,0.08410504708155633,0.84393663,-0.017638,0.02633281142741124,-0.02535896417639016,0.3204503743000039
41.10000000000073,0.0710998,0.08425209753652219,0.8438935299999999,-0.01767589,0.026338855741311163,-0.025419803977483627,0.3207144326000039
41.15000000000073,0.07121789,0.08439651563129741,0.8438486999999999,-0.0177138,0.02634782844821941,-0.02548203010339396,0.32097849090000385
41.20000000000073,0.07133364,0.08453834923907635,0.84380214,-0.01775176,0.026359803383489033,-0.025545680221890625,0.32124254920000384
41.25000000000073,0.07144711,0.0846776679080595,0.8437538699999999,-0.01778978,0.026374769178917942,-0.025610748028808507,0.32150660750000387
41.300000000000736,0.07155831,0.08481448792725077,0.84370385,-0.01782787,0.026392772336872834,-0.025677215512693096,0.3217706658000039
41.35000000000073,0.07166729000000001,0.08494886494210431,0.8436521200000001,-0.01786608,0.02641386651741089,-0.02574511334304721,0.3220347241000039
41.40000000000074,0.07177409,0.08508084875336334,0.8435986600000002,-0.017904390000000003,0.026438027269934498,-0.025814426049408968,0.3222987824000039
41.45000000000074,0.07187873,0.08521046342756942,0.84354347,-0.017942850000000003,0.026465321793120142,-0.025885143600824168,0.3225628407000039
41.50000000000074,0.07198124,0.0853377458755892,0.8434865399999999,-0.01798147,0.026495758501911208,-0.025957268740646203,0.32282689900000394
41.550000000000736,0.07208165999999999,0.08546274383842686,0.8434278700000001,-0.018020309999999998,0.02652939247931999,-0.026030795411289557,0.3230909573000039
41.60000000000074,0.07218001,0.08558548031263288,0.8433674699999999,-0.018059350000000002,0.026566226185444554,-0.02610570372484791,0.3233550156000039
41.650000000000745,0.07227632,0.08570599114195104,0.84330534,-0.018098620000000003,0.026606307037430055,-0.02618197100356361,0.32361907390000394
41.70000000000074,0.07237061,0.08582430436530729,0.84324144,-0.018138179999999997,0.026649667389425334,-0.026259590858632522,0.3238831322000039
41.750000000000746,0.07246291,0.08594045275018566,0.8431757999999999,-0.01817802,0.02669631615464576,-0.026338543091562038,0.32414719050000396
41.80000000000075,0.07255326000000001,0.08605448191219625,0.8431084400000001,-0.01821816,0.02674629019396148,-0.026418787313215147,0.324411248800004
41.85000000000075,0.07264166,0.08616639715175323,0.84303931,-0.018258669999999998,0.026799628721275226,-0.02650032122156548,0.324675307100004
41.90000000000075,0.07272814999999999,0.08627624303467399,0.8429684399999999,-0.01829953,0.02685632081804952,-0.026583099962656925,0.32493936540000395
41.95000000000075,0.07281275,0.0863840454966789,0.84289581,-0.01834077,0.026916433249633945,-0.026667101762796137,0.325203423700004
42.000000000000746,0.07289546,0.08648980468484059,0.84282142,-0.01838245,0.026979986856045725,-0.02675226896207471,0.32546748200000397
42.05000000000075,0.07297633,0.08659357902307088,0.84274528,-0.01842457,0.027046985996983103,-0.02683858407211258,0.32573154030000395
42.100000000000755,0.07305537000000001,0.08669538048695585,0.8426673899999999,-0.01846715,0.02711745595223859,-0.02692600634450026,0.325995598600004
42.15000000000075,0.07313259999999999,0.08679523393017802,0.8425877399999999,-0.01851026,0.02719143470002273,-0.027014489047239132,0.32625965690000397
42.200000000000756,0.07320803000000001,0.08689315438946868,0.8425062999999999,-0.01855385,0.02726891018381556,-0.027104004249686037,0.326523715200004
42.25000000000076,0.07328168,0.08698916153902758,0.84242311,-0.018597990000000002,0.02734992899188954,-0.027194493802731954,0.32678777350000404
42.30000000000076,0.07335361,0.0870833266406531,0.8423381700000001,-0.018642680000000002,0.0274344890417591,-0.027285912028319818,0.327051831800004
42.350000000000755,0.07342379,0.08717561721027611,0.8422514499999999,-0.018687950000000002,0.02752260209104873,-0.027378218907984368,0.327315890100004
42.40000000000076,0.07349226,0.08726607867833468,0.8421629699999998,-0.01873386,0.02761430346621475,-0.02747136518322763,0.32757994840000404
42.45000000000076,0.07355903999999999,0.08735473478638833,0.8420727300000002,-0.01878038,0.027709583981175175,-0.027565292543130008,0.327844006700004
42.50000000000076,0.07362413999999999,0.0874415994637217,0.8419807099999999,-0.018827530000000002,0.027808444805432757,-0.027659968773474503,0.328108065000004
42.55000000000075,0.07368759999999999,0.08752671706725845,0.84188694,-0.018875350000000003,0.027910907077886238,-0.027755325528011864,0.328372123300004
42.60000000000075,0.07374942,0.08761008962552955,0.8417914000000001,-0.01892386,0.028016966838970984,-0.027851326235099085,0.32863618160000396
42.650000000000745,0.07380966,0.08769178522953208,0.84169412,-0.01897305,0.02812662886398226,-0.02794790936530161,0.32890023990000394
42.70000000000074,0.07386828,0.08777176149027968,0.84159505,-0.01902298,0.028239905131402267,-0.028045030848003107,0.3291642982000039
42.75000000000074,0.07392536,0.08785010607202477,0.84149426,-0.0190736,0.028356762234366603,-0.028142636322276683,0.3294283565000039
42.800000000000736,0.07398089,0.08792681116385137,0.84139171,-0.01912497,0.028477220397721402,-0.028240663709199903,0.3296924148000039
42.85000000000073,0.07403492,0.08800193398826764,0.84128742,-0.019177099999999996,0.02860128049809309,-0.028339091854029323,0.32995647310000387
42.90000000000073,0.07408745,0.08807547337589729,0.8411814,-0.01922999,0.028728893634022874,-0.028437824708517617,0.33022053140000385
42.95000000000073,0.07413853000000001,0.08814748653349237,0.84107367,-0.01928362,0.028860102162476833,-0.02853684119318958,0.33048458970000383
43.000000000000725,0.07418818,0.08821799919404419,0.8409642099999999,-0.01933803,0.02899486721055297,-0.02863609861525972,0.3307486480000038
43.050000000000715,0.07423642,0.08828703184224637,0.8408530500000001,-0.01939323,0.029133165728732605,-0.02873551542069491,0.3310127063000038
43.10000000000071,0.07428330999999999,0.08835465147183454,0.84074023,-0.019449209999999998,0.029274994359193313,-0.028835048784788812,0.33127676460000377
43.15000000000071,0.07432885,0.0884208621218592,0.8406257100000001,-0.019505969999999997,0.029420326942425367,-0.02893467229116354,0.33154082290000375
43.200000000000706,0.07437308000000001,0.0884857059445155,0.84050954,-0.019563499999999998,0.029569154761639706,-0.029034310342485728,0.33180488120000373
43.2500000000007,0.07441606,0.08854925098919639,0.8403917500000001,-0.01962183,0.02972143510875947,-0.029133907635841602,0.3320689395000037
43.3000000000007,0.07445779999999999,0.0886115100327057,0.84027233,-0.01968093,0.02987718269958866,-0.029233434861116864,0.3323329978000037
43.3500000000007,0.07449834000000001,0.08867252627776626,0.8401513199999999,-0.01974084,0.030036349149974936,-0.0293328377486275,0.3325970561000037
43.400000000000695,0.07453775,0.08873237969533783,0.8400287499999999,-0.019801489999999998,0.030198905057031458,-0.029432054195860282,0.33286111440000365
43.45000000000069,0.07457604000000001,0.0887910788444855,0.8399046499999999,-0.0198629,0.030364823764194644,-0.029531033592131793,0.33312517270000364
43.50000000000069,0.07461326000000001,0.0888486841317932,0.83977901,-0.019925089999999996,0.030534085447296435,-0.029629737472886327,0.3333892310000036
43.55000000000068,0.07464947,0.08890525837069792,0.8396519100000001,-0.01998801,0.030706644215670976,-0.029728104116179762,0.3336532893000036
43.600000000000676,0.07468471,0.08896084691483933,0.8395233699999999,-0.020051680000000002,0.03088248501690238,-0.029826096022667628,0.3339173476000036
43.650000000000674,0.07471902,0.08901549406951509,0.8393934200000002,-0.020116050000000003,0.031061565176040307,-0.02992364065427015,0.33418140590000356
43.70000000000067,0.07475244,0.08906924733378274,0.8392620599999999,-0.020181150000000002,0.031243864195563263,-0.03002070357313668,0.33444546420000354
43.75000000000067,0.07478506,0.08912220212996946,0.8391293999999999,-0.020246939999999998,0.03142932838568779,-0.03011722361580232,0.3347095225000035
43.800000000000665,0.07481692000000001,0.08917440281292578,0.8389954700000001,-0.02031341,0.03161793100809096,-0.030213150356085686,0.3349735808000035
43.85000000000066,0.07484805,0.08922588608500777,0.8388602599999999,-0.02038053,0.031809638789725356,-0.030308429826640917,0.3352376391000035
43.90000000000066,0.07487853,0.08927673550918809,0.83872388,-0.020448300000000003,0.03200439360024496,-0.030403005299151905,0.33550169740000346
43.95000000000066,0.07490843,0.08932703126723883,0.83858636,-0.020516680000000002,0.032202178248000556,-0.030496822782867427,0.33576575570000344
44.00000000000065,0.0749378,0.08937682653001543,0.8384477599999999,-0.02058568,0.0324029542625576,-0.0305898205434262,0.3360298140000034
44.050000000000644,0.07496668,0.08942616682339107,0.8383081000000001,-0.020655240000000002,0.03260667673737389,-0.030681950016058612,0.3362938723000034
44.10000000000064,0.07499516,0.08947514774165247,0.8381674899999999,-0.020725349999999997,0.03281329429332264,-0.030773148725726417,0.3365579306000034
44.15000000000064,0.07502331000000001,0.08952385066357432,0.83802595,-0.02079599,0.03302276074366588,-0.03086335108507186,0.33682198890000337
44.200000000000635,0.07505117,0.08957231372850524,0.8378835700000001,-0.02086713,0.033235058697541064,-0.03095249078369991,0.33708604720000335
44.25000000000063,0.07507884000000001,0.08962064884012638,0.83774042,-0.02093875,0.033450114334294886,-0.031040520212019546,0.3373501055000033
44.30000000000063,0.07510637,0.08966891254910045,0.83759653,-0.02101082,0.03366790166184106,-0.03112736905637463,0.3376141638000033
44.35000000000063,0.07513385,0.08971719955968344,0.8374520200000001,-0.02108329,0.03388836982204367,-0.031212967778808394,0.3378782221000033
44.400000000000624,0.07516131,0.0897655426041385,0.8373069200000001,-0.02115617,0.03411148084467164,-0.03129724590904285,0.33814228040000327
44.45000000000062,0.07518889,0.08981409509870354,0.83716136,-0.02122943,0.03433718129893891,-0.03138014426479568,0.33840633870000325
44.50000000000061,0.07521660000000001,0.08986287025352332,0.8370153300000001,-0.021303009999999997,0.034565416529638404,-0.0314615878903972,0.33867039700000323
44.55000000000061,0.07524455,0.08991198144512462,0.8368689999999999,-0.02137688,0.034796144368553245,-0.03154149614153279,0.3389344553000032
44.600000000000605,0.07527281999999999,0.08996152128830304,0.8367224,-0.021451050000000003,0.03502933373012396,-0.03161981958155521,0.3391985136000032
44.6500000000006,0.07530146,0.09001154014026849,0.8365756200000001,-0.021525449999999998,0.035264897093685105,-0.03169645726768601,0.3394625719000032
44.70000000000061,0.07533059,0.09006216990838321,0.8364287700000002,-0.021600059999999997,0.03550280957359853,-0.031771337211017915,0.3397266302000032
44.750000000000604,0.07536025,0.09011345444775803,0.83628189,-0.02167486,0.03574301847461963,-0.03184439507891952,0.3399906885000032
44.8000000000006,0.07539053999999999,0.0901654996882023,0.8361351100000001,-0.02174979,0.03598546110496849,-0.03191554234946062,0.34025474680000317
