time_fs,physical_c60_mean,physical_c60_sem,physical_c60_ci95_low,physical_c60_ci95_high,surface_c60_mean,surface_c60_sem,surface_c60_ci95_low,surface_c60_ci95_high,sh_state_0_mean,sh_state_1_mean,sh_state_2_mean,sh_state_3_mean,sh_state_4_mean,sh_state_5_mean,sh_state_6_mean,sh_state_7_mean,sh_state_8_mean,sh_state_9_mean,sh_state_0_sem,sh_state_1_sem,sh_state_2_sem,sh_state_3_sem,sh_state_4_sem,sh_state_5_sem,sh_state_6_sem,sh_state_7_sem,sh_state_8_sem,sh_state_9_sem
0.0,0.0014380594926732405,0.00015019661953779464,0.0010982911339577415,0.0017778278513887395,0.25158518282176334,0.06263752439805507,0.10988925834475574,0.39328110729877097,0.0025650000000000004,0.053384999999999995,0.15049999999999997,0.78815,0.002955,0.0009349999999999999,0.0011949999999999999,0.00013,7e-05,0.00011500000000000002,0.0007506312158591742,0.026744654761902107,0.0703984753622785,0.06476612969411986,0.0008925758604548226,0.0002206115238251267,0.00013953295110634062,4.48454134902457e-05,4.163331998932265e-05,2.114762923408253e-05
0.5,0.0018347435896198193,0.0001586714005166931,0.0014758039444097593,0.0021936832348298796,0.24320376660419254,0.05826805065703695,0.11139227844808777,0.3750152547602973,0.0030150000000000003,0.04252,0.16499499999999998,0.7831949999999999,0.0037150000000000004,0.00092,0.00131,0.000135,6.500000000000001e-05,0.00013,0.0008900702219488078,0.017748562070082057,0.07555765769338743,0.07192017776288129,0.0012288669126023731,0.0003500952251411988,0.00013494854986664773,4.890466917040402e-05,3.8042374035044425e-05,2.2607766610417554e-05
1.0,0.002912310373734372,0.00022622060108281995,0.0024005638206223553,0.0034240569268463887,0.2472870832305941,0.05756839958346651,0.11705831576202613,0.37751585069916205,0.0032150000000000004,0.036180000000000004,0.19542500000000002,0.754205,0.006874999999999999,0.002165,0.0015800000000000002,0.000145,4.4999999999999996e-05,0.000165,0.0010960547938452306,0.012543688541343101,0.08330564781774003,0.08107561266770942,0.0026672212964889966,0.000702260239828829,0.00018651779778050372,5.6000992054704796e-05,2.7335365778094535e-05,3.6552853665768844e-05
1.5,0.004408280703458276,0.0003637756502310858,0.0035853630106364503,0.005231198396280101,0.2279911416208633,0.05428721358333301,0.10518493256497055,0.3507973506767561,0.00577,0.02525,0.23704999999999998,0.712255,0.013445000000000002,0.004124999999999999,0.0017649999999999999,0.000135,4.4999999999999996e-05,0.00016,0.003218930119016427,0.01029415422028984,0.09871660785636156,0.09615984708633155,0.005741822445879009,0.0013604584603074882,0.0003005596631471214,5.1126205500593225e-05,3.201562118716423e-05,3.559026084010437e-05
2.0,0.006037704092929883,0.0005326386598319424,0.004832791733407818,0.007242616452451948,0.21356081357034212,0.052169572872086345,0.09554504061762908,0.33157658652305516,0.0041800000000000006,0.020184999999999998,0.243585,0.698915,0.023200000000000002,0.00756,0.00204,0.000155,2.9999999999999997e-05,0.00015000000000000001,0.0019723111091080716,0.007647192840077549,0.10180865550684337,0.09721120107214441,0.009945546183538082,0.00228014132115631,0.00043376901175113406,4.5e-05,2.9999999999999994e-05,3.073181485764295e-05
2.5,0.007638543794572489,0.0007215357894717984,0.006006316440203602,0.009270771148941375,0.20778483173464926,0.05194185826404411,0.09028418501359274,0.32528547845570577,0.003534999999999999,0.016399999999999998,0.23419500000000001,0.6925899999999999,0.033955,0.01677,0.00224,0.000145,4.4999999999999996e-05,0.000125,0.0016881622157442887,0.0057005214186462315,0.09921474505390371,0.0914789255633352,0.014075014209584298,0.006628202370678392,0.000518051906451253,3.3706247360261145e-05,3.023059524536175e-05,2.6087459737497542e-05
3.0,0.0092401456283079,0.0009413858031322619,0.0071105829907957135,0.011369708265820087,0.19071497308372798,0.04237731733288755,0.0948508211389639,0.28657912502849203,0.00317,0.013929999999999998,0.21846000000000002,0.68492,0.04653,0.030135000000000002,0.0025399999999999997,0.00015,6.000000000000001e-05,0.00010499999999999999,0.0015601139559517938,0.004443585889296567,0.09832669632969018,0.08790600478794254,0.018822503080680376,0.015282811786811717,0.0006210117193383353,3.574601764921203e-05,2.5603819159562026e-05,2.833333333333333e-05
3.5,0.011028526082623835,0.0012051503003182834,0.008302286698510422,0.013754765466737248,0.17954660080772655,0.04328641962438828,0.08162591660252783,0.2774672850129253,0.002725,0.012229999999999998,0.218525,0.657245,0.06046,0.045895000000000005,0.0026050000000000005,0.000135,5e-05,0.00013,0.001325628781622769,0.0036112109387910927,0.10039170927754278,0.08828595284327198,0.02441033114619027,0.025266052598078886,0.000649035609363787,3.1666666666666666e-05,1.6666666666666664e-05,3.666666666666666e-05
4.0,0.013241181049611545,0.0015207043237747,0.009801108871086407,0.016681253228136683,0.1799742749174059,0.0475464502134787,0.07241673200135681,0.28753181783345494,0.0030700000000000007,0.010515,0.22637999999999997,0.620325,0.072575,0.0641,0.00272,0.000145,3.5e-05,0.00013499999999999997,0.0011462063029354223,0.002785468741722138,0.10180315925025771,0.08802555602714979,0.029724091659796767,0.03627354714143934,0.0006438685165984331,3.452052529534663e-05,1.3017082793177757e-05,4.017323597731316e-05
4.5,0.016042797384652967,0.0018955667834444558,0.011754727407921738,0.020330867361384196,0.18171123048119758,0.04915102277274928,0.07052389225696512,0.2928985687054301,0.0035449999999999995,0.00928,0.23170000000000002,0.58844,0.08273,0.08120000000000001,0.0027549999999999996,0.00016999999999999999,4e-05,0.00014,0.0014562594777946223,0.0023255250303246934,0.10240907050755914,0.08745434389821165,0.03439598183896873,0.045654116888719794,0.0005869151935709659,4.1633319989322656e-05,2.2110831935702667e-05,4.396968652757639e-05
5.0,0.01944895238601807,0.002336313036025579,0.014163845117033986,0.024734059655002152,0.1833752775857011,0.04929659339173369,0.07185863574304009,0.2948919194283621,0.0035449999999999995,0.008624999999999999,0.23234999999999997,0.56387,0.091475,0.096915,0.002835,0.000175,5.9999999999999995e-05,0.00015000000000000001,0.0014159498186337286,0.002347211702803515,0.10159567658124041,0.08607571286050694,0.03878092475689563,0.053441010079650755,0.0005217518567288477,3.961621441334903e-05,2.5603819159562026e-05,4.772607021092117e-05
5.5,0.0233296632310837,0.0028392356950754354,0.016906865866596465,0.029752460595570938,0.18345902980928447,0.04861056627932894,0.07349428911282362,0.2934237705057453,0.003414999999999999,0.008579999999999999,0.22781,0.5475000000000001,0.099415,0.10992000000000002,0.0029399999999999995,0.00019499999999999997,7.500000000000001e-05,0.00015000000000000001,0.0013239681516814014,0.0023407524905940443,0.09981959053991132,0.08512283118464099,0.04240162539468399,0.05933665028181711,0.0005184271083447186,4.6218082079540156e-05,3.354101966249684e-05,4.013864859597432e-05
6.0,0.027473516703288632,0.003394260061432319,0.01979516699291964,0.035151866413657626,0.18143685714304592,0.04746443029610703,0.07406485617057128,0.28880885811552054,0.003635,0.008674999999999999,0.22004999999999994,0.5366899999999999,0.10683500000000001,0.120555,0.0031600000000000005,0.000195,7.000000000000001e-05,0.00013499999999999997,0.0013070970804717518,0.0023683943224612463,0.09748784511129806,0.08520150618126157,0.045735426974672,0.06365981527270995,0.0006442394309916496,4.179978734661484e-05,2.999999999999999e-05,3.5e-05
6.5,0.03167461527591906,0.0039960810274136975,0.022634851956633156,0.040714378595204964,0.1779504631105185,0.046395735185384264,0.07299601843761278,0.2829049077834242,0.0036999999999999997,0.008889999999999999,0.20913500000000002,0.5319400000000001,0.11318500000000001,0.12930999999999998,0.003465,0.000175,7.500000000000001e-05,0.000125,0.0011315181542217222,0.0022448310998083275,0.09444548134888307,0.08578585379368274,0.04837082858845125,0.06691322689374152,0.0009496212695362058,4.031128874149274e-05,3.89087250997625e-05,3.095695936834451e-05
7.0,0.035793639631850095,0.004654100833749838,0.025265332094397804,0.04632194716930239,0.1728488298155184,0.045884083849157944,0.06905182087771235,0.2766458387533245,0.003965,0.009260000000000001,0.19526500000000005,0.5311100000000001,0.11952,0.13677,0.00377,0.00017999999999999998,5e-05,0.00010999999999999999,0.001211382360042535,0.002052313058207468,0.09095883624841881,0.08663363723173578,0.05083167822442135,0.06897642399158328,0.0012859972351793327,3.8151743807531986e-05,1.6666666666666664e-05,3.2317865716108856e-05
7.5,0.0397676067974989,0.00537983476039862,0.027597575059592393,0.0519376385354054,0.1665829831814723,0.04497818011814883,0.06483527085757411,0.2683306955053705,0.00479,0.008990000000000001,0.18016000000000004,0.5341,0.12453500000000002,0.14280500000000002,0.0042899999999999995,0.00016,6.500000000000001e-05,0.00010499999999999998,0.0016218953247495486,0.001905019684937665,0.08702566952086928,0.0868736048648968,0.05225136417676895,0.06995176292353975,0.0016313729732276973,4.396968652757639e-05,2.891558595482912e-05,3.452052529534663e-05
8.0,0.04359005581451807,0.006181009180587012,0.029607641623331696,0.05757247000570444,0.15712205894561637,0.04101644653306136,0.06433641062832203,0.24990770726291073,0.0055899999999999995,0.008500000000000002,0.164395,0.5383749999999999,0.12947999999999998,0.148525,0.0048400000000000006,0.000145,4.500000000000001e-05,0.00010499999999999999,0.0019526591555562834,0.0018600328551459035,0.08341165068169101,0.08685362183006531,0.05316704973738695,0.07016431122333093,0.0020413475941152208,4.0448870331705315e-05,2.4094720491334932e-05,3.685557397915996e-05
8.5,0.04728115750997851,0.007049208432684114,0.03133474016192463,0.06322757485803238,0.14283769998401347,0.0338225700569366,0.06632573086547025,0.21934966910255668,0.006435000000000001,0.00808,0.14857499999999996,0.5418000000000001,0.134995,0.15419,0.005595000000000001,0.00017500000000000003,6.000000000000001e-05,9.5e-05,0.00226770870655333,0.0019181327726029115,0.08146974395783722,0.08708588991462521,0.05331082673549738,0.06987288410630645,0.002342190925892536,4.362084109434133e-05,3.3166247903553995e-05,2.9297326385411574e-05
9.0,0.05085240827259914,0.007954743623674225,0.032857528006081146,0.06884728853911713,0.12982727792927642,0.027307685844968187,0.06805300079563849,0.19160155506291437,0.007269999999999999,0.007845,0.13515499999999997,0.54108,0.141115,0.160575,0.006615,0.000175,8.000000000000002e-05,9e-05,0.0026048373802941664,0.0022030086750220077,0.08021596143813553,0.08644199185323967,0.05251307194404074,0.06918307405797396,0.002657578785285584,5.013869652163774e-05,3.590109871423002e-05,2.7688746209726907e-05
9.5,0.054301010133209295,0.008846423694132048,0.03428900940838073,0.07431301085803786,0.1202972190190434,0.023851237864096396,0.06634197044317398,0.1742524675949128,0.00789,0.008289999999999997,0.124135,0.5345500000000001,0.14987499999999998,0.16712500000000002,0.00775,0.00016500000000000003,9.5e-05,0.000125,0.002808576151718162,0.0026119469111501223,0.07894756032047828,0.08452197380300316,0.051105678228766535,0.0682454936444728,0.002888165507722852,4.349329450233295e-05,4.245913067618998e-05,2.7131367660166175e-05
10.0,0.05762492254941903,0.009669651586686992,0.035750650950832026,0.07949919414800605,0.1144339983050707,0.023685450585280567,0.06085378660947533,0.16801421000066608,0.008554999999999998,0.00918,0.11430500000000002,0.523685,0.16121999999999997,0.173675,0.009,0.00014,0.0001,0.00014,0.0030157314388239397,0.0031626483276590276,0.07704906101165528,0.08138125263569955,0.04907568146354273,0.06720502761037385,0.0031532787169336407,3.1446603773522013e-05,4.0824829046386304e-05,3.3993463423951894e-05
10.5,0.06083599842141496,0.010388232399626622,0.037336184089787214,0.08433581275304271,0.11211552587144938,0.027047637608480068,0.050929518718656086,0.17330153302424267,0.009145,0.010750000000000001,0.104735,0.50774,0.176315,0.18058999999999997,0.01036,0.00015500000000000003,8.5e-05,0.000125,0.003208638080764693,0.0037956554111246705,0.07403685195375491,0.07690172725989679,0.04733653337187533,0.06625781958045068,0.0033325315702430586,2.929732638541157e-05,4.0173235977313166e-05,3.0046260628866572e-05
11.0,0.06397358369300499,0.011007867627326005,0.03907205709271498,0.08887511029329499,0.114129306557995,0.03303801298680665,0.039392128835270226,0.18886648428071978,0.010105,0.012495000000000003,0.095515,0.48813500000000004,0.193915,0.18751,0.011899999999999999,0.00017500000000000003,0.0001,0.00015000000000000001,0.003599031119620945,0.004625247440828316,0.0691390615796245,0.07167194439868983,0.0469773420857805,0.0654936959646584,0.003647106920408132,2.8136571693556884e-05,4.8304589153964794e-05,3.4960294939005053e-05
11.5,0.06709672823252452,0.011585828892009611,0.04088776241751059,0.09330569404753845,0.11757782547111376,0.039457924426351265,0.028317799100892993,0.20683785184133452,0.011515,0.013470000000000001,0.085665,0.46952,0.21003,0.19515,0.014265,0.000175,9e-05,0.00012000000000000002,0.004250680010957723,0.0052314391476491005,0.06240714348801212,0.0667431158331038,0.04941449641102857,0.06472429090637713,0.00403183891047249,2.9107081994288296e-05,3.858612300930075e-05,3.6666666666666666e-05
12.0,0.07026754620500456,0.012216536511802167,0.04263182063024549,0.09790327177976363,0.1203168356140741,0.04381839154824735,0.02119274731091003,0.21944092391723816,0.014165,0.01348,0.07427,0.45535500000000007,0.22029,0.20548000000000002,0.0166,0.000165,0.0001,9.5e-05,0.005372791794464648,0.0055182636157883325,0.053276525579074474,0.0632523370011821,0.054691124000558304,0.06332938856135874,0.004596937386275054,3.1666666666666666e-05,3.651483716701107e-05,2.4094720491334932e-05
12.5,0.0735280795690807,0.012993481650520533,0.04413478198366863,0.10292137715449276,0.11976794233260632,0.044218901050909316,0.019737838589226744,0.2197980460759859,0.017824999999999997,0.012255,0.06387999999999999,0.44449999999999995,0.22913,0.21263499999999996,0.01942,0.00017999999999999998,0.00013000000000000002,4.5e-05,0.00707489006589109,0.005606114964928921,0.04439626686007632,0.062004278078210046,0.059560807023858686,0.06299953529370056,0.005499788884837106,3.74165738677394e-05,4.096068575814836e-05,2.1666666666666664e-05
13.0,0.07687361416025365,0.013967275892237124,0.045277440955850755,0.10846978736465654,0.11614292170978449,0.040966552637850345,0.023470141224921637,0.20881570219464735,0.02021,0.012469999999999998,0.053649999999999996,0.4363950000000001,0.236045,0.21778,0.02309,0.0002,0.00011500000000000002,4.4999999999999996e-05,0.008260131153115345,0.006132677501168094,0.035528802869409105,0.06199807185621896,0.06350907260209188,0.06279027976791737,0.006957880424382126,4.08248290463863e-05,4.017323597731316e-05,2.7335365778094542e-05
13.5,0.08024137879075012,0.015115194598785993,0.04604843306201765,0.1144343245194826,0.11104323461448636,0.0360309838635369,0.029535486384919818,0.1925509828440529,0.021644999999999998,0.013770000000000001,0.045059999999999996,0.42736,0.24165999999999999,0.22263000000000002,0.027475,0.000225,0.00011,6.5e-05,0.008770878107565843,0.006726841755237,0.028341916151014047,0.06297332362904859,0.06653155926158486,0.06213386855992649,0.008978527626138561,5.387743291748204e-05,4.136557881996952e-05,2.4776781245530844e-05
14.0,0.08350929261274333,0.01635196438229486,0.04651857925951389,0.12050000596597277,0.10610353854734378,0.03123163735497937,0.035452666398861216,0.17675441069582634,0.023229999999999997,0.014540000000000003,0.038525,0.41685,0.24785,0.22603499999999999,0.032565,0.00023999999999999998,0.0001,6.5e-05,0.009107457871925012,0.007258538267294439,0.023100429589560063,0.06393643240664033,0.0681208570605704,0.060436792532915465,0.01157303871072762,5.4160256030906406e-05,4.149966532662911e-05,2.5873624493766708e-05
14.5,0.08652157299284251,0.01756486823949432,0.04678708049126373,0.12625606549442128,0.10272464253354299,0.027403263059023488,0.04073415472052956,0.16471513034655644,0.023445,0.017060000000000002,0.033365,0.404685,0.255065,0.22774999999999998,0.03824500000000001,0.00021499999999999997,9e-05,7.999999999999999e-05,0.009087498891945524,0.0075748956721821865,0.019455085096475703,0.06490118174322149,0.06856492667132696,0.05744916593534379,0.014750061110984515,5.629781918018178e-05,4.136557881996952e-05,2.9999999999999994e-05
15.0,0.08912137635636827,0.018654015206114576,0.04692306224290955,0.131319690469827,0.10221523058411763,0.02450970762998218,0.04677041991086363,0.15766004125737165,0.023385000000000003,0.019649999999999997,0.030459999999999997,0.391855,0.26347000000000004,0.226385,0.044379999999999996,0.00023500000000000002,7e-05,0.00011,0.00881052732057887,0.007808830471545232,0.016790981044728877,0.06590629604471285,0.06748959557673398,0.05300324520987161,0.01816152710172431,6.584915421712804e-05,2.7080128015453196e-05,3.858612300930075e-05
15.5,0.09119143290663725,0.019561515640190978,0.04694021018599012,0.1354426556272844,0.10339814378735132,0.02278084116633475,0.051864300768358955,0.15493198680634368,0.023590000000000003,0.02121,0.030514999999999997,0.37743,0.27531000000000005,0.22069999999999998,0.05083,0.00023999999999999998,6.500000000000001e-05,0.00011,0.008275280458490013,0.007984606022424233,0.015159729274187805,0.06718034360336858,0.06597902857053224,0.04812406939937182,0.02153260602486894,5.953523699830584e-05,2.2422706745122847e-05,3.785938897200182e-05
16.0,0.092680989630489,0.020280468678718664,0.046803382144020925,0.13855859711695706,0.10256602184428472,0.021996241343281233,0.05280706693494307,0.15232497675362638,0.02371,0.022145,0.03216,0.36303500000000005,0.285135,0.216195,0.05717,0.00024000000000000003,6.000000000000001e-05,0.00015000000000000001,0.007675443526815459,0.008317927259172738,0.01483602559837221,0.06847307258656095,0.0655209822414842,0.047933245508728066,0.024619686341534806,6.658328118479392e-05,2.081665999466132e-05,5.322906474223771e-05
16.5,0.09362264652216973,0.020847163088970642,0.04646308721643244,0.14078220582790701,0.10093169746332335,0.02155332184962981,0.05217469605908822,0.14968869886755848,0.02352,0.02345,0.032875,0.35039,0.2852,0.22103,0.06308500000000002,0.000245,6.000000000000001e-05,0.000145,0.007161250666686029,0.00913507890861741,0.014799270346127803,0.06920081919874776,0.06465795559884507,0.050016123067133725,0.027320856959473293,6.685390373377193e-05,2.6666666666666667e-05,5.188127472091127e-05
17.0,0.09411897189239019,0.021312556110274324,0.04590662042999447,0.1423313233547859,0.10037658303890684,0.021281142233476637,0.05223529470292028,0.14851787137489342,0.022815000000000002,0.025165,0.032715,0.3390699999999999,0.274675,0.23668,0.068445,0.00023500000000000002,7.500000000000001e-05,0.000125,0.006884878962867345,0.01043266784352561,0.014667325837460016,0.06952600280950047,0.06335911854482966,0.05119433139192918,0.029250264433752463,7.033649282003063e-05,2.9107081994288296e-05,4.549114687985394e-05
17.5,0.09433673246848703,0.02172281854471153,0.04519630290140217,0.1434771620355719,0.09979942341149742,0.021243022315578806,0.05174436832082871,0.14785447850216613,0.021724999999999998,0.026885000000000003,0.03251,0.32782,0.26524000000000003,0.25250000000000006,0.072885,0.00020999999999999998,9.5e-05,0.00013,0.006795784028024696,0.011506457245100826,0.014566231496169488,0.06958470745150194,0.062319861645831295,0.05255912913619817,0.030580897314427445,6.531972647421807e-05,3.1135902820449e-05,5.333333333333333e-05
18.0,0.09447075626232537,0.022105805481946076,0.044463950051917236,0.14447756247273352,0.09974422811307564,0.021266642207756318,0.05163574111413305,0.14785271511201822,0.02061,0.02927,0.03169,0.31751,0.260675,0.26365000000000005,0.07614000000000001,0.00020499999999999997,0.00015,0.0001,0.006668248978888269,0.012087294063510565,0.014515734374961689,0.06983384438953809,0.06050186877279081,0.05335955657403628,0.031247050349681893,5.6984403324262526e-05,4.654746681256313e-05,2.6874192494328498e-05
18.5,0.094704656854211,0.022478878844197973,0.04385390006513553,0.14555541364328647,0.10069231567707823,0.021073881568884557,0.05301988353806496,0.1483647478160915,0.019944999999999997,0.030595,0.031740000000000004,0.30741,0.257305,0.27415999999999996,0.078375,0.00020999999999999998,0.00014,0.00012000000000000002,0.00675985474038541,0.012443642843726357,0.014253394917235216,0.07003719202442847,0.0573466372403629,0.05374934407868517,0.03146765027594035,5.5677643628300215e-05,5.617433182117572e-05,2.3804761428476163e-05
19.0,0.0951810429127859,0.02286085360009775,0.04346619919364364,0.14689588663192815,0.10244263966260303,0.02076123401926252,0.05547746541739856,0.1494078139078075,0.019985,0.031210000000000005,0.032375,0.296995,0.25649999999999995,0.28225500000000003,0.0802,0.00023500000000000002,0.00012499999999999998,0.00011999999999999999,0.006939540690852674,0.012457170625788187,0.01383487190239055,0.07032464893067168,0.05515470212653374,0.053961777856594416,0.031499993827159886,6.5e-05,5.1774081890030214e-05,1.9999999999999995e-05
19.5,0.09594301202878089,0.023284274645262025,0.04327032335944077,0.14861570069812102,0.10489636986793908,0.020287930248784516,0.05900188313730082,0.15079085659857736,0.021315000000000004,0.030720000000000004,0.033725,0.286885,0.25993,0.285585,0.081345,0.00023000000000000003,0.00011500000000000002,0.00015000000000000001,0.006869849788103894,0.012346810654307991,0.0131819031040455,0.07074804514378236,0.05519802844707811,0.05413057158903419,0.03143903929299791,7.965202096899012e-05,4.536885862938733e-05,2.1081851067789197e-05
20.0,0.09694825077360816,0.023778277258277695,0.04315805055479362,0.15073845099242272,0.1070788705386444,0.0199071142997887,0.062045849334734816,0.152111891742554,0.0233,0.030355000000000004,0.035595,0.27569999999999995,0.2783,0.273535,0.08266500000000002,0.00023999999999999998,0.00015000000000000001,0.00016000000000000004,0.007082756839285424,0.012307480674596062,0.01245674616422764,0.07100386296220478,0.06228705501323869,0.05518971273404733,0.03159113100750483,7.702813338860895e-05,4.9999999999999996e-05,2.666666666666666e-05
20.5,0.09803712179159486,0.024346928313959244,0.04296054351403754,0.1531137000691522,0.11056925152810866,0.019239165421180798,0.06704723566432498,0.15409126739189233,0.028425000000000006,0.02966,0.034109999999999994,0.26499000000000006,0.28341500000000003,0.27449500000000004,0.08432999999999999,0.000285,0.00015500000000000003,0.000135,0.00897050181304133,0.012181556641998681,0.011160826333405805,0.07101432594124153,0.06327807328240433,0.054125809950316475,0.03202425573773035,0.00010776775440218138,5.6494837522260974e-05,2.7938424357067016e-05
21.0,0.09903446277109165,0.024950099720550335,0.04259341597571922,0.15547550956646408,0.10799895476897423,0.019638194778512887,0.06357427178633498,0.15242363775161347,0.03678,0.029674999999999997,0.028675,0.25379999999999997,0.290855,0.272795,0.086785,0.00032500000000000004,0.000175,0.000135,0.0137116236172899,0.012934008251290256,0.0100545684751869,0.07077960943033743,0.06264298419970464,0.05053903796406629,0.03307291443832014,0.00012070395372333272,5.68868272195867e-05,2.986078811194819e-05
21.5,0.09973028977613212,0.025512843612565027,0.04201622785461771,0.15744435169764653,0.10696802615872698,0.02038410513954226,0.06085597671007976,0.15308007560737422,0.03890500000000001,0.03051,0.028125,0.24267500000000003,0.30326,0.26509,0.090755,0.00032,0.00019500000000000002,0.000165,0.01462990364136263,0.013457647144529636,0.009702652128842573,0.07035154868784181,0.06298865894393653,0.04699183014099366,0.03482622451384716,0.00011185307823708347,6.431260460524912e-05,3.730504880933232e-05
22.0,0.09998971447481758,0.025948468618816424,0.041290200325117564,0.1586892286245176,0.10976604262826375,0.0201254363872395,0.06423914255043028,0.15529294270609723,0.03971499999999999,0.031270000000000006,0.028555000000000004,0.23170000000000002,0.315225,0.25733,0.095555,0.00026,0.000215,0.000175,0.014727770537321659,0.013676580144335952,0.009526534434584979,0.07002083618466719,0.06436170499174523,0.04472595642105127,0.03667020395816382,7.916228058025278e-05,0.00010084366338270563,3.9616214413349036e-05
22.5,0.09976484014743903,0.026180583905949833,0.040540244738355206,0.15898943555652284,0.11285224998789878,0.02026599778834595,0.0670073779297394,0.15869712204605815,0.04068000000000001,0.031555,0.029075,0.22123000000000004,0.323175,0.25234500000000004,0.10133499999999998,0.000215,0.00023,0.00015999999999999999,0.015046799585884629,0.0137710252381989,0.009466523619811257,0.06984139818188063,0.06610310139387476,0.043622197745082844,0.03830233968049471,6.148622248565571e-05,0.00010832051206181281,3.8586123009300757e-05
23.0,0.09910190454417384,0.026172118921898982,0.03989645825939362,0.15830735082895406,0.11547735768483577,0.020816413280468956,0.06838735927865525,0.1625673560910163,0.0421,0.031860000000000006,0.028684999999999995,0.214795,0.32362,0.24884,0.10947499999999999,0.000215,0.00023499999999999997,0.000175,0.015860925081609974,0.013698839772444639,0.009624950360622359,0.06870914925733447,0.06627304974287981,0.04367218718284365,0.04138662307369912,5.6789083458002724e-05,0.00010489412651706375,4.7287536530370353e-05
23.5,0.09813466596953882,0.02593923476267391,0.03945604025365184,0.1568132916854258,0.12510695160341806,0.0205545867336999,0.07860924599542188,0.17160465721141424,0.03942,0.03259000000000001,0.032435000000000005,0.21570499999999998,0.31402,0.246095,0.11914499999999999,0.0002,0.00022499999999999994,0.000165,0.014825419611824368,0.013526732380323373,0.009258035698786218,0.06560566263246217,0.06340076944853797,0.04491868297886255,0.045924752736284706,6.280481227138923e-05,9.552486587271399e-05,4.412734098291241e-05
24.0,0.09703721494621154,0.025546999468467536,0.03924588711061577,0.1548285427818073,0.12982296719661818,0.023442905142410937,0.07679143141191441,0.18285450298132194,0.03898499999999999,0.032795,0.035635,0.21787500000000004,0.30466499999999996,0.23905499999999996,0.13037,0.00022,0.00024999999999999995,0.00015000000000000001,0.01664360746486303,0.013457423498657617,0.010205654886711907,0.06267657113662524,0.059745852970915246,0.04729979530728554,0.05213023498891982,6.377042156569662e-05,8.595864638818417e-05,3.944053188733077e-05
24.5,0.09598117023173681,0.02507831934029103,0.03925007050515671,0.1527122699583169,0.13631404913946288,0.028638671773532184,0.07152887265394028,0.20109922562498547,0.044085,0.03321500000000001,0.035160000000000004,0.216795,0.30162,0.22801500000000002,0.14055499999999999,0.00021500000000000005,0.00021000000000000004,0.00013,0.022192500046937777,0.013349692152089334,0.01026554052265258,0.060503615341931785,0.05536627894706709,0.05106635174511251,0.05812181721273958,5.871304984602846e-05,8.158158833680278e-05,3.511884584284246e-05
25.0,0.09509850729823034,0.024595887011398292,0.03945874532002036,0.15073826927644032,0.1444675043410677,0.03476259467681229,0.06582905179546604,0.22310595688666934,0.05337000000000001,0.033665,0.0342,0.20997500000000002,0.3008799999999999,0.21913000000000005,0.148205,0.00020999999999999998,0.000245,0.00012000000000000002,0.03173438741246543,0.013123001540975463,0.010146449844376328,0.05823760156557884,0.05267061018991309,0.0554813528233686,0.0628187894087253,6.616477747093069e-05,8.480369488805702e-05,3e-05
25.5,0.09445728100452119,0.024117327273217144,0.03990009636586453,0.14901446564317786,0.15101250722199377,0.036593335708666345,0.06823263073795488,0.23379238370603267,0.06523999999999999,0.03345,0.037095,0.19595,0.30032000000000003,0.21408999999999997,0.15326,0.00019500000000000002,0.00025499999999999996,0.000145,0.0437731581882982,0.012907594663607932,0.00969836598493673,0.05757243022682143,0.051073194861231595,0.059570074422201844,0.06622185892890653,6.643710475998248e-05,9.29306790630043e-05,3.609401304617953e-05
26.0,0.09404423165284494,0.02362694193863197,0.04059637571135132,0.14749208759433854,0.14909197770570193,0.036043655376974876,0.06755556452124818,0.2306283908901557,0.07358499999999998,0.033275,0.041824999999999994,0.18353000000000003,0.29923999999999995,0.21206,0.155885,0.00026000000000000003,0.00023500000000000002,0.00010500000000000002,0.05246244585415361,0.012727339885284574,0.00988265385522645,0.05794285460693147,0.05007183606246795,0.06302537354995295,0.06853161559536673,7.371114795831994e-05,7.85458111196545e-05,2.9297326385411578e-05
26.5,0.09380907306696168,0.023110090502422125,0.04153041630399271,0.14608772982993065,0.1509340147628476,0.0364628004713763,0.06844942950084193,0.23341860002485326,0.07761499999999999,0.03466,0.04646,0.172905,0.2979,0.21178500000000003,0.15802,0.00025000000000000006,0.00019,0.000215,0.05700521518539625,0.012305328114276351,0.010934392225146002,0.05712661641282264,0.0490509293150157,0.06568272817533963,0.07044231217417869,7.637626158259733e-05,5.259911279353167e-05,7.189884870040997e-05
27.0,0.09369346529687837,0.022592386051978396,0.04258593736469318,0.14480099322906356,0.15970097772274974,0.03714520290198441,0.07567269091443303,0.24372926453106647,0.07951,0.050965,0.04988000000000001,0.15050000000000002,0.296885,0.212885,0.15874000000000002,0.00024500000000000005,0.00011999999999999999,0.00026999999999999995,0.059280143668291936,0.019441066285914802,0.012596986412101375,0.05489589035417658,0.047827042588662924,0.067855590554091,0.07172863166128292,8.414603707576225e-05,2.380476142847617e-05,9.521904571390465e-05
27.5,0.0936683995558752,0.02214282400371661,0.043577851631287655,0.14375894748046275,0.15103770129538968,0.0384760957537489,0.06399872568953702,0.23807667690124235,0.080685,0.058614999999999993,0.05262999999999999,0.13781499999999997,0.290085,0.22066500000000003,0.1588,0.000285,0.000135,0.000285,0.06018658213791879,0.02621982397813617,0.015349043039297995,0.05560355256935777,0.043958010930887206,0.06847303242477613,0.07246222885828942,9.973576200251452e-05,3.3374973990834636e-05,9.861541461658011e-05
28.0,0.09376417303997053,0.02184294591307351,0.044351996486097514,0.14317634959384357,0.14925623128529047,0.038255684579441236,0.06271586039615865,0.2357966021744223,0.08238,0.058499999999999996,0.05502,0.131815,0.27242,0.24011,0.15911999999999998,0.00026499999999999994,8.5e-05,0.000285,0.06076168118148147,0.026528700391169644,0.017970698681773922,0.05578978851705549,0.039114093936130544,0.06846462419868136,0.07263935924215678,9.546668994413123e-05,3.1666666666666666e-05,0.00010248306093095471
28.5,0.09410548278717601,0.021733374099932354,0.04494117489524105,0.14326979067911097,0.1467292696499855,0.037168927882598686,0.06264731320683498,0.23081122609313603,0.08385000000000001,0.05726999999999999,0.05662999999999999,0.126525,0.261785,0.2536,0.15968500000000002,0.00028,0.00010500000000000002,0.00026999999999999995,0.06100638263511632,0.02607111556237413,0.01956593297886235,0.05534083646418398,0.03853146192831688,0.06927996664099786,0.07215820237120965,9.837569708915804e-05,3.975620147292187e-05,9.433981132056602e-05
29.0,0.09488198531321011,0.021781035026949613,0.04560986091383745,0.14415410971258277,0.14419248456051387,0.03559896920574273,0.06366202138351022,0.2247229477375175,0.08536999999999999,0.055615000000000005,0.058455000000000014,0.12092,0.25872,0.25987000000000005,0.160375,0.00027,0.00014,0.000265,0.06110703732886344,0.025374052855886724,0.02018178420974937,0.05451000122301716,0.03868996295337246,0.06991656583226737,0.0710954058720471,8.698658900466593e-05,5.7154760664940814e-05,8.757536436946433e-05
29.5,0.09628810121290415,0.0218901457699237,0.046769151164774425,0.14580705126103388,0.1435499971489555,0.033770452988840974,0.06715592502930884,0.21994406926860216,0.08605,0.05406999999999999,0.059545,0.116375,0.260115,0.26142000000000004,0.161755,0.000285,0.000135,0.00025,0.06103780659012359,0.02454585414190256,0.019868226239120813,0.052966919052262126,0.03897674238853501,0.06960844983828392,0.06931110679393311,7.26674311886388e-05,4.8904669170404037e-05,7.149203529842405e-05
30.0,0.09844771428146737,0.021951304758374094,0.0487904129895451,0.14810501557338965,0.14505577876428874,0.03216922729825309,0.07228393080986197,0.21782762671871553,0.08567999999999999,0.052085000000000006,0.059535000000000005,0.11417999999999999,0.26256,0.262095,0.163195,0.00030500000000000004,0.00013499999999999997,0.00022999999999999995,0.060625868241205416,0.023572357929009417,0.01706653816683395,0.05049730696889796,0.03941777503727079,0.06862954071195095,0.06727061619145298,6.344288770224759e-05,5.273097339852124e-05,5.878397362849466e-05
30.5,0.10130517801976704,0.021890019329793686,0.0517865139990831,0.150823842040451,0.1435207264898853,0.029127802108185597,0.07762906031428458,0.209412392665486,0.08517,0.049944999999999996,0.05613,0.11610999999999998,0.27074000000000004,0.25654,0.16467,0.000325,0.00016,0.00020999999999999998,0.06002544839945433,0.022653592369031056,0.012191712121127386,0.047426541912496394,0.04047243080858321,0.06657112562265013,0.06480374183298025,6.291528696058957e-05,6.904105059069326e-05,6.0461190490723506e-05
31.0,0.10467955315241939,0.021669510043752702,0.055659715792616575,0.1536993905122222,0.1432996353647951,0.027380479173563885,0.08136068828147047,0.2052385824481197,0.084225,0.048639999999999996,0.055455,0.11530499999999996,0.27273000000000003,0.25635,0.16659000000000002,0.00045,7.000000000000001e-05,0.00018499999999999997,0.0588256658129199,0.021920098337167904,0.014315169595766427,0.04412252161752418,0.040624326455954936,0.06421170281014028,0.06227263881067226,9.972183534434392e-05,2.3804761428476163e-05,6.626965117357014e-05
31.5,0.10820911667231606,0.02131562826979526,0.05998981550225481,0.15642841784237732,0.152002390290245,0.028192470094662685,0.08822659212862963,0.2157781884518604,0.08308,0.048104999999999995,0.061244999999999994,0.10831999999999997,0.27472,0.254865,0.16899999999999998,0.00038500000000000003,0.00012000000000000002,0.00015999999999999999,0.057133002818958424,0.021222845984143278,0.02185973651615123,0.03896535940208088,0.04100995963042257,0.06260108893710326,0.059225675738370995,9.190877119308158e-05,4.422166387140532e-05,6.403124237432849e-05
32.0,0.11149534120259437,0.0208568856519762,0.0643137879313133,0.15867689447387545,0.1624070434170598,0.03004465066333704,0.09444132171522208,0.23037276511889754,0.08042499999999998,0.048380000000000006,0.074835,0.09509000000000001,0.27564,0.25649,0.168485,0.00034999999999999994,0.00015000000000000001,0.00015499999999999997,0.05446812842285741,0.020321861791348414,0.031788474544854915,0.032251155707112955,0.041584893624701955,0.06023743289867375,0.056744763365833534,9.803627446568492e-05,5.916079783099616e-05,7.433034373659252e-05
32.5,0.11418186706384421,0.02030669634260576,0.0682449284796505,0.16011880564803793,0.17283041718534622,0.03178254664772197,0.1009333016342339,0.24472753273645853,0.07599000000000002,0.053105,0.083365,0.08502499999999999,0.27408,0.25912,0.168595,0.00039500000000000006,0.00015000000000000001,0.00017499999999999997,0.05008925910589791,0.018991728389544278,0.03365086101754638,0.028520188025326895,0.04254367376917251,0.05903575338536621,0.05434574523364272,0.0001094049562151754,6.0092521257733144e-05,8.473815879257441e-05
33.0,0.11602647504809224,0.019656974378625337,0.07155930965854415,0.16049364043764033,0.1892470090774853,0.034464370717017676,0.11128318599865106,0.2672108321563195,0.06920000000000001,0.06161499999999999,0.08448000000000001,0.08229,0.27148,0.261345,0.16888999999999998,0.00039499999999999995,0.00011,0.000195,0.04304022472576606,0.023114019374973854,0.022755373236031773,0.026947973331341014,0.04368851756087251,0.05803491451512424,0.052357032744205216,0.00011412712210513327,3.1446603773522013e-05,9.352658564398797e-05
33.5,0.11694081841813009,0.018903318894760112,0.07417854017968986,0.15970309665657031,0.1939823826636109,0.03504766232864887,0.11469906228752504,0.2732657030396968,0.05975499999999999,0.065835,0.08939,0.08429500000000001,0.26715,0.263005,0.16984,0.00037,0.000135,0.00022500000000000002,0.03233220655253141,0.033338621288896225,0.01563929310707133,0.0264255688995841,0.04444480722074164,0.056835671726087264,0.05084426319654952,0.00012115187896924168,2.5873624493766704e-05,0.00010172129679778086
34.0,0.11700399629663996,0.018087890425660072,0.07608634541032397,0.15792164718295595,0.19269144149811382,0.03691925219752158,0.10917429069433701,0.27620859230189065,0.05467500000000001,0.06810000000000001,0.090975,0.08801,0.26040500000000005,0.26480500000000007,0.172375,0.000315,0.000135,0.00020499999999999997,0.022486141719833673,0.04115101591833562,0.019917699066687174,0.027093657314335887,0.0449774193037153,0.0553994877884464,0.04982934223148267,9.94568583189046e-05,2.2422706745122847e-05,9.470715096783582e-05
34.5,0.11643374949275112,0.01733218634737783,0.0772256200000771,0.15564187898542514,0.1870023520714703,0.03751328539560192,0.10214140481371614,0.2718632993292245,0.06957,0.06835,0.07838500000000001,0.08950999999999999,0.247905,0.270125,0.17551,0.00027,0.00017,0.00020499999999999997,0.021896527121897668,0.04615468978217586,0.022352128968947102,0.028230654930018494,0.04529204765249144,0.05294678788389549,0.049181799253156425,8.406346808612327e-05,2.9059326290271153e-05,8.24789535443908e-05
35.0,0.11557054767957294,0.01684569701022959,0.07746293352555375,0.15367816183359212,0.18460666260584527,0.0387456171086675,0.0969579873364364,0.27225533787525413,0.065375,0.071115,0.08560999999999999,0.08855500000000001,0.22231499999999998,0.28622000000000003,0.18017500000000003,0.00017,0.00023500000000000002,0.00022999999999999995,0.022476811816724458,0.049892779509887214,0.021569754802088555,0.028642434962055083,0.04983416947459064,0.05236300178136807,0.04845341304914558,7.156970184527963e-05,5.1666666666666664e-05,7.859884081701064e-05
35.5,0.11474656829254852,0.016808126603739933,0.07672394430267918,0.15276919228241786,0.17713676397866213,0.03835991313116426,0.09036061172468197,0.2639129162326423,0.07291500000000001,0.07270000000000001,0.083285,0.08638500000000002,0.21474,0.281495,0.18788500000000002,0.00014,0.00019,0.000265,0.024970629469661172,0.05264413600350523,0.01987580753076463,0.02862014252817993,0.052469242736419716,0.050824845438908015,0.04730541139470432,5.7154760664940814e-05,4.0688518719112335e-05,8.268077836541642e-05
36.0,0.11434436515962125,0.01734128231696384,0.07511565915419566,0.15357307116504684,0.17236354173020318,0.03742294879239397,0.08770695006645873,0.25702013339394764,0.07871000000000002,0.07407,0.08261,0.08468500000000001,0.21617999999999998,0.26344,0.199705,0.00011,0.00015500000000000003,0.00033499999999999996,0.027795171243301314,0.05461608747531364,0.018402750096415236,0.02858829019215929,0.05305496112523314,0.04591400645651486,0.04572823857068821,4.2031734043061636e-05,4.044887033170532e-05,8.820745748266162e-05
36.5,0.11466266649882487,0.018406904648482082,0.07302335530331755,0.15630197769433218,0.17323350696598386,0.036411138289936314,0.09086578967776844,0.2556012242541993,0.08365000000000002,0.074725,0.08159,0.08489,0.220465,0.24289500000000003,0.211225,7.500000000000001e-05,0.00016499999999999997,0.00031999999999999997,0.030267027347336974,0.05453218837938236,0.016734035177844386,0.028478675062813815,0.05373034733742188,0.04158883026460083,0.04506981143490372,2.8136571693556874e-05,4.4752405273658506e-05,8.339997335464536e-05
37.0,0.11591913861865226,0.019849556215916754,0.07101632284645054,0.16082195439085398,0.18403256008857086,0.03716219499093616,0.09996583450452105,0.26809928567262065,0.08749999999999998,0.079095,0.07692500000000001,0.09386000000000001,0.22550499999999998,0.216975,0.21952500000000003,8.500000000000002e-05,0.000185,0.000345,0.0329115717575985,0.05254628248294808,0.014168037678756597,0.028209300869669836,0.055156367845325786,0.04017307504203946,0.04478965297799134,3.2532035493238556e-05,5.377421934967225e-05,8.447550598316125e-05
37.5,0.11823443317319031,0.021469846653934855,0.0696662657808125,0.16680260056556812,0.18926323521845675,0.03955829824498964,0.09977614749544579,0.27875032294146773,0.086325,0.084565,0.07433500000000001,0.10413499999999998,0.22755999999999998,0.19771,0.22479,9.5e-05,0.000165,0.00031999999999999997,0.03490779541242265,0.050818327867239214,0.015002286955290814,0.030522690148296047,0.056516931484683806,0.04176900618613972,0.044029484944119485,3.3706247360261145e-05,4.153311931459037e-05,8.825468196582482e-05
38.0,0.12169106090412433,0.02311736621397412,0.06939594533815356,0.17398617647009512,0.18659242046563657,0.04311191245099,0.08906649891270042,0.2841183420185727,0.09738,0.08288,0.06566999999999999,0.108905,0.22729499999999997,0.18933,0.22798500000000002,0.00011,0.000155,0.00029,0.038235274725485276,0.04678069354860922,0.018246826512513834,0.03154861367794153,0.057196601710435745,0.04305986801342212,0.04292150720274808,4.136557881996952e-05,4.1799787346614844e-05,8.524474568362945e-05
38.5,0.12629287426285293,0.024728577917462503,0.07035294460105161,0.18223280392465424,0.1934863266548741,0.04583376290001446,0.08980315161261178,0.29716950169713646,0.09844,0.07935,0.06803000000000001,0.11332,0.22458,0.18643,0.22935000000000003,0.000115,0.00013,0.000255,0.039466723535995056,0.042505055908418445,0.02014334905399574,0.031816939234034156,0.05753130268722313,0.04483038974227688,0.04137211151380977,4.0173235977313166e-05,3.4318767136623335e-05,7.433034373659252e-05
39.0,0.13194382914237124,0.026311611072786015,0.0724228296893078,0.19146482859543468,0.20088964486927247,0.04804422448409363,0.09220605832149517,0.30957323141704973,0.098255,0.07518499999999999,0.072385,0.11845999999999998,0.22010999999999997,0.185245,0.229845,0.00014,0.000125,0.00025,0.0401526078093178,0.03790105249931135,0.02423668024801343,0.031688750019175226,0.057497946726624755,0.0471024146880438,0.03919266190528811,4.268749491621898e-05,4.232808366400097e-05,7.071067811865473e-05
39.5,0.13844084481322055,0.027919807255997537,0.07528185284512043,0.20159983678132068,0.20625755775756766,0.049082029540513966,0.0952262930678209,0.3172888224473144,0.096905,0.067825,0.081455,0.12458500000000002,0.21379,0.18598,0.228945,0.000135,0.000135,0.000245,0.03994839758293747,0.030244857460034056,0.033391226766921876,0.0313412995635684,0.05757178215063348,0.04928430570565938,0.0372695336181057,5.273097339852125e-05,4.775516260631468e-05,5.6984403324262526e-05
40.0,0.14546774242494262,0.029595006959712653,0.07851918544796592,0.2124162994019193,0.2007766162762319,0.04291208645862222,0.10370273252324379,0.29785050002922,0.09613500000000001,0.054985000000000006,0.095835,0.12818000000000002,0.20936500000000002,0.188495,0.22645500000000002,0.00013000000000000002,0.00017499999999999997,0.00024500000000000005,0.039547938596369625,0.01951243912368609,0.048339689265998936,0.030862090373502283,0.05717970504859609,0.05089313828995024,0.03595936244182066,5.333333333333333e-05,6.157651067303722e-05,5.07991688470939e-05
40.5,0.15264467301408008,0.03132155493101971,0.08179039317689642,0.22349895285126375,0.19217712921605024,0.03311760916192464,0.11725989243565095,0.26709436599644953,0.09643499999999999,0.045745,0.10530999999999999,0.12741,0.21061999999999997,0.192475,0.22146500000000002,0.00011500000000000002,0.00019,0.00023500000000000002,0.039200081526275764,0.01584915253605413,0.05905220562255816,0.029556279460641783,0.056208132171619275,0.05103408406262535,0.03518178036206304,5.4288324916341105e-05,6.227180564089803e-05,6.011562932290478e-05
41.0,0.15957893249731375,0.033005915460719834,0.08491436442313437,0.23424350057149312,0.19221673441122591,0.030043469868242734,0.12425368385346858,0.26017978496898325,0.09826,0.04354000000000001,0.10739499999999999,0.11978,0.214215,0.20025999999999997,0.21599,0.00012499999999999998,0.00020999999999999998,0.000225,0.03921728487967178,0.015940273593079327,0.06243590555744168,0.027006995184375635,0.05546410002575239,0.04976365630546943,0.035150792467753995,4.669641908707299e-05,6.658328118479392e-05,6.465721580423607e-05
41.5,0.16593531212582843,0.034521627684750464,0.08784196478731736,0.2440286594643395,0.188953383170589,0.029300708803913025,0.12267057487475272,0.2552361914664253,0.100925,0.04351000000000001,0.106975,0.107125,0.22112000000000004,0.20900000000000002,0.21074500000000002,0.00015000000000000001,0.00022,0.00023,0.039813580353386405,0.01628056578323438,0.06301200469839942,0.025937037278335736,0.05547390537701286,0.0487426678246756,0.035680816858175576,4.4721359549995795e-05,6.548960901462832e-05,6.377042156569662e-05
42.0,0.17151334947358926,0.03578632838651854,0.09055905038377762,0.25246764856340087,0.18639333254120538,0.030702078051788283,0.11694040676356296,0.2558462583188478,0.10308999999999999,0.04489,0.10581500000000002,0.098155,0.22948,0.21136500000000003,0.20658500000000002,0.00011500000000000002,0.00025499999999999996,0.00025,0.04044217325735324,0.016427552735842576,0.06266990020469689,0.0263498918930947,0.05600840819813476,0.047858229902958634,0.036614006920545825,3.6552853665768844e-05,5.550275268448904e-05,7.226494462892933e-05
42.5,0.17624142230870615,0.03682169274086157,0.09294496632861149,0.2595378782888008,0.1899207639248856,0.033149945203566525,0.11493037793626959,0.2649111499135016,0.10286500000000001,0.04676999999999999,0.10449000000000001,0.093375,0.238995,0.20883000000000002,0.20407999999999998,0.000125,0.00023999999999999998,0.00023000000000000003,0.04024722147069423,0.01624960717473913,0.061797078230105495,0.026977731815126502,0.05723359126810446,0.04668537732047965,0.03783451187591679,3.270236145058097e-05,6.403124237432849e-05,6.548960901462832e-05
43.0,0.1801736914367526,0.03775971949981245,0.09475527150500081,0.2655921113685044,0.19796795570967787,0.03636160733371026,0.11571228522886948,0.28022362619048624,0.10057999999999997,0.049305,0.10200000000000001,0.09028000000000001,0.24903999999999998,0.20497,0.20319000000000004,0.00017,0.000215,0.0002499999999999999,0.0392829063758441,0.016328408186007868,0.060081839556095855,0.027929947288807325,0.058516639039203566,0.04577784046651587,0.039484981533067315,4.955356249106169e-05,7.455423082115013e-05,7.149203529842404e-05
43.5,0.18344457115180374,0.03877898019291831,0.09572042334238387,0.27116871896122363,0.21351182072068134,0.042356012223526196,0.11769586428166323,0.30932777715969945,0.09619,0.052425,0.09627,0.09177500000000002,0.25861,0.20094000000000004,0.203145,0.00022500000000000002,0.00019500000000000002,0.00022500000000000002,0.0375153959506405,0.01663120101562789,0.05506571891839787,0.03013477619148865,0.05983545019467974,0.04575468755584867,0.04148193813778072,6.718548123582124e-05,7.39556924411126e-05,5.927806414592914e-05
44.0,0.18621658707932146,0.040003967875896364,0.09572132460851321,0.27671184955012973,0.2315232114407854,0.05048716768344387,0.11731330343628878,0.345733119445282,0.08945499999999998,0.05698000000000001,0.07929499999999999,0.10593999999999996,0.26739999999999997,0.19567,0.20461000000000001,0.00026,0.00020999999999999998,0.00017999999999999998,0.03571866416097394,0.017466899171480515,0.0380767203959468,0.037284036500596036,0.061618400931323536,0.046288948885116074,0.04372801784261945,7.333333333333333e-05,8.293236869749819e-05,4.2295258468165064e-05
44.5,0.18862074075757598,0.04143504696545272,0.09488815247379709,0.2823533290413549,0.22879673975095902,0.044258062591075356,0.12867804644898662,0.3289154330529314,0.09332,0.050890000000000005,0.06376000000000001,0.12031,0.275935,0.187725,0.20743499999999998,0.00026000000000000003,0.00015000000000000001,0.00021499999999999997,0.03298916337223483,0.013111254283587396,0.021775129544199426,0.04824840227636789,0.0639086761845891,0.0474674340118219,0.04604539067895697,6.446359868604571e-05,4.594682917363407e-05,6.326750965367434e-05
45.0,0.19081695172171442,0.0429538836129321,0.09364851623671964,0.2879853872067092,0.22432538412284558,0.03853832331794993,0.13714563998691207,0.3115051282587791,0.08861000000000001,0.055945,0.05783999999999999,0.12395999999999999,0.28117000000000003,0.18053999999999998,0.21137,0.00022500000000000002,0.00013000000000000002,0.00020999999999999998,0.03231989050448999,0.014066521425000566,0.014670714971594868,0.0550568336660703,0.06648270293007714,0.04941372155361077,0.04808006875110632,4.669641908707299e-05,3.8151743807531986e-05,8.225975119502044e-05
45.5,0.19288572567579082,0.04437605646000345,0.09250011169805647,0.29327133965352514,0.2235914607236269,0.03494926320809788,0.1445307346229085,0.3026521868243453,0.08188000000000001,0.059275,0.05528000000000001,0.12979500000000005,0.27736500000000003,0.18044500000000002,0.21542000000000003,0.00016500000000000003,0.00013499999999999997,0.00023999999999999998,0.03197085930100166,0.014943542362282555,0.01251216341538638,0.05758429012712098,0.06597255155239437,0.05193484189614693,0.049605242330490296,3.337497399083465e-05,3.9475730941090035e-05,9.363047936792092e-05
46.0,0.19492544920843954,0.04553287740059513,0.09192292445387075,0.29792797396300835,0.21953766544577524,0.03437332575095557,0.1417798003890551,0.29729553050249535,0.07794,0.06132,0.05420499999999999,0.13419,0.26951,0.182165,0.22010999999999997,0.00015000000000000001,0.00017,0.00023999999999999998,0.03215474373159339,0.015724235010539198,0.012421791895249609,0.05871484044846659,0.06429513494641548,0.05438110428060263,0.05074556127277428,4.0824829046386304e-05,4.2295258468165064e-05,7.371114795831994e-05
46.5,0.19705537270915766,0.04632585868373,0.09225899966498041,0.3018517457533349,0.217943145380401,0.03463270357240422,0.1395985269270198,0.2962877638337822,0.07548,0.06222499999999999,0.05423999999999999,0.13765999999999998,0.2641,0.18145,0.22427000000000002,0.00016499999999999997,0.00016499999999999997,0.000245,0.032349506436214245,0.016230236271984597,0.012588883544178526,0.05864905171157216,0.062395489064158746,0.05556308376771198,0.05135957619243626,5.629781918018178e-05,5.2201532544552744e-05,5.2413950645054614e-05
47.0,0.19942842066345798,0.046757569993574645,0.09365544878745467,0.30520139253946127,0.21875551592770598,0.03509892073278453,0.13935624098555105,0.2981547908698609,0.073,0.063335,0.056069999999999995,0.139415,0.26066500000000004,0.17901499999999998,0.22789500000000001,0.00019,0.00020500000000000002,0.00021000000000000004,0.032380351552549064,0.016721463336416196,0.01248761875708184,0.05750096281802592,0.059768348205569664,0.05581408675733712,0.05158489036422282,7.738791177495934e-05,6.121455890735653e-05,3.3166247903553995e-05
47.5,0.20220619383132887,0.04692575671366273,0.09605275716179078,0.30835963050086695,0.221029758782121,0.03589943624250795,0.13981959194571417,0.30223992561852786,0.06991499999999998,0.06382499999999999,0.059109999999999996,0.13904,0.261845,0.174515,0.23108,0.00023999999999999998,0.00020500000000000002,0.000225,0.03239957137062155,0.017203365707519756,0.012719461903363328,0.05532712856777908,0.0570167984262338,0.05504004857576183,0.05158313311754359,0.00011685698761972069,6.767980168082318e-05,4.166666666666666e-05
48.0,0.20552086047375964,0.04699029175965277,0.09922143538768367,0.3118202855598356,0.22863228309262262,0.03587212803537859,0.14748389171257664,0.3097806744726686,0.073265,0.062185000000000004,0.061750000000000006,0.13405,0.26605,0.16925,0.232695,0.00029499999999999996,0.00023000000000000003,0.00023,0.03177643698123221,0.01719141266575974,0.013635576425089056,0.05354960732297152,0.05516246308254675,0.05394817986838028,0.051067449651308106,0.0001319616947787838,8.273115763993904e-05,4.096068575814836e-05
48.5,0.20943008485813266,0.04712326222282289,0.1028298596863558,0.31603031002990956,0.2234782238336445,0.037856984252553995,0.13783977574479062,0.30911667192249836,0.07655999999999999,0.06729,0.06105500000000001,0.1255,0.271965,0.162815,0.23403000000000002,0.00030500000000000004,0.00023,0.00025,0.03204607429589119,0.020067769626387927,0.01341011941698424,0.05409479796308205,0.055661888043396036,0.05258923582825672,0.050173010783798,0.00012548793656054044,8.439325934114775e-05,4.7140452079103176e-05
49.0,0.21386624511275398,0.04746138945016532,0.10650112301170735,0.32123136721380063,0.22083088923357352,0.03903366997745042,0.13253059310378282,0.30913118536336426,0.07386999999999999,0.07374,0.06071000000000001,0.12422,0.275265,0.15678,0.23461000000000004,0.00027,0.00028,0.00025499999999999996,0.030951347305085114,0.021320575351836384,0.013779112211363014,0.05531118492473089,0.057705899491396116,0.051271982385877934,0.04929147368234974,0.00010413666234542203,8.666666666666665e-05,4.621808207954015e-05
49.5,0.21868408877610293,0.04807719308562104,0.10992592207023295,0.3274422554819729,0.21901235763340887,0.039701548477920394,0.1292012153699011,0.30882349989691665,0.06906999999999999,0.08211,0.06061,0.125705,0.274565,0.152905,0.23423499999999997,0.00023999999999999998,0.000295,0.00026499999999999994,0.028369414477175548,0.02265323842436465,0.014322654549116699,0.05708278707767828,0.059233477794796624,0.049747805339643986,0.04818106765686658,7.141428428542848e-05,9.26312882106017e-05,5.220153254455275e-05
50.0,0.22368183800045668,0.04895112397308052,0.11294670227772967,0.3344169737231837,0.2222637518604472,0.04061415173858272,0.13038815759403916,0.31413934612685523,0.058945000000000004,0.09370500000000001,0.059230000000000005,0.1312,0.270935,0.151655,0.23357000000000006,0.00020499999999999997,0.00029,0.000265,0.02174673851663994,0.02464559060179145,0.01491404669728806,0.05793881015538913,0.0596795842860484,0.048257674375285754,0.047005697763379935,5.07991688470939e-05,9.626352718795767e-05,5.6789083458002744e-05
50.5,0.22860852268698065,0.049977465584789764,0.1155516409358477,0.3416654044381136,0.21899151699307975,0.040591190969792405,0.12716786359425405,0.3108151703919054,0.054535,0.10230999999999998,0.05829500000000001,0.132335,0.26843999999999996,0.15114999999999998,0.232205,0.00016999999999999999,0.00034,0.00021999999999999998,0.019871102762554473,0.027993119988073262,0.015794106583715897,0.058474912498153134,0.06025007874591443,0.04717386164203883,0.04585895492945976,3.8151743807531986e-05,0.00011614167593456231,5.228129047119374e-05
51.0,0.2332661071694951,0.05098577445535662,0.1179282722844964,0.34860394205449385,0.22031320494874454,0.041246684431554395,0.12700672232022656,0.31361968757726255,0.04914,0.10421000000000002,0.05826499999999999,0.139735,0.2679,0.149645,0.23041499999999998,0.00016,0.000315,0.00021500000000000005,0.0172322111175554,0.03264556869707672,0.016566968558617542,0.05780538472130237,0.06093091123924246,0.046156831954880864,0.044567138522807484,4.2031734043061636e-05,0.00013060755465643374,5.377421934967225e-05
51.5,0.2374611303081588,0.051788122766234165,0.12030825744464939,0.3546140031716682,0.22266535080178174,0.04181513790999507,0.12807293706529163,0.3172577645382718,0.04595,0.10744000000000001,0.057815000000000005,0.14235499999999998,0.268965,0.148505,0.22816999999999998,0.00023500000000000002,0.00033499999999999996,0.00023,0.015002199838690325,0.03690675246859005,0.01752870193901039,0.05750203979473732,0.06154968456007264,0.04524790630515405,0.043366164614055194,5.6789083458002744e-05,0.00016108141488769653,6.420453428086073e-05
52.0,0.24100887885318523,0.05222759162607374,0.12286185836056297,0.3591558993458075,0.2228877131187772,0.04215183726421422,0.1275336325264307,0.3182417937111237,0.04542,0.11169,0.054904999999999995,0.143365,0.26918000000000003,0.147855,0.22671000000000002,0.000275,0.00032,0.00028,0.013661977244243317,0.04102260677561418,0.018623513288910397,0.056489710985472584,0.0623125438593404,0.044438147682418584,0.04219382248096936,7.46287105907937e-05,0.00016586473739499638,7.118052168020874e-05
52.5,0.24378011290664742,0.05222147388125506,0.12564693171428692,0.3619132940990079,0.22285204142219533,0.04273019910533442,0.12618961544826962,0.31951446739612105,0.048345,0.11591499999999999,0.05181,0.14033500000000002,0.26899500000000004,0.147825,0.2258,0.00031499999999999996,0.00034,0.00031999999999999997,0.013529813684354021,0.04552601396149483,0.020364893267036232,0.05516643003473922,0.06288551654925532,0.04386780156206701,0.041428398740745734,7.959969290839701e-05,0.00018040078836979744,7.859884081701064e-05
53.0,0.24569441785755403,0.05177141515659138,0.1285793402328713,0.36280949548223673,0.2284974302335303,0.04413635623703843,0.1286540558321006,0.32834080463496,0.04201,0.11536000000000002,0.05247500000000001,0.146345,0.26939499999999994,0.14796,0.22546499999999997,0.00027,0.00035499999999999996,0.00036499999999999993,0.012235360413344776,0.047475946424361974,0.021701000040960736,0.055354714468497525,0.06382190996567454,0.043652395759632194,0.04104468570960191,7.608474807008884e-05,0.00017550720149833675,7.88986691902975e-05
53.5,0.2466471335555513,0.05097312047467888,0.13133792396358063,0.36195634314752195,0.23255515327170223,0.04601663452081835,0.12845829388256585,0.3366520126608386,0.046695,0.11126499999999999,0.058845,0.14355,0.263225,0.14882,0.22663000000000003,0.00025,0.00035,0.00037,0.012268542542254604,0.04686979544440107,0.022774792900631752,0.052978076702642866,0.06335024653551959,0.04401035181257548,0.04104516225384478,7.149203529842404e-05,0.00016107279237799425,7.644896627453143e-05
54.0,0.24674493456999116,0.04995087305298045,0.1337482093051676,0.35974165983481476,0.23365969809111364,0.04596933983002178,0.12966982672552507,0.3376495694567022,0.048195,0.10738499999999998,0.06475500000000001,0.168375,0.23145500000000002,0.14986,0.229075,0.00028,0.00031499999999999996,0.000305,0.01265038086822334,0.046218677711986136,0.025237864465476822,0.0534988147584183,0.06380731255985563,0.044629041242471496,0.04125004932656983,5.972157622389639e-05,0.0001325078614020064,6.767980168082317e-05
54.5,0.24608035001257927,0.04887556414977171,0.13551614248537003,0.3566445575397885,0.2364997403885646,0.04633762885290312,0.13167674137188506,0.34132273940524416,0.049659999999999996,0.10406,0.0701,0.167845,0.22296500000000002,0.152445,0.232025,0.0003,0.00031,0.00029,0.013006867416868675,0.04553564830620803,0.028013550292670872,0.05310052544728515,0.06438104450586886,0.04579331492332332,0.041555626206862095,6.368324391514266e-05,0.00011566234381931649,5.617433182117572e-05
55.0,0.24479669256665035,0.04789666744495226,0.13644690323188802,0.3531464819014127,0.23748756977300617,0.0467360244593255,0.13176333728163087,0.34321180226438147,0.064015,0.10135500000000001,0.06297,0.16433,0.214995,0.15611499999999998,0.23528000000000002,0.00036500000000000004,0.00030500000000000004,0.00026999999999999995,0.01597816748288461,0.044384352504257873,0.021744721198488613,0.052544426810927226,0.06346887533359254,0.047453714905509065,0.041750888347169064,6.994045086119095e-05,0.00010709549217611562,6.463573143221772e-05
55.5,0.2430793533052597,0.04712863531812399,0.13646697334746105,0.34969173326305836,0.23955234630879835,0.04750853873775355,0.13208056510911317,0.34702412750848355,0.07252499999999999,0.09947,0.063525,0.158135,0.205755,0.16135000000000002,0.238305,0.000345,0.000285,0.000305,0.01857122213713106,0.042340284337469655,0.02383838437152242,0.05239119839671969,0.06179070878106729,0.04965544727866667,0.041712766797335425,6.767980168082318e-05,9.546668994413123e-05,8.281505499203228e-05
56.0,0.24106638264960006,0.046617497868266376,0.13561027593517122,0.3465224893640289,0.2427885185566573,0.048279868597069404,0.13357186799084064,0.352005169122474,0.07788999999999999,0.09857500000000001,0.06678500000000001,0.15288,0.19490000000000002,0.167575,0.24045999999999998,0.00034500000000000004,0.00025,0.00034,0.019273131556651606,0.039587212616926916,0.029259519865810817,0.05229593472621833,0.059548270802396566,0.05227617858281362,0.041572577633713206,8.077747210701756e-05,9.368979548370131e-05,9.568466729604882e-05
56.5,0.23886126013373335,0.04633682665740636,0.13404007580934274,0.34368244445812396,0.2449078450197859,0.04875148983144956,0.13462431310048845,0.35519137693908337,0.079155,0.09866499999999999,0.07402500000000001,0.14767999999999998,0.18358000000000002,0.17402,0.24192,0.00031999999999999997,0.000285,0.00035,0.020294582542037063,0.036312140646529406,0.03499380679332971,0.05233715707899228,0.057175515933152905,0.05536932674725642,0.04131685841020453,7.535103036971541e-05,8.597480251019288e-05,9.999999999999999e-05
57.0,0.23653810911745712,0.04622117787953948,0.13197854050428695,0.34109767773062727,0.24431916703167297,0.0488373673751338,0.13384136661180668,0.35479696745153927,0.08330000000000001,0.09558,0.08253999999999999,0.14219500000000002,0.17306000000000002,0.1804,0.24198,0.00029499999999999996,0.00030500000000000004,0.000345,0.022641949758995774,0.033357066717563756,0.04029824148355194,0.052377973238333264,0.055146870466257845,0.05847545163950804,0.04087448076462595,7.507403753036805e-05,9.900897826852763e-05,9.872802146413259e-05
57.5,0.23417779696623162,0.04619315365291409,0.12968162355805396,0.33867397037440927,0.24403282206336074,0.04891964955950926,0.13336888641073882,0.35469675771598264,0.09016500000000001,0.08975999999999999,0.09173,0.137685,0.16344,0.18509,0.24114999999999998,0.00026,0.00038,0.00033999999999999997,0.026130180560247015,0.030686385689205346,0.04529065405185096,0.05225983482667269,0.05359559673041143,0.0606929713118963,0.040303754994623846,6.574360974438673e-05,0.00013564659966250534,8.259674462242578e-05
58.0,0.23191441868081575,0.04619287512082536,0.12741887535599766,0.33640996200563383,0.24406299138163248,0.05010586097155532,0.1307156590866576,0.35741032367660736,0.09891,0.082705,0.10145,0.13191000000000003,0.15541999999999997,0.18881999999999996,0.23975,0.000275,0.00043499999999999995,0.000325,0.031550263073388145,0.028479306766297677,0.04915358300492673,0.051293075014512864,0.05249432149184222,0.06208236920951605,0.03975064360065969,6.800735254367722e-05,0.00012650208606097284,8.732124598286491e-05
58.5,0.22991024716003294,0.04617586354959169,0.12545318668293157,0.3343673076371343,0.2396742252301296,0.05007278833725462,0.12640170843173065,0.35294674202852855,0.10855999999999999,0.07611000000000001,0.11161000000000001,0.12481,0.148465,0.19134,0.23798000000000002,0.00031,0.0004999999999999999,0.000315,0.037248545683765365,0.027002775371760913,0.05214062971106762,0.05092664539424436,0.05176869605916944,0.06234156843997074,0.039143625279220114,7.666666666666666e-05,0.00014259499757471623,8.098353742170894e-05
59.0,0.22833872488281534,0.046121795059699135,0.12400397582740609,0.3326734739382246,0.23464376604292475,0.047384564262676857,0.12745243459003847,0.34183509749581104,0.12136000000000002,0.07215,0.12053499999999998,0.11376499999999998,0.142595,0.192785,0.235665,0.00029,0.000555,0.0003,0.04104772750510474,0.026137495416865532,0.053674563627062265,0.05266162162017674,0.05141393263935802,0.06180458318585911,0.03854329315486966,7.84573486395988e-05,0.00016132265804901676,8.563488385776753e-05
59.5,0.22733323963451987,0.04603198453407359,0.12320165610294911,0.3314648231660906,0.23863925114395892,0.04611552979977303,0.1343186750911683,0.34295982719674956,0.11990500000000001,0.07361,0.12520499999999998,0.115235,0.13777,0.19410499999999997,0.233055,0.00026500000000000004,0.0005399999999999999,0.00031,0.04233895005390033,0.025403518785134208,0.0536735106660839,0.05483597361931106,0.05135305205686956,0.06087787476670905,0.03790467315809783,7.22841614740048e-05,0.00017885437900395083,9.392668535736913e-05
60.0,0.22695988342372742,0.04592447263677773,0.12307150870071051,0.33084825814674435,0.25029984225011137,0.04469377702540056,0.14919549441959565,0.35140419008062707,0.11701500000000001,0.074175,0.1153,0.133595,0.13311,0.19507999999999998,0.23062500000000002,0.000225,0.0005099999999999999,0.000365,0.040194099933254436,0.025626663902618647,0.049238221941902,0.05607033601250802,0.05163557548391957,0.05949375840278449,0.037098242882918325,5.785518319236593e-05,0.0001765093639316497,0.0001002912425555359
60.5,0.2272243064817036,0.04582368997234512,0.12356391798491882,0.3308846949784884,0.23676431201299236,0.04702238259598097,0.13039229241165637,0.3431363316143283,0.11089000000000002,0.07956,0.095785,0.1587,0.12952500000000003,0.19555,0.228905,0.00026000000000000003,0.0004499999999999999,0.000375,0.037852329885725365,0.026825684002877208,0.04688353717813251,0.061910171036573446,0.05211435356235576,0.0578655045006186,0.03621657727401148,5.4670731556189084e-05,0.00015652475842498528,0.00010226599304428298
61.0,0.22809045329905536,0.045759637808789444,0.12457496086285076,0.33160594573526,0.23573867240284416,0.047868828443977995,0.12745185926354088,0.3440254855421474,0.099925,0.08899000000000001,0.09374999999999999,0.163535,0.1295,0.19599000000000003,0.22725,0.00028,0.00041000000000000005,0.00037,0.0358177797639974,0.02918822707873844,0.0449769941192161,0.06314226663742054,0.05229448983082889,0.056100354920643976,0.035241855639124464,5.6862407030773275e-05,0.00012220201853215573,0.00011599808427536876
61.5,0.22954099507516382,0.045768834948513616,0.12600469726345492,0.3330772928868727,0.23882231213282953,0.04885900649565368,0.12829556062148254,0.3493490636441765,0.08884500000000001,0.097845,0.09298999999999999,0.163205,0.133635,0.19589,0.22655499999999998,0.00031,0.00035499999999999996,0.00037,0.034453884194835145,0.0325508563208746,0.04282256206980406,0.061267720543166565,0.051850201462160836,0.05431872237083637,0.034321941839975584,9.451631252505217e-05,0.00010040196987886022,9.695359714832656e-05
62.0,0.23161181815550033,0.04589953798591527,0.12777984953153382,0.33544378677946685,0.2417755299983007,0.04990734565032322,0.1288772705591762,0.3546737894374252,0.083015,0.103625,0.09002000000000002,0.16096000000000002,0.13946,0.19571999999999998,0.22607,0.000405,0.00031500000000000007,0.00041000000000000005,0.03345794877321548,0.03422900349930678,0.0403095737180801,0.058289747430878065,0.051629638774641835,0.05271794824029731,0.033335976728520254,0.00013772960627419378,9.546668994413124e-05,0.00010376254944182254
62.5,0.23435972184523726,0.04620970839444168,0.1298260990099347,0.33889334468053983,0.24451549715283166,0.05094298956365746,0.12927444841704974,0.3597565458886136,0.07804,0.10777500000000002,0.08692,0.159965,0.14484999999999998,0.19465000000000002,0.22656,0.00046499999999999997,0.00033000000000000005,0.000445,0.03207724080680534,0.035348987294939266,0.036855045787517346,0.05548115047773732,0.05150798266072724,0.05133317586555935,0.03237793555974672,0.0001656720321062738,8.56997342145496e-05,0.00010340051579497399
63.0,0.23780901640443491,0.04674785162341606,0.13205802900909658,0.34356000379977325,0.24576638249076202,0.05104805026794401,0.13028766993024965,0.3612450950512744,0.073525,0.11102499999999997,0.08409999999999998,0.160345,0.1488,0.19286999999999999,0.22806,0.00045499999999999995,0.000365,0.000455,0.030520904721190685,0.03648678623069513,0.032473659411214426,0.053090971428503934,0.05129969677190002,0.05044969342490266,0.03190796469709579,0.0001438459824488215,8.945824600213093e-05,9.731107051329998e-05
63.5,0.24187134753405806,0.04750832832015512,0.13440004233205033,0.3493426527360658,0.24648938200388382,0.05033073316079084,0.13263335347531569,0.36034541053245195,0.0686,0.1146,0.08292000000000001,0.160945,0.15068,0.190295,0.23070500000000002,0.00045,0.00038,0.0004249999999999999,0.028835626113079865,0.037371861815482986,0.028936985368593984,0.05132990813789212,0.050840407267360783,0.050014314867512344,0.03188018929436343,0.00014083086782851737,0.00010677078252031311,8.700255424092124e-05
64.0,0.24630718483994624,0.04841174295001288,0.1367922137620291,0.35582215591786337,0.2478798734660098,0.049666250206878246,0.13552700981119234,0.36023273712082726,0.062354999999999994,0.11999,0.08342000000000001,0.160445,0.151255,0.18738000000000002,0.23394999999999996,0.00043500000000000006,0.00044,0.00033,0.026960334495534567,0.03825319797815021,0.02670163769426054,0.04958380529187149,0.049816427706575316,0.05008567504231568,0.03259789785315066,0.00014663825482382753,0.00011921036494831776,7.234178138070235e-05
64.5,0.2507397973110443,0.04931997726600736,0.1391702574697011,0.36230933715238745,0.2506282333132613,0.04940931189815149,0.13885660449392734,0.36239986213259523,0.05546000000000001,0.1279,0.08461,0.158195,0.15085500000000002,0.18431500000000003,0.237425,0.00043499999999999995,0.0005,0.00030500000000000004,0.02580986546953617,0.03971107737982774,0.02543151020114832,0.04784199018644604,0.04867421485413674,0.05079641831752401,0.03393654556668961,0.0001725704365050849,0.00013312483698477238,6.211548384528073e-05
65.0,0.2547286372798649,0.05009294014763602,0.1414105339192683,0.3680467406404615,0.2544531268596038,0.049765127091610226,0.14187658815175475,0.36702966556745287,0.05000000000000001,0.138305,0.08337,0.154735,0.14997,0.18163,0.24070000000000005,0.00042999999999999994,0.0005750000000000001,0.000285,0.02539866794407402,0.04270790419296591,0.024265053975716693,0.04604636072602383,0.04714797639112179,0.0520381586487796,0.035742589752593784,0.00019891371663780923,0.00012893796958227626,7.151145984308311e-05
65.5,0.257864295202127,0.05064242370440395,0.143303173677748,0.372425416726506,0.2593248832775694,0.050605867416087746,0.14484645782265024,0.37380330873248857,0.048115,0.14502500000000002,0.08348499999999999,0.15046500000000002,0.149415,0.17946499999999999,0.242665,0.000495,0.00058,0.00029,0.02497041588449108,0.04575776330610771,0.024523922617631044,0.04461733286141907,0.04562842136334666,0.05368913196976336,0.03774349469334638,0.00023039217772215175,0.0001337908816025965,7.295356209413096e-05
66.0,0.2598759367205487,0.05096095693426228,0.14459424296865644,0.375157630472441,0.26308381447567314,0.051189335542686336,0.1472854924189045,0.37888213653244174,0.04823000000000001,0.140405,0.09264000000000001,0.1456,0.14991,0.177775,0.24401499999999995,0.0005399999999999999,0.0006100000000000001,0.000275,0.02438285850528787,0.04443733693515947,0.025223507333878497,0.04348340296404288,0.04420587052517899,0.05538444940695096,0.039755159728015174,0.0002525206262202489,0.00014487542541400487,7.236097782030803e-05
66.5,0.2606420582521096,0.05109601321590624,0.1450548459653156,0.37622927053890365,0.2665981148853566,0.05176680796235749,0.1494934594581105,0.38370277031260275,0.04862999999999999,0.13821999999999998,0.09897500000000001,0.141075,0.15138999999999997,0.1767,0.24348999999999998,0.0006349999999999999,0.0006000000000000001,0.000285,0.024196349816541427,0.04415001019252429,0.02568913978275212,0.043322982257303876,0.043435897084733444,0.057304632351048976,0.041759310871282866,0.00025331688543096456,0.00015670212364724212,7.304869000270375e-05
67.0,0.26023824475473056,0.05113303040786891,0.1445672937619915,0.3759091957474696,0.27501568433639073,0.055757635747464264,0.14888314924957122,0.4011482194232102,0.045035000000000006,0.13607499999999997,0.105465,0.14118999999999998,0.153235,0.17583000000000001,0.241655,0.000655,0.00058,0.00028,0.021160512294260633,0.04391561368124097,0.025702887915995395,0.04364060723683849,0.043093510757937145,0.05890969416544841,0.04347031199565975,0.0002591063702634713,0.00017323715280248374,6.064468466220084e-05
67.5,0.258841454272157,0.05112817114657012,0.1431814956921709,0.3745014128521431,0.27286175606822455,0.05305117517498527,0.15285166015126933,0.39287185198517977,0.03293,0.129355,0.115505,0.15107500000000001,0.15511999999999998,0.17568999999999999,0.238825,0.000565,0.0005949999999999999,0.00034,0.010849726571055448,0.04316244602918401,0.0286001888591278,0.04504736165045258,0.04287539128425276,0.06025571886182718,0.044901664315850624,0.0002307054399011865,0.0001958528359083251,7.295356209413097e-05
68.0,0.2567037023753128,0.051094872580457154,0.14111907038517008,0.37228833436545555,0.2747471961322826,0.05282537503350951,0.15524789562272762,0.3942464966418376,0.029965000000000002,0.13979999999999998,0.10882,0.152205,0.156185,0.17607499999999998,0.23546499999999998,0.000515,0.00059,0.00038,0.010374862917434403,0.0451314456769212,0.020789804124992508,0.04677640991995858,0.042803838126193,0.061131648581837984,0.04582334197158086,0.00020290254913244544,0.00019419348884839346,8.888194417315588e-05
68.5,0.2542361104147643,0.051053084965963114,0.1387460085760655,0.3697262122534631,0.2768729559394173,0.05252256860806402,0.15805865115412512,0.3956872607247095,0.03553,0.13631499999999996,0.107975,0.15273500000000004,0.15716999999999998,0.176675,0.232145,0.00043999999999999996,0.0005250000000000001,0.0004899999999999999,0.010690801341963723,0.04502914429690077,0.020579954176063873,0.04872345833032243,0.04271985044709569,0.061487548988031354,0.046299171128889795,0.0001834545054108935,0.00020017353582440524,0.00013880441875771342
69.0,0.25189049763791793,0.051009251458956406,0.1364995540810649,0.36728144119477096,0.2791482040690381,0.05215160617653929,0.16117307460534866,0.39712333353272755,0.042499999999999996,0.132245,0.10583500000000001,0.15345000000000003,0.15819500000000003,0.17766500000000002,0.22868999999999998,0.00038,0.000545,0.000495,0.01274107094748667,0.04534106885595001,0.019949636657788476,0.050797703906989955,0.04266587658773695,0.06144106618450634,0.046264521323940364,0.0001737175229439384,0.00022772424845266993,0.00015355961564016612
69.5,0.25017695302698306,0.05098198057779267,0.1348477004892904,0.3655062055646757,0.28135281064549805,0.05155051808796668,0.1647374369068458,0.39796818438415027,0.05084999999999999,0.12644499999999997,0.10341,0.15415,0.15858,0.17907,0.226105,0.00038,0.00054,0.00047000000000000004,0.01495460352756524,0.04541232545001166,0.01964679900419178,0.05270888603135781,0.04252473802911012,0.06126004371166866,0.04603922931708469,0.00016769681637473686,0.00022543784558547885,0.00015278888848487785
70.0,0.24962376345572418,0.05101776578829567,0.13421355914776992,0.36503396776367847,0.2827712408986679,0.05079659188227573,0.1678613667264407,0.3976811150708951,0.06137,0.11775499999999998,0.10112000000000002,0.15488500000000002,0.15899499999999997,0.18086000000000005,0.22368000000000002,0.00039500000000000006,0.00051,0.00043,0.017496560296876133,0.04479826599446803,0.01951406928346827,0.054286924991198394,0.04250601686166847,0.060791665090244446,0.04551784094664908,0.0001478456402243006,0.00023007245235649862,0.00012827920936595905
70.5,0.25070314817334804,0.05118655430605099,0.13491111771095549,0.3664951786357406,0.283071648006472,0.05002364967210978,0.16991029059140078,0.3962330054215432,0.06902,0.11113499999999998,0.09929,0.15609,0.15806999999999996,0.18272500000000003,0.22240000000000001,0.00042500000000000003,0.0005849999999999999,0.00026,0.019355180472191705,0.0439253356718977,0.01928379256151537,0.05528815665824523,0.042698925435347125,0.060045074388606866,0.04484442242043287,0.00017340543372237343,0.00022410934831014964,7.408703590297624e-05
71.0,0.25377680989030804,0.051574206813508425,0.137107848531494,0.3704457712491221,0.28307029355016816,0.04918352067536038,0.17180943996276807,0.3943311471375682,0.07309,0.10844500000000001,0.09707500000000001,0.15701000000000004,0.15641500000000003,0.18527500000000002,0.22130999999999998,0.00039,0.00062,0.00037,0.020091148963328764,0.04279032240666884,0.01885953229359979,0.055772885088644204,0.04297117771121579,0.05906082375634273,0.04400250106528037,0.00012060035010083693,0.00022,0.00013063945294843616
71.5,0.2589864000124632,0.052243372210894666,0.14080368135685514,0.37716911866807123,0.28287087848883913,0.048576465697421814,0.17298327866799507,0.3927584783096832,0.0857,0.10706,0.08446000000000001,0.15763,0.15363500000000002,0.18919499999999995,0.220845,0.0004849999999999999,0.0007050000000000001,0.000285,0.026098124666556234,0.04233058114413266,0.01860526478655377,0.055988733092769055,0.043494654237299354,0.05776716216848461,0.04324603029309292,0.0001833409089343916,0.0002124526090946193,9.429563439877089e-05
72.0,0.2662745506665346,0.05322537090855442,0.14587039662315704,0.38667870470991217,0.2806500680588795,0.04833758045910318,0.1713028641909847,0.38999727192677425,0.08308,0.10634999999999999,0.08661500000000001,0.15814,0.14748,0.19598500000000002,0.220795,0.0005899999999999999,0.000675,0.00029,0.02416889323076255,0.0421921438184883,0.01869222216443097,0.05566386460013553,0.04506866933420106,0.05626624311155747,0.04272964391899895,0.00020986768318262923,0.00022988523706889537,0.00010077477638553982
72.5,0.27519316221915235,0.054491025716912445,0.15192589808541768,0.39846042635288703,0.27837998784475787,0.04823309882387781,0.16926913785636902,0.38749083783314675,0.08208,0.10622000000000001,0.085965,0.15888500000000003,0.142515,0.20155000000000003,0.22110999999999997,0.000625,0.000675,0.000375,0.023354311046238217,0.042153063813783316,0.019569264520898296,0.05500246512152382,0.046799845708435116,0.056023514408386293,0.0425037892428428,0.00026333860754211905,0.00025962044945993326,0.000127420999490316
73.0,0.2851349833148001,0.0559441066408869,0.15858062176077117,0.411689344868829,0.27500009722431856,0.04844552281712391,0.16540871077805785,0.38459148367057927,0.08078,0.10662499999999997,0.08496000000000001,0.160665,0.14477,0.19904499999999997,0.221455,0.000665,0.0006799999999999999,0.00035499999999999996,0.022881956987013927,0.04239580577394682,0.02046263776849027,0.05396807186249621,0.0469583019520747,0.05491648783481251,0.042510473513398234,0.00031252111039807286,0.0002756003547812585,0.00012392874296680866
73.5,0.2953349545891582,0.0573937664525492,0.1655012347085567,0.4251686744697597,0.27232580325007916,0.048617014686340505,0.16234647524350848,0.38230513125664983,0.07774,0.10895000000000002,0.08322,0.16334500000000002,0.15317,0.18963,0.222215,0.0006500000000000001,0.000695,0.000385,0.02266193798714782,0.042205707881491306,0.021534353948981146,0.05244576905401108,0.046149802696099244,0.05305689461951825,0.04270931205382628,0.00030523215208537035,0.00029339487990685104,0.000135
74.0,0.3049216337595527,0.05858076783225855,0.17240273020559038,0.43744053731351507,0.2698755040457529,0.04877443371806779,0.15954006944899957,0.3802109386425062,0.07433500000000001,0.11073999999999999,0.08167500000000001,0.16772,0.15446,0.18600999999999998,0.22339000000000003,0.00059,0.0006999999999999999,0.00038,0.022388437057751235,0.04239293166974366,0.021378620226239528,0.050579835793415635,0.04573894997094319,0.05251979245960517,0.04319227605847035,0.0002682039025318859,0.00029382534494718675,0.0001392838827718412
74.5,0.3131766253680822,0.05921246200352206,0.17922873031989825,0.44712452041626616,0.26823027368421715,0.04909271453715083,0.15717483785279385,0.37928570951564045,0.07161999999999999,0.11249500000000001,0.078915,0.17532,0.15264000000000003,0.18350499999999997,0.22386499999999998,0.000565,0.0005400000000000001,0.000535,0.02237812076312238,0.04245815354885064,0.020694583362695557,0.048305643332614646,0.04470795280981276,0.05282979033861692,0.04374979939636549,0.0002522179392685796,0.00018675593103775252,0.00019508545136255888
75.0,0.3195425470322141,0.05907113872378183,0.1859143474535646,0.45317074661086354,0.2668519175321653,0.04932218725685804,0.15527737834418953,0.3784264567201411,0.06961999999999999,0.114475,0.07474,0.18919000000000002,0.14493499999999998,0.18104499999999998,0.22441499999999998,0.000495,0.000465,0.00062,0.02264849786532333,0.04265986876184428,0.019304878197549502,0.046284096020603495,0.04283117248116273,0.053687749197455545,0.04432194217690977,0.00024511335246280556,0.00016617427264438043,0.0001990533150244482
75.5,0.32367593998010374,0.05807790477985446,0.19229459168204388,0.4550572882781636,0.2629614527086521,0.04978787891306467,0.15033344580493319,0.37558945961237106,0.06860999999999999,0.11837,0.06978500000000001,0.19900500000000002,0.14031,0.17830000000000001,0.22413000000000002,0.0004249999999999999,0.00043500000000000006,0.00063,0.02338894658214051,0.04245896332538828,0.017813290996082424,0.0451940799036039,0.04259137288752787,0.054849384682054546,0.04498531562879404,0.0002429277441728072,0.00015864880851883018,0.00019367785395111933
76.0,0.32546589209323107,0.05631569162584142,0.198070946903899,0.4528608372825631,0.26217205472996463,0.04990665883103436,0.14927534898401396,0.3750687604759153,0.06827,0.11857,0.06437,0.20059999999999997,0.1481,0.17504999999999998,0.22354500000000002,0.00043999999999999996,0.000475,0.00058,0.02446956862899076,0.04280691156551448,0.01644828630046979,0.04545040337188072,0.042465508225957786,0.05617301497259258,0.04543572777378319,0.0002480815278178616,0.00014342051612110606,0.00018873850222522753
76.5,0.32495061173624507,0.05400369895627911,0.20278575732470033,0.4471154661477898,0.26601703849825575,0.04925684257842521,0.15459031924264754,0.37744375775386396,0.068965,0.12084499999999998,0.05853499999999999,0.19888000000000003,0.15711499999999998,0.17170000000000002,0.22244999999999998,0.00046000000000000007,0.000475,0.000575,0.0261269880158004,0.04310719226532853,0.01500851804439362,0.045052837005256634,0.04352614989865288,0.05744361099760742,0.04575128656357351,0.0002339040639046511,0.0001352466881911223,0.00019411479993950887
77.0,0.32229592481139824,0.05142636103918603,0.20596141382995703,0.43863043579283945,0.2686019406580087,0.04870496114729808,0.15842366393484006,0.3787802173811773,0.071135,0.12332499999999999,0.052385,0.197765,0.16528,0.167335,0.22118500000000002,0.00047500000000000005,0.0004850000000000001,0.0006299999999999999,0.027986710189342054,0.04358070180073337,0.013835397536753325,0.04413987555361805,0.043946798138961914,0.058295680252580556,0.045716197621849516,0.00022524677824801645,0.00013905434589077433,0.00020925794820959344
77.5,0.31775009919266506,0.0488741381432924,0.2071891175162272,0.4283110808691029,0.27036419189460437,0.04801488099110087,0.16174698493968215,0.3789813988495266,0.07503999999999998,0.12558999999999995,0.04596,0.196765,0.17268,0.162835,0.21941000000000002,0.0005149999999999999,0.0004899999999999999,0.000715,0.029857493755058095,0.04416469039603671,0.01309944824961893,0.04268716828405359,0.04402154661829439,0.05866767189006225,0.0452219936658161,0.00021461205309425963,0.00017619433715203344,0.00023214578752729208
78.0,0.3116223787094836,0.046592145556925625,0.20622362290774776,0.41702113451121947,0.2724880708197996,0.04744039806341343,0.1651704345346508,0.3798057071049484,0.08013,0.126765,0.041605,0.19395499999999996,0.180345,0.15758499999999998,0.21779500000000002,0.00037,0.000545,0.0009050000000000001,0.031876888353650684,0.04412699290431852,0.01292165806784184,0.04165567084910395,0.04414920689485197,0.05856959253268239,0.04431596680530494,0.00018829645656664797,0.00023279103648265038,0.00038067556907278523
78.5,0.30428830772153914,0.04474384809504435,0.20307069126217975,0.40550592418089854,0.27505796293016094,0.04719736579752593,0.16829010382608064,0.3818258220342412,0.08306,0.12433499999999997,0.04405,0.18960499999999997,0.18880499999999997,0.152085,0.21606999999999998,0.000515,0.000565,0.00091,0.03145713467915064,0.04223344780963175,0.011665695197648719,0.04114456454583845,0.044678391154014375,0.05782732103714759,0.04313355757283288,0.00019917189672351981,0.00024597312409647065,0.00033156196002155213
79.0,0.296165812898244,0.04338210789683147,0.19802866678214212,0.39430295901434587,0.27820883374479133,0.047243508973639124,0.17133659152435232,0.38508107596523034,0.07586999999999999,0.119045,0.060050000000000006,0.18584000000000003,0.196815,0.14673000000000003,0.21363,0.00052,0.000525,0.000975,0.022501101454521433,0.03930458444422652,0.013178075226172701,0.04023309085814809,0.0455268181344188,0.05619477002157565,0.04169349816085103,0.00018740923729160797,0.00019397164741270822,0.0003542793938248298
79.5,0.28769984789839925,0.04244518101835731,0.19168217763145587,0.3837175181653426,0.2805011919729282,0.04696534720457395,0.17425819539079662,0.3867441885550598,0.068595,0.11267,0.07748999999999999,0.18191500000000002,0.20422500000000002,0.14264000000000002,0.2105,0.00047999999999999996,0.00059,0.000895,0.014821882190419225,0.036721333641964095,0.02315592892639905,0.03924713298092259,0.04645801524554784,0.054109784902753234,0.03994113863619258,0.0001688523352255192,0.0001834545054108935,0.0003218393318964535
80.0,0.2793387991439688,0.04180089370527463,0.1847786080372154,0.3738989902507222,0.2816253934978169,0.046541711086423125,0.1763407283947802,0.3869100586008536,0.06920000000000001,0.10866499999999998,0.08493500000000001,0.17831,0.21092999999999998,0.14050500000000002,0.20557499999999998,0.00045,0.000565,0.0008649999999999998,0.013380703353046215,0.03528181153228955,0.02909321804323322,0.03855782295606316,0.0480351573791993,0.05155909955790754,0.037875060139299525,0.00014681810363696826,0.00015037915044609373,0.00030487246878362463
80.5,0.27151402131286734,0.04133250723949623,0.17801339400463229,0.3650146486211024,0.2834347721965641,0.046441549932320726,0.17837668736571427,0.38849285702741393,0.073055,0.10559999999999999,0.08848500000000001,0.17487,0.21749999999999997,0.14368999999999998,0.19495500000000002,0.0004599999999999999,0.000585,0.0008,0.013651744800980973,0.03400334787438829,0.03276040381822747,0.037782857812034866,0.04993943442922747,0.049022447126007715,0.03651401591626609,0.00013556466271775168,0.00014625890286292548,0.0002728450923957483
81.0,0.2646170757295457,0.04101783449439336,0.17182828762558244,0.3574058638335089,0.28586847484972805,0.046221229380090836,0.1813087897342167,0.3904281599652394,0.07702499999999998,0.104495,0.08959000000000002,0.172035,0.21935500000000002,0.146495,0.18912500000000002,0.00043,0.0005399999999999999,0.00091,0.01446022369966815,0.03299533506590153,0.034901381539035575,0.03716207449208878,0.05126352853962877,0.04624867953069938,0.03680966452954682,0.0001312757911167681,0.00014847371634213393,0.00029914693528246093
81.5,0.2589730319958744,0.04096310281753947,0.16630805554673816,0.35163800844501064,0.2890784558881889,0.04560333022885786,0.18591655576352623,0.3922403560128516,0.07902500000000001,0.10575000000000001,0.09033499999999998,0.17001000000000002,0.21604,0.1502,0.18658000000000002,0.00045499999999999995,0.0006000000000000001,0.001005,0.015040071014164498,0.032257674366816265,0.03549051598666889,0.036733991070941364,0.052675786024826754,0.042900170292332306,0.0367572057939362,0.000162694328249157,0.00013519533193782164,0.0003356957948301805
82.0,0.2548115401153813,0.041354064705943216,0.1612621464300114,0.3483609338007512,0.29310800641923607,0.0448556291495868,0.19163752364667833,0.39457848919179384,0.07685,0.11059999999999996,0.09180000000000002,0.16867000000000001,0.21352000000000002,0.151045,0.185355,0.00046000000000000007,0.0006249999999999999,0.001075,0.014988460376050783,0.031965227635319254,0.03394845030009142,0.036478426805746735,0.05419335352851552,0.041040145284830555,0.03635478835189542,0.0002172811798364302,0.0001186146889910539,0.00037714203042237427
82.5,0.2522281078057729,0.0423516280706979,0.15642206900947814,0.3480341466020677,0.2993716677345276,0.04415804680181381,0.19947922586662614,0.3992641096024291,0.07284500000000001,0.11975499999999997,0.09284500000000001,0.165175,0.211985,0.15124,0.183995,0.0005200000000000001,0.0005349999999999999,0.0011049999999999999,0.014898727481082254,0.03282856940904438,0.03118195832528804,0.0358012563792576,0.055419874117704576,0.04034621887832586,0.03578782028226301,0.0002616401260425387,0.00010436314802968846,0.00040834693854885487
83.0,0.2511637907951506,0.04399548984442195,0.15163907831277582,0.35068850327752543,0.3056310347588008,0.04393392404296262,0.20624559379518065,0.405016475722421,0.066625,0.13757499999999998,0.095105,0.15374000000000002,0.210325,0.15219000000000002,0.182245,0.000565,0.000585,0.001045,0.013284814325637627,0.03723391170096899,0.027950054114437774,0.03570958383652458,0.05592220551305576,0.040705997920044486,0.035244623270003106,0.00026988166130938033,0.00011691639938197056,0.00038639717620316243
83.5,0.2514082631432262,0.046164597733565314,0.14697668771254363,0.3558398385739087,0.2990386789568691,0.044452814302251564,0.1984794266764922,0.39959793123724596,0.06038,0.150295,0.09901000000000001,0.14575,0.20813500000000001,0.15363999999999997,0.18062,0.000505,0.000635,0.00103,0.011433659373388147,0.04273208165743599,0.025190591056538904,0.03873260900068571,0.05613393014825248,0.041865703147086875,0.034470223220758066,0.000249605243890784,0.0001320879336738304,0.0003708249062712901
84.0,0.2526253598421011,0.04858566436726775,0.14271695118437683,0.3625337684998254,0.29677818513299287,0.04528887977101886,0.19432762136387582,0.3992287489021099,0.05924499999999999,0.155665,0.098685,0.14377,0.20653000000000002,0.15323499999999998,0.18080499999999997,0.000495,0.0005650000000000001,0.001005,0.011120949824542864,0.044434624293574386,0.02241912136498168,0.040649752766775835,0.05645273549124475,0.043304274904447944,0.03366937814988569,0.00022551792242155247,0.0001242868545833477,0.00030871147982829817
84.5,0.2543960714082515,0.050893264447255754,0.13926750870070864,0.36952463411579434,0.2955754916163193,0.045374620360544064,0.19293096915846528,0.3982200140741733,0.060155,0.16051500000000002,0.09548,0.142615,0.20593,0.152905,0.18051999999999999,0.0004,0.00058,0.0009,0.010583376509098281,0.04636479989652111,0.020546135348959854,0.042554606128805586,0.05699341053529298,0.04510017950814238,0.03313936162464341,0.00022546248764114473,0.00012914247085207012,0.000261725046566048
85.0,0.25632279942426534,0.05269790995675963,0.1371118449510867,0.375533753897444,0.2948436500227773,0.045597862182810894,0.19169411947764625,0.39799318056790833,0.06163500000000001,0.160315,0.09595000000000001,0.14157,0.20740999999999996,0.153285,0.178035,0.000405,0.0005350000000000001,0.00086,0.010211499645008072,0.04787206274714582,0.019018564030382993,0.04384743638774994,0.05790641338497067,0.04659927279475507,0.03238410880011642,0.00023027157879338908,0.00012451015130413173,0.00024560582693051525
85.5,0.25810317528718335,0.05367879917681404,0.13667329523894708,0.3795330553354196,0.2935678550089732,0.0457512516244299,0.1900713334397861,0.3970643765781603,0.06325499999999999,0.158095,0.09731500000000001,0.14075500000000002,0.21132000000000004,0.15198,0.17550499999999997,0.000445,0.00046999999999999993,0.00086,0.01130403185200356,0.04865709920225185,0.017789104108976373,0.04503652619448647,0.058692481630955085,0.04696421226139467,0.03182817885843368,0.00023587308263367206,0.00012762793146051097,0.00022556102894289554
86.0,0.25960737127636324,0.053666632482796905,0.13820501420214543,0.38100972835058106,0.2915748631213866,0.04532366936924813,0.18904559981344432,0.39410412642932885,0.065905,0.155505,0.09838500000000001,0.13919,0.21822500000000003,0.14918,0.171815,0.000495,0.00042500000000000003,0.0008749999999999999,0.014332905904479614,0.048944091375318785,0.017609017655104378,0.04662784802144648,0.05967593608165876,0.046500797006311864,0.031005763845883022,0.0002572774118858215,0.00011672617529928753,0.00022830900113661744
86.5,0.260860794851354,0.05270602068135029,0.14163149264444713,0.38009009705826086,0.288412700912436,0.04444855195470254,0.18786309073209748,0.38896231109277446,0.068135,0.15217,0.09887500000000002,0.13848,0.22701000000000002,0.14564999999999997,0.16791,0.000505,0.00043999999999999996,0.000825,0.01812459968906593,0.04880073610555935,0.018127359999612614,0.048497239440336536,0.06047208942975263,0.04549778321828194,0.030216055151010182,0.00025985572920372564,0.00010614455552060436,0.0002310904103977008
87.0,0.2620069542645335,0.0510511579966738,0.146521211533215,0.37749269699585203,0.28539753578008364,0.04349785922956214,0.18699854195754165,0.38379652960262567,0.06926500000000001,0.14837999999999998,0.098515,0.13998000000000005,0.23692000000000002,0.14200000000000002,0.16316999999999998,0.0005049999999999999,0.000485,0.00078,0.021461682974806776,0.04843296065467997,0.01909213923465769,0.050061450682580555,0.06141626150929229,0.045166885608325436,0.029342834824801017,0.00025856978426206983,0.00010776775440218138,0.00025573423705088844
87.5,0.26325653765039114,0.04908243946015902,0.15222434565798315,0.37428872964279913,0.2835179357169878,0.042693459377584404,0.18693862078135104,0.38009725065262456,0.06953000000000001,0.14427000000000004,0.09672,0.14242,0.24754,0.139725,0.15804,0.0004599999999999999,0.000505,0.0007899999999999999,0.02454407735754867,0.048254190491603934,0.01988029761681986,0.04926395527044989,0.06182556006845209,0.0456938667474458,0.028289561090032247,0.0002449262927676179,0.00013047988350699887,0.00030173571953688946
88.0,0.2648203216471772,0.047177735713854356,0.15809686887748092,0.37154377441687353,0.28306140267627355,0.04248024451408574,0.18696441327131536,0.37915839208123175,0.07349999999999998,0.14038999999999996,0.092305,0.13937,0.25817500000000004,0.14219500000000002,0.15229,0.000495,0.0006399999999999998,0.0006399999999999999,0.026234196300926688,0.04839345961318877,0.020834249913170483,0.044592646503904904,0.059458762670722747,0.04658034781726923,0.027422186678349014,0.00023279103648265036,0.0001726911179598482,0.00019576062480034697
88.5,0.26686888368704254,0.04558847398954332,0.16374059071055747,0.3699971766635276,0.28411099867595785,0.04252965430360992,0.18790223656171517,0.3803197607902005,0.07981999999999999,0.13805,0.08637500000000001,0.131445,0.266945,0.147605,0.14796,0.000495,0.0007099999999999999,0.000595,0.026674341812144328,0.048576011455129665,0.021684083064158678,0.03784488035975862,0.05549669532203396,0.04749571761397724,0.026781952671321198,0.00022833333333333334,0.00024207436873820406,0.00017311685199438104
89.0,0.269514810811658,0.04437705914074041,0.16912692861251255,0.3699026930108035,0.2862896688396987,0.042830512305779354,0.18940031864086326,0.38317901903853413,0.08538499999999999,0.13869,0.07995500000000001,0.12479500000000002,0.26905,0.152345,0.14801999999999998,0.000475,0.0007199999999999999,0.0005649999999999999,0.026834366491497428,0.048642219772996,0.022647682552526208,0.03303874531011531,0.05135706323812183,0.04777602051354958,0.026665798110855198,0.00020966242709015203,0.0002745906043549196,0.00016997548842896925
89.5,0.27279264004102116,0.04345596127676639,0.17448842597250264,0.3710968541095397,0.2890086925471028,0.04314574691140669,0.19140623212718566,0.38661115296702,0.08934,0.13849499999999998,0.07585499999999999,0.12159,0.26315,0.14449499999999998,0.16535000000000002,0.00049,0.0006950000000000001,0.0005399999999999999,0.027053290824674992,0.04930527324175828,0.02333491833902336,0.030048563286046732,0.04717259797806349,0.047104575414708916,0.03323700497939006,0.0002035517952102937,0.0002697169298027512,0.00014753530650887152
90.0,0.2766812948201729,0.042688093151850195,0.18011411913051797,0.3732484705098278,0.2924098901897757,0.04381242532366534,0.1932992984242847,0.3915204819552667,0.09126500000000001,0.13837000000000002,0.07358,0.12030500000000002,0.25118,0.151225,0.17245,0.0005250000000000001,0.00063,0.00046999999999999993,0.027165658519126272,0.05029249789426297,0.023759685978096974,0.027725271714929445,0.043897868968777974,0.045339986797282794,0.0362211333340082,0.0002060541999895497,0.000290516780926679,0.00013868429375143147
90.5,0.28110309837197556,0.04199751799367021,0.186098112222848,0.3761080845211031,0.2964002911358923,0.044835624716507455,0.1949750615349127,0.39782552073687183,0.091965,0.137085,0.07348999999999999,0.12100999999999999,0.23703,0.151005,0.18690500000000002,0.000505,0.0005849999999999999,0.00042000000000000007,0.026614075275646486,0.051087665422617744,0.023952325101705217,0.026415518166411193,0.04290273767488504,0.038787080072564824,0.04170507593007514,0.00018294656171801763,0.0002682297936885875,0.00012297244497131145
91.0,0.28595297777151557,0.04144376345396145,0.1922006714208222,0.37970528412220894,0.3002214572822617,0.04568649101260345,0.19687143439498497,0.40357148016953837,0.09190499999999999,0.13344499999999998,0.07535499999999999,0.12376499999999999,0.225425,0.13916499999999998,0.209385,0.0004849999999999999,0.0006699999999999999,0.0003999999999999999,0.025502270541616044,0.05127895141608624,0.023759321504060953,0.02606820759511904,0.04236624852272017,0.030852073629210438,0.05268052932008603,0.00015384877134525462,0.0002616401260425387,0.00011808659722612231
91.5,0.2910721072240575,0.04121287851052,0.19784209890195248,0.38430211554616256,0.30217095529394167,0.045909540589632584,0.1983163592083294,0.40602555137955393,0.09031,0.128345,0.079295,0.12788,0.215205,0.144145,0.21322000000000002,0.000465,0.00075,0.000385,0.02457131321955205,0.050875168823088714,0.02348567820088565,0.026838142633200234,0.04113755883887889,0.03353811467735047,0.05731857474773,0.00014908051515875572,0.0002803767306876787,0.00011006311320732702
92.0,0.29625594508817005,0.041547523233125265,0.20226891780983092,0.3902429723665092,0.30006664358007695,0.04553447470014193,0.19706050548289725,0.4030727816772567,0.08814,0.12365,0.08538,0.130345,0.20439,0.15481499999999998,0.21155,0.000455,0.000815,0.00046,0.024532436351356,0.04944973935444171,0.02351987717277074,0.028650474545226415,0.03929136164604123,0.03736629203648062,0.05916828824068965,0.00013732564703409678,0.0003145587738757611,0.00011590225767142473
92.5,0.30119513835147255,0.04262350239776274,0.2047740770988271,0.397616199604118,0.295818977852884,0.04544328388888029,0.19301912770258123,0.3986188280031868,0.08663000000000001,0.120025,0.09337000000000001,0.129595,0.19409,0.16609,0.20842999999999998,0.000405,0.0008300000000000002,0.000535,0.02457327387404635,0.047904645593558504,0.02429651232401702,0.030722695601135,0.037326715782547905,0.04162872792782514,0.060230995250692046,0.00013405015645065262,0.000333683149776018,0.0001556438241627338
93.0,0.3055056092930263,0.044450257185664865,0.20495214161225211,0.40605907697380045,0.29083893111198056,0.045655585881986545,0.1875588204872961,0.394119041736665,0.08536999999999999,0.11526999999999998,0.10140500000000001,0.129965,0.1888,0.16656500000000002,0.21082,0.00036500000000000004,0.00083,0.00061,0.024514384892684267,0.04577715174868596,0.024048381153647554,0.03202869897971713,0.03606805142135257,0.042604268206887966,0.05892821489839235,0.00014492335138885582,0.00034481879299133334,0.00017508727982225194
93.5,0.30873272098577664,0.04685102263591919,0.20274834454551122,0.41471709742604207,0.2870275878962725,0.04540917676632159,0.18430489341756826,0.38975028237497666,0.08435000000000002,0.11526,0.10322999999999997,0.13138,0.185175,0.1635,0.21527,0.000385,0.0008399999999999999,0.00061,0.024028651878769874,0.045122387151193835,0.025169718578747228,0.03282517682105206,0.034805345414813,0.04383154495718048,0.05769839984301509,0.00017305265736827687,0.0003565887765417688,0.00017729448195962934
94.0,0.31044151249227925,0.04953279413568805,0.1983905474448236,0.4224924775397349,0.28465091439268797,0.04486133480990345,0.18316752451977641,0.3861343042655995,0.08368,0.11327000000000001,0.107325,0.132325,0.181135,0.16752,0.21298,0.000405,0.0007549999999999999,0.0006050000000000001,0.02325288058618879,0.044090179178588054,0.02557969490956971,0.03388246207274658,0.03353098902507947,0.043663694682577345,0.05796411207711966,0.00018848076824970762,0.0003129119506968196,0.00018862808792848308
94.5,0.31032560187099495,0.05217179205265355,0.19230480878306627,0.4283463949589236,0.28277902981197683,0.044177082432395515,0.1828435263560066,0.3827145332679471,0.083665,0.11069500000000002,0.11167,0.13391000000000003,0.17547000000000001,0.17270000000000002,0.21015499999999995,0.00055,0.000615,0.0005700000000000001,0.022059729586838647,0.043205423045672806,0.0261000683268582,0.03618102848485961,0.032202459533395886,0.04349548699450195,0.0582515972360892,0.0002117388328420966,0.00025022767410678,0.00016967288790165882
95.0,0.3082994759608364,0.05448384504673371,0.18504845563158023,0.43155049629009257,0.28157899674804404,0.043565543233863926,0.1830268910703639,0.3801311024257242,0.08408500000000001,0.10800000000000001,0.11693000000000002,0.136725,0.16745499999999996,0.17697,0.20808999999999997,0.00057,0.00053,0.000645,0.021021972697896622,0.04271202016606878,0.02701163658705468,0.04038675473881669,0.03152182352487453,0.04337631855184475,0.05832339858257766,0.0002272052425060263,0.000199332218503014,0.00018264263832230778
95.5,0.30456233147590467,0.05625526109448624,0.17730408964592945,0.43182057330587986,0.28085137073506383,0.043142837207967404,0.18325549252162346,0.37844724894850423,0.084475,0.105555,0.122085,0.13988,0.15898,0.180965,0.20618499999999998,0.0006349999999999999,0.00049,0.0007499999999999999,0.020300070128505033,0.04279193618870005,0.02814922837900416,0.045918364275938414,0.032359846689651944,0.04359964452581899,0.05822398897075558,0.00022718690298714154,0.0001774510887227489,0.0001970617500514327
96.0,0.29959491878684036,0.05735326423568347,0.1698528212862309,0.4293370162874498,0.2806699426940126,0.04280325705091905,0.18384224816518327,0.3774976372228419,0.08526,0.10265000000000002,0.12771,0.1418,0.15141,0.185095,0.20422499999999996,0.000625,0.00043999999999999996,0.0007849999999999999,0.019632593081687175,0.04302718068590803,0.02936504611495329,0.05098516777782861,0.034448969344363395,0.04381757413159448,0.05786314997474644,0.00022013253583542193,0.00016394443503143916,0.00022136571048330354
96.5,0.2940684807319734,0.05771315129930302,0.16351226213259853,0.4246246993313483,0.28053405356306743,0.04263793156314867,0.18408035127059102,0.37698775585554384,0.084785,0.09904,0.13372500000000004,0.14095,0.14961000000000002,0.1884,0.2016,0.0005600000000000001,0.0005199999999999998,0.0008100000000000002,0.01950440413228652,0.041980683917990445,0.030794164535581158,0.054178311568785935,0.03563050175840295,0.04452798994889494,0.05734775545350974,0.000217919455049082,0.0001948218559493661,0.0002299516857467624
97.0,0.28870463212762876,0.057338433680342214,0.15899608367401277,0.41841318058124477,0.2804082141073281,0.042721349719661246,0.18376580683458932,0.37705062138006684,0.08446500000000001,0.093215,0.141395,0.13770500000000002,0.15319,0.18971000000000002,0.19837999999999997,0.0005849999999999999,0.000505,0.0008500000000000001,0.01941198520101549,0.039546096906718314,0.032446818411055345,0.055214486047091345,0.03582376368340496,0.04603946423088203,0.05680837487162922,0.0002400289334411351,0.00019414341777836987,0.00022496913368529273
97.5,0.28415434635925,0.05630375734269208,0.1567863983940271,0.41152229432447296,0.2803572324515849,0.04277215362125618,0.18359989876895505,0.37711456613421473,0.08351,0.085735,0.15148000000000003,0.13301000000000002,0.16199000000000002,0.18789999999999998,0.19433499999999998,0.0005750000000000001,0.000525,0.0009400000000000001,0.02004051562876232,0.03634597796027628,0.03464005645363632,0.05495199713285122,0.03708830139006099,0.04862306151520193,0.056012322081841946,0.000253777023738907,0.00019064947474940028,0.00027856776554368234
98.0,0.28088020105863953,0.05474955537377935,0.1570281022098276,0.40473229990745146,0.28195442841977925,0.04324344434018455,0.18413096106156526,0.37977789577799326,0.082465,0.076085,0.16432499999999997,0.127685,0.16638999999999998,0.19174,0.18914,0.0006599999999999998,0.0007549999999999998,0.000755,0.021109201587617348,0.03342633031508743,0.037892832985495645,0.053902891620023506,0.03696123705240998,0.04849839676617041,0.054827062356710914,0.00027616420236277304,0.0003438709383216648,0.0001997846062360383
98.5,0.2791028242787673,0.0528801536830791,0.15947960585472004,0.3987260427028146,0.28695827629801113,0.04475839523965632,0.1857077519112695,0.3882088006847527,0.08142500000000001,0.06797,0.17456,0.12977,0.16310999999999998,0.19802000000000003,0.18288500000000002,0.000825,0.000745,0.00069,0.022293478431046947,0.032849515639926524,0.04206672068142332,0.050726862925103325,0.035232912170298954,0.046871878681263794,0.05310761142874594,0.00030815310047658666,0.00030934069675144047,0.00021145002036204938
99.0,0.278811164384534,0.050936439617839314,0.16358493265560053,0.3940373961134675,0.2894446597642661,0.04672395418312776,0.18374773213464846,0.3951415873938837,0.08187499999999999,0.06595500000000001,0.17748999999999998,0.136535,0.15545499999999998,0.205,0.17539500000000002,0.0009099999999999999,0.0007250000000000002,0.0006599999999999999,0.02326513993319428,0.033104847286898775,0.044167323768696795,0.04760599113206936,0.035373582774908915,0.04677139023424944,0.05103497844615984,0.0003494281041931229,0.00028570089254323307,0.00020653221432879554
99.5,0.2797852840360861,0.04915754883181782,0.16858318284058688,0.3909873852315853,0.2912298472199458,0.04854977588856354,0.18140262394138423,0.4010570704985074,0.084345,0.06766000000000001,0.17753,0.13437,0.15366999999999997,0.21286999999999998,0.16733,0.0009049999999999999,0.0006799999999999999,0.0006399999999999999,0.023555886796675213,0.03330608202716134,0.04451237231252552,0.045932751084843834,0.03687368242467187,0.04766107904313072,0.04893336920979611,0.0003397261969423154,0.00023760377849595644,0.00018985374487864187
