lag_fs,mode_1_acf_hartree2,mode_1_acf_sem_hartree2,mode_1_normalized_acf,mode_2_acf_hartree2,mode_2_acf_sem_hartree2,mode_2_normalized_acf,mode_3_acf_hartree2,mode_3_acf_sem_hartree2,mode_3_normalized_acf,mode_4_acf_hartree2,mode_4_acf_sem_hartree2,mode_4_normalized_acf,mode_5_acf_hartree2,mode_5_acf_sem_hartree2,mode_5_normalized_acf,mode_6_acf_hartree2,mode_6_acf_sem_hartree2,mode_6_normalized_acf,mode_7_acf_hartree2,mode_7_acf_sem_hartree2,mode_7_normalized_acf,mode_8_acf_hartree2,mode_8_acf_sem_hartree2,mode_8_normalized_acf,mode_9_acf_hartree2,mode_9_acf_sem_hartree2,mode_9_normalized_acf,mode_10_acf_hartree2,mode_10_acf_sem_hartree2,mode_10_normalized_acf,mode_11_acf_hartree2,mode_11_acf_sem_hartree2,mode_11_normalized_acf,mode_12_acf_hartree2,mode_12_acf_sem_hartree2,mode_12_normalized_acf,mode_13_acf_hartree2,mode_13_acf_sem_hartree2,mode_13_normalized_acf,mode_14_acf_hartree2,mode_14_acf_sem_hartree2,mode_14_normalized_acf,mode_15_acf_hartree2,mode_15_acf_sem_hartree2,mode_15_normalized_acf,mode_16_acf_hartree2,mode_16_acf_sem_hartree2,mode_16_normalized_acf,mode_17_acf_hartree2,mode_17_acf_sem_hartree2,mode_17_normalized_acf,mode_18_acf_hartree2,mode_18_acf_sem_hartree2,mode_18_normalized_acf
0.0,9.355177869120794e-06,1.7568529551106305e-06,1.0,8.269104371624575e-06,7.692221384871343e-07,1.0,5.950932648603652e-06,1.0736491923972234e-06,1.0,5.122716833954393e-06,8.548201871621054e-07,1.0,4.3126907383133966e-06,6.561404557917016e-07,1.0,4.117790568499582e-06,9.268005934067286e-07,1.0,3.5314024683994394e-06,6.960373317749228e-07,1.0,3.3382586108990563e-06,3.927562083034281e-07,1.0,2.896081682927925e-06,5.211629959461159e-07,1.0,2.6469476288482302e-06,4.241848695894786e-07,1.0,2.134076225523007e-06,2.999175117959311e-07,1.0,1.9430491239296698e-06,3.6454660295325085e-07,1.0,1.5539718917719516e-06,1.5690665576877828e-07,1.0,1.3888759966423804e-06,2.008919439200121e-07,1.0,1.093229742532278e-06,3.984664758511064e-07,1.0,3.9556900973716313e-07,7.881884674272089e-08,1.0,2.6643051603481793e-07,3.316719415673943e-08,1.0,1.8571513686646132e-07,2.523360035642115e-08,1.0
0.5,9.326361664490685e-06,1.7524427812982117e-06,0.9969197587653332,8.195849992399918e-06,7.644252015128447e-07,0.9911411954750469,5.915208427800255e-06,1.0657050498199734e-06,0.9939968702533072,5.093789297412536e-06,8.513306337318127e-07,0.9943530869498546,4.297511621497612e-06,6.548833832538756e-07,0.9964803604670895,4.073552515595673e-06,9.176630181077981e-07,0.9892568472903107,3.505302206196603e-06,6.903964557248156e-07,0.9926090944217225,3.3146712657504336e-06,3.8801362371871265e-07,0.9929342367090397,2.881260418126611e-06,5.199867024672166e-07,0.9948823042911105,2.63557917462742e-06,4.2288742515194503e-07,0.9957050702110956,2.122005298024983e-06,2.9778109665317645e-07,0.9943437224248793,1.9301264607207677e-06,3.6270984890865785e-07,0.9933492864129101,1.5427881040235413e-06,1.5717081328727343e-07,0.9928030952119361,1.3756532300405472e-06,1.9849639228988376e-07,0.990479519673607,1.0859737922060292e-06,3.9629916362767603e-07,0.993362831211085,3.928991132248223e-07,7.843128870099657e-08,0.9932504911997154,2.6529569989541625e-07,3.294264256189522e-08,0.9957406675620695,1.8445250309027806e-07,2.5004422199615125e-08,0.9932012339032377
1.0,9.18016273848469e-06,1.720413271457234e-06,0.9812921642875668,8.026288567720531e-06,7.484584042631432e-07,0.9706357795244107,5.796424639562787e-06,1.0403618757203294e-06,0.9740363371316058,4.998198650688187e-06,8.363171913435851e-07,0.9756929404255034,4.238138792189999e-06,6.452627454776106e-07,0.9827133567772232,3.962571334304571e-06,8.897836510229032e-07,0.9623052140187963,3.435201244568575e-06,6.729984844903978e-07,0.9727583517620222,3.2527192277419024e-06,3.7723748764263696e-07,0.9743760465777346,2.8313657267833412e-06,5.130395411480735e-07,0.9776539603402498,2.5897581480689036e-06,4.153727142655182e-07,0.9783941774457353,2.090326456299937e-06,2.931053435732159e-07,0.9794994346032095,1.898804424567623e-06,3.5785679954409366e-07,0.9772292430401527,1.5181168498304111e-06,1.5634596191733671e-07,0.9769268400983393,1.350356668410912e-06,1.9457596689325968e-07,0.9722658262331632,1.0670818306874598e-06,3.889669252533443e-07,0.9760819607923849,3.890193291530371e-07,7.804343345996216e-08,0.9834423819285592,2.622093670694935e-07,3.24739868072387e-08,0.9841566610756675,1.8210333770171857e-07,2.4670354230582362e-08,0.980551939784317
1.5,8.918773880125277e-06,1.6615057046236164e-06,0.9533516096539456,7.762941948534588e-06,7.223419350951588e-07,0.9387887248313271,5.596677493345479e-06,9.981049568404094e-07,0.9404706495306585,4.83759673030373e-06,8.102836604255468e-07,0.9443420136438481,4.135518303538047e-06,6.275785735486454e-07,0.9589183538709668,3.7871198739738034e-06,8.437794088128987e-07,0.9196970586470923,3.3221957676670534e-06,6.442156515274195e-07,0.9407581824489107,3.153663221293114e-06,3.611203194295095e-07,0.9447030889089125,2.7472876729529588e-06,5.006093748891466e-07,0.9486223020393071,2.5102863295383726e-06,4.018094575678782e-07,0.948370229232936,2.0395184803308085e-06,2.8600239440572274e-07,0.9556914865264362,1.8495243094973255e-06,3.500649643783536e-07,0.9518669840713047,1.480366754543283e-06,1.544381551005001e-07,0.952634190091599,1.3134486755835892e-06,1.8919224348648723e-07,0.9456918247265146,1.036934859685438e-06,3.766464036087354e-07,0.9485058989371781,3.839778812398802e-07,7.765658662048067e-08,0.9706975819339724,2.572101394099411e-07,3.178928708181099e-08,0.965392940860904,1.7870809494588636e-07,2.4238534179884982e-08,0.9622699471954546
2.0,8.546620984533146e-06,1.577236607702851e-06,0.9135711906390898,7.410333951310313e-06,6.877880828056083e-07,0.8961471059355434,5.319567592323359e-06,9.398113248844084e-07,0.8939048560012792,4.6149482760336796e-06,7.740775178938146e-07,0.9008790502424179,3.99134426942836e-06,6.024173219744406e-07,0.9254881723768795,3.550729773368578e-06,7.806738993488527e-07,0.86229003498407,3.168284345359825e-06,6.047218137437754e-07,0.8971745287349837,3.019471413144343e-06,3.4074957633090843e-07,0.9045049425727811,2.6305964513262625e-06,4.831786935045777e-07,0.908329508395199,2.398604686403458e-06,3.8250885503518086e-07,0.9061776138907462,1.9704271778802185e-06,2.7663202275154437e-07,0.9233162125674859,1.7829674266996724e-06,3.3952603745281486e-07,0.9176131497353787,1.4301628722961707e-06,1.5149541580525653e-07,0.9203273752045766,1.2655823971126624e-06,1.8246753918688772e-07,0.9112277843178359,9.96127547512096e-07,3.59625589603984e-07,0.9111786011280104,3.7784486655119025e-07,7.727438296359871e-08,0.9551932968718916,2.5036837515923983e-07,3.094014451306957e-08,0.939713584184632,1.743246638734803e-07,2.3720553364036782e-08,0.9386669649810432
2.5,8.069983954870493e-06,1.470007049559812e-06,0.8626221828991174,6.97427313115243e-06,6.475012566451424e-07,0.8434133634937107,4.9701496290562815e-06,8.667764248633872e-07,0.8351883515641023,4.334263960111668e-06,7.28887108013424e-07,0.8460869692002685,3.8079732399626256e-06,5.706660541992264e-07,0.882969234527548,3.2582049809951695e-06,7.019294995745626e-07,0.7912507755785104,2.9761287106144605e-06,5.555280693804858e-07,0.842761123164574,2.8527196395851545e-06,3.1764187589019574e-07,0.8545532183370488,2.4834663628995454e-06,4.6142082786069897e-07,0.8575263527749578,2.2567307810836213e-06,3.5793037424963e-07,0.852578553685097,1.884204438271886e-06,2.6524917832452914e-07,0.8829133728857863,1.7001773847551565e-06,3.265849433545783e-07,0.875004838434901,1.368305087058046e-06,1.4762877745093606e-07,0.8805211305963875,1.2076125136108925e-06,1.745937011090675e-07,0.8694890807604898,9.45440737480752e-07,3.3829003081809523e-07,0.8648143209960624,3.7070335184470486e-07,7.689656463675345e-08,0.9371395198299778,2.4179628182267944e-07,3.000299653335521e-08,0.9075397421483086,1.6901923592845464e-07,2.312926823352011e-08,0.9100994069750389
3.0,7.4969755227305925e-06,1.3431991183679197e-06,0.8013717780264037,6.462215394992478e-06,6.052811087375006e-07,0.781489155847103,4.554766295187015e-06,7.807185313953826e-07,0.7653869677479481,4.000654895203455e-06,6.76232181990598e-07,0.7809635052803061,3.5884066552869734e-06,5.335593841037391e-07,0.8320574956622845,2.9154001283476703e-06,6.095027205082608e-07,0.7080010699548442,2.749104077356203e-06,4.980437117848857e-07,0.7784737372634271,2.6565705192084103e-06,2.938756782870493e-07,0.7957953019382599,2.308602086000961e-06,4.362315161166008e-07,0.7971467447240559,2.0871796074952796e-06,3.287088787282169e-07,0.7885231973416402,1.7822912985330152e-06,2.521577516000673e-07,0.8351582184447145,1.6024236804993143e-06,3.1172495872550715e-07,0.8246954030984732,1.2957612103969695e-06,1.4299680936786552e-07,0.8338382548988376,1.1405423543913729e-06,1.6583635378600966e-07,0.8211981178655573,8.858420596502622e-07,3.1311271842730413e-07,0.810298169896441,3.62652527312075e-07,7.652363262875183e-08,0.916787003999733,2.3162769364225054e-07,2.9075329233954904e-08,0.8693737379992191,1.6287783199126398e-07,2.2483267739599255e-08,0.8770304604108897
3.5,6.8374698004720895e-06,1.2014923623193233e-06,0.730875446317375,5.882732826609526e-06,5.661642640789901e-07,0.7114111229259747,4.081016328417347e-06,6.839322901627797e-07,0.6857776031753495,3.620127788250663e-06,6.181072496793857e-07,0.7066812212331807,3.3361936057166986e-06,4.927487235981833e-07,0.7735758968475014,2.529158294047494e-06,5.059983220287175e-07,0.6142027507166433,2.4911270621037538e-06,4.34193165710382e-07,0.7054214534863888,2.4347055779316883e-06,2.7213341063448747e-07,0.729334021631109,2.1092742270540624e-06,4.087199620809066e-07,0.7283200054363094,1.8929861490768432e-06,2.9566725884588263e-07,0.7151581423243122,1.6663192454786787e-06,2.377558066982913e-07,0.7808152424688143,1.4912251590014985e-06,2.955879241448349e-07,0.7674665249767894,1.2136655143727144e-06,1.377944268080645e-07,0.7810086661148065,1.0655229833596992e-06,1.5651701804840612e-07,0.7671836693380907,8.184380448043906e-07,2.8464387477141954e-07,0.7486423145684091,3.5379647084942805e-07,7.615295050387797e-08,0.8943988587086462,2.2002600057143113e-07,2.8274366879618963e-08,0.8258288271403471,1.55991030975367e-07,2.1804584498010257e-08,0.8399478556641967
4.0,6.102652595600217e-06,1.051352491277295e-06,0.6523288686732098,5.245640718262404e-06,5.362427536213983e-07,0.6343662484492052,3.557461341959975e-06,5.794531230966854e-07,0.5977989589236421,3.1994834704267204e-06,5.56993774292798e-07,0.6245676999399816,3.0553664197871306e-06,4.5044291720132215e-07,0.708459429433148,2.107018325565327e-06,3.9516312725840197e-07,0.511686617013422,2.206588095487298e-06,3.6679569620619596e-07,0.6248475259426899,2.191210423429449e-06,2.5562942815413984e-07,0.6563932513422963,1.8891385382741444e-06,3.802602781063394e-07,0.6523084446859365,1.6775668632617042e-06,2.5988441296295124e-07,0.6337741045491202,1.5381753460976371e-06,2.2248879049358e-07,0.7207686996844127,1.3682983305846858e-06,2.789806448047752e-07,0.704201614737051,1.123234358574519e-06,1.3227606842315018e-07,0.7228151065806767,9.838417668869946e-07,1.470486922673662e-07,0.7083726475692866,7.444754186626756e-07,2.535166054285193e-07,0.6809871609770027,3.442531239935427e-07,7.577957235910167e-08,0.8702732406218641,2.0717843100184368e-07,2.7725888770220456e-08,0.7776077383521975,1.48461498113967e-07,2.1117959979175908e-08,0.7994044029955317
4.5,5.305060067071013e-06,9.022227867800355e-07,0.5670720686756527,4.561611885191214e-06,5.219165129156345e-07,0.5516452181743383,2.9935618346150872e-06,4.7173506859694146e-07,0.5030407856014817,2.7461780137950868e-06,4.961148746374947e-07,0.5360784331456443,2.750375200492786e-06,4.0952440332289956e-07,0.6377399557215644,1.657235253360307e-06,2.8367481055209303e-07,0.40245739208736914,1.900376793002228e-06,3.0035364790298546e-07,0.5381365647239716,1.930456265237183e-06,2.4755134360319246e-07,0.578282419143457,1.6521928178790569e-06,3.524820200309546e-07,0.5704924787234239,1.444694010480556e-06,2.228198146234273e-07,0.5457962200442884,1.3998616930059595e-06,2.0689183533862327e-07,0.6559567443111783,1.2355038858998417e-06,2.628530283384419e-07,0.6358582861771033,1.0257868823788821e-06,1.2673522473340657e-07,0.6601064586883907,8.968308921559294e-07,1.3790275498737857e-07,0.6457242362342108,6.652756328818785e-07,2.204426068382953e-07,0.6085414684573824,3.341439352032113e-07,7.539691465537819e-08,0.8447171719170673,1.932882964594824e-07,2.7545684902817878e-08,0.72547356562648,1.4039466052495226e-07,2.0451921472680858e-08,0.7559677842840737
5.0,4.458080097138402e-06,7.684052423743345e-07,0.47653611288925446,3.842146587734152e-06,5.278639165330167e-07,0.4646387825165776,2.3994141533109715e-06,3.682838835598976e-07,0.4031996823008875,2.2681781833255113e-06,4.3961698316858034e-07,0.44276860440373594,2.4259504436248385e-06,3.7368727676648734e-07,0.5625143537590125,1.1885311871464652e-06,1.8896521673595163e-07,0.2886332287607176,1.5776692289933417e-06,2.4283873694670124e-07,0.4467542975095668,1.6569903893855662e-06,2.5000036456603595e-07,0.4963636981196335,1.4027142141386782e-06,3.2724828572815954e-07,0.484348981731945,1.1983964773360072e-06,1.865843518259442e-07,0.4527465765756261,1.2535526711369187e-06,1.915544330376669e-07,0.5873982644784421,1.094839876516271e-06,2.4828720101084834e-07,0.5634648465819743,9.226858870234446e-07,1.2150208143003063e-07,0.5937597017738404,8.059333467749997e-07,1.296236670289617e-07,0.5802773960550477,5.822232301528256e-07,1.8623274079066328e-07,0.5325717070267463,3.235929026758506e-07,7.499594953686287e-08,0.8180441205211266,1.7857256873705783e-07,2.781662255053504e-08,0.6702406743592444,1.318969072835645e-07,1.9836651085878515e-08,0.7102108611556263
5.5,3.5758828712756374e-06,6.710472874057862e-07,0.3822356903633839,3.0990931087695177e-06,5.55163075676425e-07,0.3747797789811498,1.785623013692838e-06,2.8402007635929e-07,0.30005767484392937,1.7737896029864387e-06,3.927724016251675e-07,0.3462595455656276,2.0870755294735596e-06,3.4731828310741763e-07,0.4839381388821243,7.098122914556951e-07,1.6163232901135734e-07,0.1723769773250835,1.2438585350236997e-06,2.0812575264721488e-07,0.3522279168557816,1.375565078833126e-06,2.630234525361501e-07,0.41206066969828326,1.1450658040803164e-06,3.065507710716022e-07,0.3953844985900606,9.42868678651933e-07,1.5446820928325446e-07,0.3562097974194543,1.1014677821032882e-06,1.7711257719313673e-07,0.5161332893970771,9.483750499183113e-07,2.3642061962614189e-07,0.4880859872447767,8.153471513260714e-07,1.1693010735391953e-07,0.5246859068965226,7.125896112798205e-07,1.2276691151893068e-07,0.5130692826447516,4.967279578874321e-07,1.5184959439554134e-07,0.4543674019852841,3.1272822712220493e-07,7.4565461407111e-08,0.7905781783310023,1.632599947579287e-07,2.857145065417931e-08,0.6127676258247888,1.2308146994902982e-07,1.9303853981492064e-08,0.6627433392116642
6.0,2.673144690019028e-06,6.346695316259809e-07,0.28573959014103195,2.3447717496059114e-06,6.00877045525829e-07,0.2835581272443475,1.163031801046426e-06,2.467266151418723e-07,0.19543689531074157,1.271489587898666e-06,3.615477823680681e-07,0.24820610412642338,1.738856342490478e-06,3.346593607906216e-07,0.40319523193321033,2.3009122379137633e-07,2.3060773269201406e-07,0.055877349749532235,9.044015416269301e-07,2.112918249161102e-07,0.2561026531866355,1.0909526346908072e-06,2.845882295975946e-07,0.32680291189213556,8.836860381617688e-07,2.9221637491479387e-07,0.30513160017930374,6.824083262304822e-07,1.3158216938247534e-07,0.25780953079431324,9.458544065495123e-07,1.6422252865222575e-07,0.44321491202485414,7.982212542491874e-07,2.2829138462268418e-07,0.4108085814294007,7.05194064153828e-07,1.1334652731212872e-07,0.45380104227607004,6.182298148275433e-07,1.1783146295875698e-07,0.4451295985546004,4.1019206380780586e-07,1.185962075703679e-07,0.37521121851081984,3.0167269702492444e-07,7.409146309637166e-08,0.7626297551099154,1.4757903952332036e-07,2.9780321973214075e-08,0.553911923152355,1.1405755566618394e-07,1.8884165450203678e-08,0.614153254229337
6.5,1.7646040411133296e-06,6.709076180550523e-07,0.18862324862233415,1.5915408307858897e-06,6.596678444717941e-07,0.1924683447275452,5.425294307223941e-07,2.773033997440948e-07,0.09116712669394689,7.696561207164196e-07,3.5080840114226207e-07,0.15024373699810709,1.3864518092777567e-06,3.3819295455590117e-07,0.3214818528397353,-2.4172559969270275e-07,3.3971914891818113e-07,-0.05870274256827525,5.648830030306113e-07,2.5124571089062077e-07,0.15995996154089934,8.078220190621727e-07,3.1166956393852785e-07,0.24198904675171673,6.229838325592244e-07,2.854619999504547e-07,0.21511265936718701,4.2132599947927937e-07,1.2398233885672458e-07,0.15917428621835314,7.889985930010798e-07,1.5348239612332022e-07,0.3697143445791008,6.464933113235507e-07,2.2463151711486793e-07,0.33272103281468607,5.936408808995471e-07,1.1103896727119763e-07,0.38201519862925876,5.242651468182785e-07,1.1515285946850053e-07,0.3774744095842206,3.239933581269437e-07,8.86357175058629e-08,0.29636346828295124,2.905517613252015e-07,7.356195965933572e-08,0.7345159862706621,1.3176639735928298e-07,3.136783164316949e-08,0.4945619567920041,1.0493579673126933e-07,1.8602074437131662e-08,0.5650363158428143
7.0,8.650032367812381e-07,7.663423088632887e-07,0.09246251101610875,8.515632663180187e-07,7.2569691416221e-07,0.10298131793331299,-6.511042753982165e-08,3.5605491438411737e-07,-0.010941213988550079,2.7662879963795514e-07,3.6148446932048237e-07,0.05400040810462215,1.0349234535265045e-06,3.5730557630775884e-07,0.23997163634581448,-6.97008336828013e-07,4.5664215778130757e-07,-0.1692675538576468,2.3059687491834865e-07,3.126278068259138e-07,0.06529895048265727,5.307306414737914e-07,3.4116879982318115e-07,0.15898427992996492,3.6730464102225866e-07,2.8645844602433395e-07,0.12682813581794952,1.638707650896457e-07,1.3375662840721892e-07,0.06190933409625146,6.331070184590631e-07,1.4533990122360618e-07,0.29666560682662824,4.95277145583878e-07,2.2567058140159116e-07,0.254896872901606,4.820813357790722e-07,1.1019758386321036e-07,0.310225261043408,4.3203636360545157e-07,1.1480673301635102e-07,0.3110690692688931,2.394467864084604e-07,6.634603536442904e-08,0.21902695937801991,2.794773487843515e-07,7.296045194869448e-08,0.7065198281585581,1.1604720764976194e-07,3.3222846417082567e-08,0.43556274775445225,9.58122759213294e-08,1.8477907624678707e-08,0.5159098904804045
7.5,-1.1381869717502479e-08,8.959024938498308e-07,-0.001216638515775452,1.3667220297181097e-07,7.936785584818258e-07,0.01652805392574334,-6.495408543603842e-07,4.539938021453622e-07,-0.10914942122774567,-1.9971121667936717e-07,3.8981943653537935e-07,-0.03898541011590592,6.892553292438359e-07,3.886712625625863e-07,0.15982025400536587,-1.1275114923538846e-06,5.707558551308317e-07,-0.27381467648674546,-9.315996820272769e-08,3.824775658635107e-07,-0.026380444890200007,2.6393363089138073e-07,3.704924828326527e-07,0.07906326670727838,1.2071364421880146e-07,2.942270427882946e-07,0.04168171254643637,-8.586342001905403e-08,1.562379600260055e-07,-0.032438654653857237,4.803640103416774e-07,1.3996734778999895e-07,0.22509224581420592,3.465960768824601e-07,2.3105092464180685e-07,0.1783774134240599,3.718745007000881e-07,1.1089574966668661e-07,0.23930580898477502,3.4280746533626377e-07,1.1656346524819798e-07,0.24682366616242468,1.5779504700410195e-07,5.9227460345568074e-08,0.14433841384391627,2.6856291198338025e-07,7.227437335719788e-08,0.6789280893410421,1.0064338003128057e-07,3.522383678810245e-08,0.37774719476251056,8.678607001647324e-08,1.85197425162113e-08,0.4673074660514983
8.0,-8.508103038374809e-07,1.0387004208291664e-06,-0.09094539042873813,-5.418531045354307e-07,8.592040346777299e-07,-0.06552742354961671,-1.200939014154212e-06,5.553448367451401e-07,-0.20180685702030327,-6.519022069762485e-07,4.296361226740684e-07,-0.12725712314514637,3.541900808315371e-07,4.279212920771248e-07,0.08212740080918797,-1.525642500702595e-06,6.770819882217146e-07,-0.37050026593715285,-4.015006706873421e-07,4.534456358046822e-07,-0.11369439600276342,1.1361354220231981e-08,3.975980435395253e-07,0.0034033774924262543,-1.1298504780982295e-07,3.069546391000317e-07,-0.03901307358692853,-3.2398481754143767e-07,1.8490322240087863e-07,-0.12239940602164978,3.3282645598616933e-07,1.3719726616019714e-07,0.15595809184585344,2.0237133723436725e-07,2.399335189601739e-07,0.10415142609729111,2.642968580172044e-07,1.130528469295799e-07,0.17007827452775476,2.577279736966824e-07,1.199521552182128e-07,0.18556586356142807,8.018194323166894e-08,6.960859507001999e-08,0.07334409238257762,2.579087859472376e-07,7.148864488592297e-08,0.6519944171526626,8.576375124047176e-08,3.725038212530264e-08,0.32189912971254353,7.79465141980112e-08,1.8724522854265266e-08,0.41971007594312965
8.5,-1.6404516688879728e-06,1.1808845788564117e-06,-0.17535226928209582,-1.1735351416937631e-06,9.187627849745554e-07,-0.14191804685894982,-1.7102461143140834e-06,6.523795242459787e-07,-0.28739127382249596,-1.072977378690427e-06,4.7502826465036496e-07,-0.20945475095920157,3.4228850130674704e-08,4.7097428955438135e-07,0.007936773631039654,-1.8844689676953407e-06,7.723866216904195e-07,-0.45764079944016994,-6.898276711177437e-07,5.213489701183575e-07,-0.1953409947720852,-2.234507078366335e-07,4.209515113640164e-07,-0.0669363083815888,-3.303699503744008e-07,3.22518062401428e-07,-0.11407480400911839,-5.468732344151662e-07,2.1511715981890328e-07,-0.20660523406469053,1.923999945895442e-07,1.365260141666025e-07,0.0901561023399677,6.44275526689039e-08,2.5121346574869995e-07,0.03315796388029761,1.6056042894624453e-07,1.1646980980931872e-07,0.10332260821214846,1.7783889235487018e-07,1.2435116584493372e-07,0.12804519106442708,7.631356557136531e-09,8.936185350850212e-08,0.006980560682020791,2.476077955930269e-07,7.059104694814757e-08,0.6259534733460302,7.159497298358451e-08,3.919169293448563e-08,0.2687191168981119,6.937715825012501e-08,1.9078775768758678e-08,0.37356760154672114
9.0,-2.3685303716232727e-06,1.3135341194183724e-06,-0.2531785503984083,-1.7489338697006697e-06,9.69530338301097e-07,-0.21150221246476641,-2.1692652418773467e-06,7.407027283427003e-07,-0.3645252551104491,-1.4568220096766566e-06,5.215648298747913e-07,-0.2843846452766135,-2.6653739754088245e-07,5.145354519631638e-07,-0.061803039845402793,-2.197904788463254e-06,8.542525210741641e-07,-0.5337582744680759,-9.540719460825584e-07,5.834856488385753e-07,-0.27016800113269973,-4.3742295069804765e-07,4.394451850313262e-07,-0.13103327263798814,-5.283751055487251e-07,3.38907691844404e-07,-0.18244482145080257,-7.512624331313533e-07,2.440921809661524e-07,-0.28382217500021,6.083817026132257e-08,1.3723495481573848e-07,0.028507964961004478,-6.55740931315973e-08,2.637338498996782e-07,-0.033748036693472094,6.177409438830198e-08,1.208830817031243e-07,0.03975238851834229,1.0398891583255792e-07,1.2914044097269273e-07,0.07487271439923508,-5.894646154712094e-08,1.1152154507882292e-07,-0.05391955528998108,2.3774367256774187e-07,6.957072540177476e-08,0.6010169318514392,5.831313319713957e-08,4.0951727051088816e-08,0.21886807136431413,6.114822916154273e-08,1.956050781077574e-08,0.32925818645311306
9.5,-3.0245357741830938e-06,1.4307088842325296e-06,-0.32330072356682427,-2.2596345821805415e-06,1.0093332031332894e-06,-0.2732623124137211,-2.570808999725595e-06,8.174217228060634e-07,-0.43200102429806836,-1.7980255191186576e-06,5.66175675425194e-07,-0.3509906124814443,-5.443702539932043e-07,5.561243666068122e-07,-0.12622520069827592,-2.460813780195935e-06,9.207905553937489e-07,-0.597605375810211,-1.190602884150333e-06,6.379707399016593e-07,-0.3371473217239829,-6.279992203648991e-07,4.523410571213496e-07,-0.18812180048440497,-7.044128882534499e-07,3.54424398519663e-07,-0.24322963416601281,-9.34274729769641e-07,2.7012792169888003e-07,-0.3529630581229796,-6.029547689136359e-08,1.38538568057131e-07,-0.02825366599854545,-1.8613803578060533e-07,2.7642538799749135e-07,-0.09579687589377836,-3.101632386934633e-08,1.2599792220551528e-07,-0.019959385387582053,3.6909713576348715e-08,1.3373533027006942e-07,0.026575240457447795,-1.1877762300394188e-07,1.3298267887686033e-07,-0.10864836400152637,2.283874437157397e-07,6.841939276307204e-08,0.5773643488085488,4.606620306578401e-08,4.245011215706695e-08,0.17290137688193324,5.3324264509499225e-08,2.0141012223591196e-08,0.2871293391008946
10.0,-3.5994066704914062e-06,1.5284074555750387e-06,-0.38475021221907363,-2.698793221564454e-06,1.0364669616059528e-06,-0.3263706805812442,-2.9088946322009647e-06,8.804685980010616e-07,-0.48881323381865494,-2.0922150418067378e-06,6.069751628307581e-07,-0.40841903029640786,-7.96057404305163e-07,5.938641397319659e-07,-0.18458485725236223,-2.669053754122288e-06,9.705235162893334e-07,-0.6481761783953046,-1.396405229280386e-06,6.833974846926827e-07,-0.3954251155953028,-7.931058681361737e-07,4.592668766234874e-07,-0.2375807151509377,-8.564102770973688e-07,3.67745928417612e-07,-0.29571344004066286,-1.0934560422285276e-06,2.9214397586611765e-07,-0.4131007468040932,-1.6965152292675394e-07,1.3971801305061716e-07,-0.07949646826002044,-2.9591375270984205e-07,2.883678759225643e-07,-0.15229350049131998,-1.1692803703705994e-07,1.3151515276512033e-07,-0.07524462807607807,-2.2837944098619816e-08,1.3764636645834696e-07,-0.01644347238618188,-1.7122544605735893e-07,1.5237600145727112e-07,-0.15662347939852492,2.1960101660137488e-07,6.713232820531492e-08,0.5551522267815908,3.498390659006617e-08,4.362190161929854e-08,0.1313059296311777,4.5960954931327677e-08,2.0790549033146288e-08,0.2474809307782809
10.5,-4.085648322220936e-06,1.6039819253031952e-06,-0.43672588371693977,-3.060746723528943e-06,1.0497750055305926e-06,-0.37014247081363405,-3.1787481024190085e-06,9.283571028791608e-07,-0.534159650280176,-2.335879944984216e-06,6.428223159560186e-07,-0.4559845919066882,-1.0188497958980205e-06,6.263870356330708e-07,-0.23624457623327552,-2.8196161885650916e-06,1.0023826285104991e-06,-0.6847400667082707,-1.5690059438688817e-06,7.187550407563669e-07,-0.444301083750449,-9.312960709158761e-07,4.601429637741897e-07,-0.27897661010303226,-9.82749505673312e-07,3.779280876976199e-07,-0.33933763383350324,-1.2268474663715682e-06,3.0942688935885597e-07,-0.4634951795043289,-2.6607616873627945e-07,1.4020681839835762e-07,-0.12467978676397609,-3.937763827140145e-07,2.9883715198102137e-07,-0.20265899501173268,-1.9514707100932444e-07,1.3718427510873037e-07,-0.12557953721209433,-7.488473612380486e-08,1.4048766302828606e-07,-0.05391751049398172,-2.157809081534821e-07,1.6902474905480622e-07,-0.19737928795612797,2.1143457606809969e-07,6.57068758592511e-08,0.5345074332506178,2.517049526899313e-08,4.441605432728693e-08,0.09447301924567746,3.909756598696686e-08,2.14789688796341e-08,0.21052439045439797
11.0,-4.477629015554542e-06,1.6558788426283614e-06,-0.47862574909816796,-3.3416217606027017e-06,1.0485057469763682e-06,-0.40410927355923504,-3.3769120100211224e-06,9.600242947217413e-07,-0.5674592890600926,-2.5265188579576707e-06,6.731970658899451e-07,-0.49319900745077255,-1.2105376011805097e-06,6.526975019742277e-07,-0.2806919565148151,-2.9105616882117003e-06,1.0156866603530412e-06,-0.7068260611593549,-1.7066430132574618e-06,7.433139298222437e-07,-0.48327627013042634,-1.0415780739457024e-06,4.552109576968646e-07,-0.3120123978846521,-1.0823477423760828e-06,3.8431575547347024e-07,-0.37372832014939383,-1.3329735991149812e-06,3.2155496117258933e-07,-0.5035889583108222,-3.4864791018386065e-07,1.396166873035271e-07,-0.16337181681428276,-4.787884428984652e-07,3.0728266063275886e-07,-0.2464108791702352,-2.650471706206727e-07,1.4277822080005233e-07,-0.17056110990427678,-1.1901410990169961e-07,1.4198057742057468e-07,-0.08569095454843863,-2.520870463313939e-07,1.8255425220333994e-07,-0.23058926822415005,2.0392458354174059e-07,6.414522302288319e-08,0.51552214284238,1.670629492209506e-08,4.4798137609998674e-08,0.06270413453657024,3.2767162781469636e-08,2.2178851544429625e-08,0.17643776018661797
11.5,-4.771355118410552e-06,1.683586301123855e-06,-0.5100229183412595,-3.5389991005367555e-06,1.0323960915060407e-06,-0.42797852602765885,-3.5012647859760038e-06,9.748422301609651e-07,-0.5883556398168198,-2.662671939126837e-06,6.980763846638968e-07,-0.5197773028323788,-1.3695159439456893e-06,6.721214013999442e-07,-0.3175548693485215,-2.9411527247008045e-06,1.0101490522746472e-06,-0.7142550539602809,-1.8080859345659475e-06,7.566458615339388e-07,-0.5120022287874307,-1.1235504197858754e-06,4.450416435664596e-07,-0.33656781895734617,-1.1546924755962443e-06,3.8657289685849105e-07,-0.3987085317389445,-1.4108565664033631e-06,3.283123828617309e-07,-0.5330126486171813,-4.167334733778986e-07,1.3776761999190212e-07,-0.19527581460955923,-5.502219075953743e-07,3.133247185522034e-07,-0.2831744708968511,-3.260938862252555e-07,1.4813067645143527e-07,-0.2098454212408048,-1.5518249735336666e-07,1.41931102083526e-07,-0.11173243524153464,-2.799410650765776e-07,1.9276820290722585e-07,-0.2560679189244728,1.9709297015719756e-07,6.245264133953864e-08,0.49825179755147275,9.642526429890218e-09,4.4748557950631496e-08,0.036191524054362094,2.699424076230456e-08,2.2863928111384537e-08,0.14535293793372803
12.0,-4.964899409966096e-06,1.6874899564903765e-06,-0.5307113856545734,-3.6522349336311233e-06,1.0016293769642967e-06,-0.4416723709720928,-3.5510657638148815e-06,9.72564523422864e-07,-0.5967242403000672,-2.7439387220270176e-06,7.178173220932381e-07,-0.5356413034270491,-1.4947283480086524e-06,6.842479242747326e-07,-0.34658834558427193,-2.9117713032955412e-06,9.858543465686341e-07,-0.7071198145845763,-1.872852859334628e-06,7.585560911092161e-07,-0.5303425129516527,-1.1773526169396602e-06,4.305400699186389e-07,-0.35268466412270466,-1.199724019828664e-06,3.8457209390148116e-07,-0.4142576595476923,-1.4600626988029894e-06,3.2968035795317004e-07,-0.5516024128661391,-4.699132489058065e-07,1.3468838577846093e-07,-0.22019515670797696,-6.075774800640729e-07,3.1673820574605435e-07,-0.31269280461386045,-3.7788102175358175e-07,1.5311299612839576e-07,-0.24317107906160026,-1.8350202635062888e-07,1.4023006291716372e-07,-0.13212268539037797,-2.99282556793748e-07,1.9958034241570854e-07,-0.27375998397236395,1.9095193586493653e-07,6.063987409465017e-08,0.4827272389002744,4.00818319497866e-09,4.426332867229436e-08,0.01504400942741431,2.179210408943517e-08,2.3512422008748442e-08,0.11734156115182365
12.5,-5.0580926427789765e-06,1.6690220062356291e-06,-0.540673059726051,-3.6820779668669583e-06,9.568368659568007e-07,-0.44528135108585715,-3.526955811804096e-06,9.533270174750463e-07,-0.5926727825816804,-2.7709733729460784e-06,7.330927621379638e-07,-0.5409187083267051,-1.5857520373646446e-06,6.889118040926542e-07,-0.36769435454228727,-2.823990726174791e-06,9.432854263064935e-07,-0.6858024173880658,-1.9011143780074522e-06,7.491669958062768e-07,-0.5383454293356449,-1.2036640203972207e-06,4.1296553321044657e-07,-0.36056643918101094,-1.2179596510770477e-06,3.784538224640459e-07,-0.42055431594239295,-1.480679857528619e-06,3.2582477286435756e-07,-0.5593914444665115,-5.080555100731276e-07,1.3062520382466012e-07,-0.23806811771618713,-6.505316174946433e-07,3.1741687741318034e-07,-0.33479936738757915,-4.201671489108047e-07,1.5763762999613838e-07,-0.27038272129343316,-2.0422693458167668e-07,1.3685616926385666e-07,-0.14704475782963852,-3.10195436505529e-07,2.0298321996891862e-07,-0.2837422221856266,1.8548911583199527e-07,5.871807840670899e-08,0.4689172085428128,-1.916979903213279e-10,4.335348836280578e-08,-0.0007195046317302341,1.7167569820966763e-08,2.4106561538270285e-08,0.09244033690862324
13.0,-5.052789521621751e-06,1.6305526800747432e-06,-0.5401061949126378,-3.631006285803573e-06,8.991943717510476e-07,-0.4391051464126354,-3.4309373283614873e-06,9.176430732758929e-07,-0.5765377514676686,-2.74542067615686e-06,7.447869722867755e-07,-0.5359305940862594,-1.6427129089930542e-06,6.861560647739869e-07,-0.38090208843388684,-2.680472571092976e-06,8.833056537885777e-07,-0.6509492230124932,-1.8936813944600389e-06,7.288444861440942e-07,-0.5362406045205956,-1.2036369972143316e-06,3.9393371415647987e-07,-0.3605583441871717,-1.210298959709578e-06,3.685151469104632e-07,-0.41790912419499554,-1.4732821298339817e-06,3.170892385807048e-07,-0.5565966299359889,-5.312663338597062e-07,1.2608093299582558e-07,-0.2489444039092402,-6.790021185240307e-07,3.15407475670505e-07,-0.3494518538732569,-4.528425632241299e-07,1.6164874529542523e-07,-0.2914097517605456,-2.1774742804407672e-07,1.318728761606655e-07,-0.1567796034854681,-3.129035573152131e-07,2.030374884925982e-07,-0.28621939665712537,1.8068469088593507e-07,5.670330707895727e-08,0.45677160353383467,-2.9744090469088715e-09,4.204769030502744e-08,-0.011163920301532453,1.3115230094777173e-08,2.463181318816103e-08,0.07062014608000258
13.5,-4.952682302111425e-06,1.5754992266757268e-06,-0.5294054662989408,-3.5031447102867115e-06,8.305490750729528e-07,-0.42364258000029,-3.266316222014585e-06,8.664316561029627e-07,-0.5488746747589228,-2.6697679752100098e-06,7.539421844592382e-07,-0.52116251234389,-1.6662956141837513e-06,6.762303834716103e-07,-0.3863702999569602,-2.4848652573267508e-06,8.071466296818862e-07,-0.6034462452596691,-1.8519857696978808e-06,6.982376643207048e-07,-0.5244335037623928,-1.1788969901324018e-06,3.7540335934351426e-07,-0.3531472925085641,-1.1781056518918616e-06,3.5526025985971727e-07,-0.40679296403712006,-1.4389902965331256e-06,3.04014601312027e-07,-0.543641393146594,-5.39897192954308e-07,1.2182003058392913e-07,-0.2529887107579736,-6.931193474689361e-07,3.1088028116746265e-07,-0.35671735672186955,-4.759290443502841e-07,1.6511246139858907e-07,-0.30626618593956373,-2.2452262443325014e-07,1.2540043276375095e-07,-0.16165779016703832,-3.077809144625617e-07,1.998705614986268e-07,-0.2815336086170143,1.765060242038721e-07,5.4613709400632123e-08,0.44620791785775127,-4.385024508598668e-09,4.039306436543331e-08,-0.016458416903060834,9.62629266120885e-09,2.507688146649294e-08,0.051833646000167696
14.0,-4.763200943129581e-06,1.5084638425959933e-06,-0.5091512967221894,-3.303864792414472e-06,7.534985046736942e-07,-0.39954324482246,-3.037676668089226e-06,8.010546340585339e-07,-0.5104538813427836,-2.5474933467435763e-06,7.616195186467928e-07,-0.4972934146697862,-1.6577359297806779e-06,6.595682265485987e-07,-0.38438553338721054,-2.241876940512625e-06,7.164627298435865e-07,-0.5444368535064928,-1.778056160551081e-06,6.582918529218488e-07,-0.5034985891474899,-1.1314535455076491e-06,3.5954378930121517e-07,-0.3389352585846928,-1.1231553313876603e-06,3.3938369027081486e-07,-0.387818941022463,-1.379405445065947e-06,2.873456930044547e-07,-0.5211306147625481,-5.345467239408852e-07,1.188448054980831e-07,-0.25048155147779766,-6.932129935919567e-07,3.0411713256099746e-07,-0.35676555216987305,-4.895819504132045e-07,1.680226381441115e-07,-0.3150519986915256,-2.2514576837890754e-07,1.1765881508739846e-07,-0.16210645797263354,-2.953214908785158e-07,1.9366789537555702e-07,-0.2701367145339959,1.7290483804726785e-07,5.246958575884908e-08,0.43710410520317283,-4.488249951983422e-09,3.845739813428368e-08,-0.01684585541769128,6.683870706042535e-09,2.5433187357036567e-08,0.03598990808621367
14.5,-4.491419228473093e-06,1.4352786555663663e-06,-0.48009982186423145,-3.0399758084259958e-06,6.716863553929951e-07,-0.3676306008251233,-2.750730073999721e-06,7.233890038869336e-07,-0.46223512118645166,-2.382876907304774e-06,7.687783819835943e-07,-0.4651588179753737,-1.6188014853363962e-06,6.367662101693393e-07,-0.37535765571019725,-1.9570724094764014e-06,6.133618535896755e-07,-0.4752724493682807,-1.6744918541761715e-06,6.102844015622413e-07,-0.47417191021421934,-1.0636844473840042e-06,3.4849318000289316e-07,-0.3186345251716534,-1.0475872597667789e-06,3.217256093275584e-07,-0.36172572960983373,-1.2965434065047079e-06,2.680460969080961e-07,-0.48982586295780794,-5.160478375327324e-07,1.1826139310763207e-07,-0.24181321705426076,-6.798178434801102e-07,2.95497010140997e-07,-0.34987167082283027,-4.941153539432008e-07,1.7038472391178364e-07,-0.3179692995474806,-2.2028995811861053e-07,1.0894555678395417e-07,-0.15861024213188463,-2.761325516495537e-07,1.8466048500310514e-07,-0.2525841924222994,1.698257280987026e-07,5.029200970364901e-08,0.42932010323949227,-3.36868286478494e-09,3.6331722956848666e-08,-0.012643757610501008,4.262784375872013e-09,2.569620525225907e-08,0.022953349133502096
15.0,-4.1460188580117486e-06,1.362958805067796e-06,-0.4431790518592667,-2.719064974552666e-06,5.905398085942829e-07,-0.32882218585644357,-2.4122322856265474e-06,6.359961433425741e-07,-0.4053536526232677,-2.180784866606323e-06,7.761889111295941e-07,-0.4257086497835766,-1.5517147793243478e-06,6.085425918368594e-07,-0.35980200609775026,-1.6368379444632842e-06,5.00601475514524e-07,-0.39750393256636807,-1.5444240970999173e-06,5.55923788170166e-07,-0.43734015335836435,-9.78253034618753e-07,3.4394035885590945e-07,-0.2930429150769991,-9.538414065670813e-07,3.033123587569483e-07,-0.3293558369537257,-1.1928035248040722e-06,2.473506380731883e-07,-0.4506335946371173,-4.855056243229575e-07,1.210549612231256e-07,-0.22750153837826134,-6.537026713162046e-07,2.85531308391731e-07,-0.33643136617881303,-4.899555959512124e-07,1.7220753196063168e-07,-0.31529244418477187,-2.1069084819681114e-07,9.966522685814992e-08,-0.15169881883347258,-2.5094414828709055e-07,1.731444373707942e-07,-0.229543835594723,1.6720052949157234e-07,4.8103289073571456e-08,0.4226835909179771,-1.1328870674248188e-09,3.413502801499066e-08,-0.004252092006145309,2.3365477586251184e-09,2.585968137548563e-08,0.01258135334603994
15.5,-3.736839718740141e-06,1.2994493027617515e-06,-0.39944079856296005,-2.350117687127432e-06,5.179862217796311e-07,-0.2842046225939364,-2.0298798987994114e-06,5.424917043517824e-07,-0.34110281844236795,-1.946823845615194e-06,7.842979457740925e-07,-0.38003737249563657,-1.4591449129287293e-06,5.757721460713872e-07,-0.3383374791903976,-1.2881627609694032e-06,3.8226641427900795e-07,-0.31282862485130636,-1.3912032470514002e-06,4.973402763309804e-07,-0.3939520514867693,-8.78080375694855e-07,3.466828161176704e-07,-0.26303545591944755,-8.446687967755687e-07,2.852512142535537e-07,-0.29165917582877443,-1.070957084469996e-06,2.2680827503261608e-07,-0.4046007834828236,-4.4413883846991384e-07,1.2777548106740277e-07,-0.20811760758970402,-6.157551763671406e-07,2.748265556692493e-07,-0.31690149712829824,-4.776613723657348e-07,1.7351604639553364e-07,-0.3073809602959231,-1.9714763488440005e-07,9.035768241136574e-08,-0.14194761473378917,-2.2057702531927265e-07,1.5946467612675562e-07,-0.20176639615415518,1.6496432515134947e-07,4.592798896187918e-08,0.4170304576209356,2.103366986378153e-09,3.20184052132336e-08,0.007894617394740469,8.663883994733764e-10,2.5922109444928584e-08,0.004665146923895353
16.0,-3.2749570785608293e-06,1.2528785346905912e-06,-0.3500689270025191,-1.9427045094557687e-06,4.6512060694717336e-07,-0.23493529917486078,-1.6121010885684115e-06,4.484083913505999e-07,-0.2708988966539019,-1.686920095045318e-06,7.931994205101734e-07,-0.3293018430892127,-1.3441241590240596e-06,5.394315086905533e-07,-0.31166717962942053,-9.186326446525809e-07,2.662838259085836e-07,-0.22308872424935083,-1.218747313537529e-06,4.375276305281749e-07,-0.3451170815117853,-7.662331315241209e-07,3.563814662413034e-07,-0.22953078860410991,-7.230160094946592e-07,2.687157128548099e-07,-0.24965318269742084,-9.340175335428582e-07,2.0829868316550962e-07,-0.3528658910222861,-3.933745191384228e-07,1.3835890277818282e-07,-0.1843301164380934,-5.670932590420216e-07,2.640883191793618e-07,-0.29185739673689687,-4.578947069451875e-07,1.7433034901650816e-07,-0.29466086830120375,-1.804763261380768e-07,8.172238209664739e-08,-0.12994416101536774,-1.8593861298325747e-07,1.4403008415666755e-07,-0.17008191942579498,1.6303599453819736e-07,4.37871912866899e-08,0.4121556303071544,6.196556680473472e-09,3.0158604951587913e-08,0.023257683739439546,-1.8352259665119657e-10,2.588222520208644e-08,-0.000988194068333583
16.5,-2.7720255856951183e-06,1.2301258502792933e-06,-0.29630923371803675,-1.5069408119744405e-06,4.441276091229505e-07,-0.18223748839662815,-1.16793434731795e-06,3.6321218871984765e-07,-0.19626072353415025,-1.407524148522136e-06,8.025685538300391e-07,-0.27476126324078354,-1.2099968454607344e-06,5.006045882515893e-07,-0.28056656942990976,-5.361060053371864e-07,1.7573511757859225e-07,-0.13019263520546887,-1.031112322051287e-06,3.805374275759827e-07,-0.29198380283135067,-6.459016155826265e-07,3.7166627264770325e-07,-0.1934845950741584,-5.919802704000193e-07,2.54840702589268e-07,-0.20440731139928692,-7.853093828723623e-07,1.9391527190664213e-07,-0.296684896336266,-3.3473651535543684e-07,1.5226927385303572e-07,-0.15685312049873082,-5.089606899477686e-07,2.540752054062221e-07,-0.2619391778003194,-4.313815013497675e-07,1.7468978397399278e-07,-0.2775992948352978,-1.6156308424309823e-07,7.463959032967091e-08,-0.11632650044617257,-1.4801048279783493e-07,1.2733217394765518e-07,-0.13538826930832873,1.6134026245412323e-07,4.170446522714396e-08,0.4078688129824078,1.0998831379403099e-08,2.875231500682239e-08,0.041282175717310625,-8.497669209493831e-10,2.5740105837020073e-08,-0.004575647065109232
17.0,-2.240626217377055e-06,1.235174064771702e-06,-0.23950653303694275,-1.0532750017613975e-06,4.6185023107990037e-07,-0.12737473787073117,-7.068826919353869e-07,3.035689776715489e-07,-0.11878519446884554,-1.1149898508563403e-06,8.117695209271909e-07,-0.21765596010811378,-1.060341629472781e-06,4.604736750635354e-07,-0.24586544545214908,-1.4879937071405987e-07,1.7138375900064562e-07,-0.03613573061543015,-8.327475698351224e-07,3.3216277094818337e-07,-0.23581213902604367,-5.202534742271357e-07,3.9055256710568897e-07,-0.15584576716991425,-4.5480966027253414e-07,2.445340544733274e-07,-0.15704310515604095,-6.28190295596797e-07,1.8560858888557696e-07,-0.2373263032295589,-2.6987955672444744e-07,1.6868687523694794e-07,-0.12646200426055865,-4.427645194402254e-07,2.455537601812708e-07,-0.22787098585792195,-3.989572608133043e-07,1.7463278196069307e-07,-0.2567338977787972,-1.4128242168286478e-07,7.00774999695004e-08,-0.10172428785897103,-1.0782018931229506e-07,1.0995021079147813e-07,-0.09862537133553301,1.597883501843762e-07,3.969776441543683e-08,0.4039455727094193,1.6346309266787184e-08,2.7980596479076046e-08,0.06135299180462871,-1.1772438116512334e-09,2.549567687600247e-08,-0.006338976087327399
17.5,-1.6934798396465176e-06,1.2677757373664226e-06,-0.18102059237551107,-5.924631820405366e-07,5.141262743370088e-07,-0.07164780554392003,-2.386595667743406e-07,2.913335529201143e-07,-0.04010456526177296,-8.159482191929367e-07,8.19841127460163e-07,-0.15928036735988774,-8.989231065817103e-07,4.203349916925205e-07,-0.2084367187741499,2.351971249854611e-07,2.584846421226816e-07,0.05711731110967135,-6.280746284592758e-07,2.997598917736237e-07,-0.17785416249763855,-3.9251503842078826e-07,4.108812728876177e-07,-0.11758077613857379,-3.147446048096335e-07,2.3833433804788053e-07,-0.10867946393398274,-4.662070734631971e-07,1.8451220850335456e-07,-0.17613007087188137,-2.0051705087846795e-07,1.8675075778210308e-07,-0.09395964796399266,-3.700074993041071e-07,2.392207174800148e-07,-0.19042621967055312,-3.6147663807157085e-07,1.7421725986887797e-07,-0.2326146566649857,-1.2051578410623826e-07,6.881183934526027e-08,-0.08677217001199977,-6.643769642178633e-08,9.259993435090438e-08,-0.06077194375255002,1.58306839175087e-07,3.778779165646011e-08,0.4002003070975514,2.2068962874974352e-08,2.7965950395861335e-08,0.08283196385841296,-1.2152203807350715e-09,2.515018187307692e-08,-0.00654346436827536
18.0,-1.1433945172962109e-06,1.3235912412040767e-06,-0.12222050005807832,-1.3533071891444512e-07,5.896957133864002e-07,-0.016365825467003704,2.2697199972674074e-07,3.3280279826165245e-07,0.038140576129692585,-5.16890194845395e-07,8.256443489391357e-07,-0.10090157461356115,-7.295864933679728e-07,3.816125200036031e-07,-0.16917199438541214,6.078177747600821e-07,3.751366054131006e-07,0.1476077436792895,-4.216179518585895e-07,2.901842641264494e-07,-0.11939107921892635,-2.658332392251354e-07,4.3061839595356055e-07,-0.07963230840091849,-1.7502065420400884e-07,2.362657258383108e-07,-0.06043360421625394,-3.0288553623956605e-07,1.904132562923309e-07,-0.11442823157455558,-1.283834170996331e-07,2.0565770285798422e-07,-0.060158777631370515,-2.922743130287347e-07,2.355868795785808e-07,-0.1504204445627355,-3.198707944400107e-07,1.734949595455513e-07,-0.20584078523793037,-1.0011605457159072e-07,7.106164198783533e-08,-0.07208422840744756,-2.494012833747098e-08,7.621937891965526e-08,-0.02281325449461472,1.5681086386153735e-07,3.599185868790672e-08,0.3964184756680781,2.7991080267980096e-08,2.8729045879969754e-08,0.10505958808533081,-1.0096755397828744e-09,2.470515829228772e-08,-0.005436689527945601
18.5,-6.029384025919843e-07,1.3955918769051286e-06,-0.0644496995168996,3.075044240942153e-07,6.773225181828327e-07,0.03718714993481235,6.803817949431357e-07,4.0986374154391475e-07,0.11433196023530579,-2.2417997392571357e-07,8.279344400845618e-07,-0.04376192969320572,-5.562145460125397e-07,3.4588450281839243e-07,-0.12897158172534848,9.613616132266643e-07,4.958865002287712e-07,0.23346539782302722,-2.17808862030341e-07,3.051536290930502e-07,-0.0616777226553449,-1.432199582081376e-07,4.4798823319282517e-07,-0.0429025953053906,-3.8842386159147983e-08,2.3782395890631285e-07,-0.013412047867337261,-1.4172644833832795e-07,2.0179953652702327e-07,-0.05354335189472471,-5.518134576327124e-08,2.247093576168556e-07,-0.0258572515373708,-2.1119431099607582e-07,2.3488868365085347e-07,-0.10869221389984794,-2.7507129086039834e-07,1.7251507704093212e-07,-0.17701175440615086,-8.091444096814164e-08,7.63494198113189e-08,-0.0582589382808494,1.5595953921899474e-08,6.211540973010056e-08,0.014265943666858294,1.552264100290514e-07,3.4324494402991776e-08,0.39241297019751875,3.393871714642449e-08,3.018430120775755e-08,0.12738299520460816,-6.07165925838972e-10,2.4161878885556925e-08,-0.0032693400014860144
19.0,-8.418498151363168e-08,1.4757279152254603e-06,-0.008998757981022058,7.261257009104347e-07,7.685013839588364e-07,0.08781189210794514,1.112252554788442e-06,5.02414508263211e-07,0.18690390573474644,5.627894141167932e-08,8.255152751811597e-07,0.010986151145160166,-3.82630022841493e-07,3.148940939113659e-07,-0.08872187830262357,1.288543834528846e-06,6.122417370058019e-07,0.3129211680618227,-2.092212092614831e-08,3.3956510516628744e-07,-0.005924592598370975,-2.7502253617172017e-08,4.615747073226891e-07,-0.008238503010935134,9.074506035831977e-08,2.421724141062256e-07,0.03133373650793473,1.3916423618267274e-08,2.165220194485636e-07,0.005257536441823273,1.731128179781296e-08,2.43277623637619e-07,0.008111838551394954,-1.2843499097806623e-07,2.3702206505254867e-07,-0.06609971379329628,-2.2801998171913307e-07,1.7134734432229978e-07,-0.14673365903621857,-6.367720991045917e-08,8.379179030704679e-08,-0.04584801671596267,5.413221002498787e-08,5.2048575954543185e-08,0.04951585921875849,1.5348257901750942e-07,3.279846609780672e-08,0.3880045585964667,3.9736996983297076e-08,3.216739718243293e-08,0.1491458169833073,-5.849081282786388e-11,2.3523621156081955e-08,-0.0003149490871598784
19.5,4.014099515144805e-07,1.556260592052119e-06,0.042907784024015065,1.111002642091852e-06,8.573880882539749e-07,0.13435586154943896,1.5137727703641305e-06,5.982295722086074e-07,0.2543757188580058,3.189506782789209e-07,8.172687776151123e-07,0.0622620161561248,-2.1249071448902115e-07,2.90474453895772e-07,-0.049271029939912135,1.5826913832723743e-06,7.199133372762986e-07,0.38435451170822094,1.6500231398547453e-07,3.854071363507107e-07,0.04672430159461819,7.867663480116662e-08,4.702899506816161e-07,0.023568166511814228,2.1090689410265566e-07,2.4832536349147754e-07,0.07282491213764032,1.6085811286040316e-07,2.3243979818364285e-07,0.060771173221284155,8.747246830226042e-08,2.608566013523786e-07,0.0409884460808438,-4.5609791358070704e-08,2.4158610159951973e-07,-0.023473308418383347,-1.7962496320091957e-07,1.7004069618069988e-07,-0.11559087017725793,-4.911028813992275e-08,9.246705000650225e-08,-0.0353597356845732,8.967996538707105e-08,4.772808750898857e-08,0.08203213094014704,1.5150808786230422e-07,3.1423618444766116e-08,0.38301303725227154,4.5213709846805546e-08,3.448786533208196e-08,0.169701693783819,5.958543481639892e-10,2.2793019512778388e-08,0.0032084317854631254
20.0,8.435584031451762e-07,1.6303978606252865e-06,0.09017021535523775,1.4534255158987774e-06,9.398982327780253e-07,0.1757657722747104,1.876867813060563e-06,6.904015944387452e-07,0.31539053185234045,5.588346905511788e-07,8.022461888347036e-07,0.10908951415137971,-4.927933611941644e-08,2.743117569014102e-07,-0.01142658704497985,1.8378459264296083e-06,8.16041075112426e-07,0.4463184554573577,3.3627281173291777e-07,4.357706528846402e-07,0.09522358743927845,1.7299337834114934e-07,4.7339177548484035e-07,0.05182144300514781,3.1905905864663773e-07,2.553693856497455e-07,0.1101692195104354,2.9615265138153985e-07,2.4774121685370506e-07,0.1118845904444302,1.5372141797543929e-07,2.770011214586146e-07,0.07203183098006077,3.5708389549844886e-08,2.479396818388401e-07,0.018377502200061402,-1.3075950437312843e-07,1.6865784376697802e-07,-0.08414534720060281,-3.7817382336603716e-08,1.0161498757535559e-07,-0.027228768031147176,1.2133101108838948e-07,4.9215462811116536e-08,0.11098400122864124,1.492442004553109e-07,3.020693958226412e-08,0.3772899210544239,5.020815973914647e-08,3.696091431527296e-08,0.1884474814911409,1.3076862712454732e-09,2.197551749454595e-08,0.007041355342972213
20.5,1.232888491812565e-06,1.6924885888122927e-06,0.13178675050979366,1.7457778484248946e-06,1.0131763422255418e-06,0.21112054824407947,2.1942873026814657e-06,7.746490722610666e-07,0.3687299843993934,7.716969717825933e-07,7.798061105100992e-07,0.15064212932240004,1.0381656142580488e-07,2.675461445619053e-07,0.02407234084825785,2.0489168222214676e-06,8.984757329195965e-07,0.49757674367787014,4.89509663974223e-07,4.857278447650603e-07,0.13861622070963966,2.534667695719957e-07,4.7048253147937315e-07,0.07592784116378938,4.129007389624335e-07,2.625813625936054e-07,0.14257220070705767,4.1719718015670966e-07,2.610103567182229e-07,0.15761444450574386,2.1459654921875238e-07,2.9136388534673574e-07,0.10055711537021612,1.1401558347895563e-07,2.553228946317865e-07,0.05867869323260739,-8.22713596402499e-08,1.6725476530657182e-07,-0.05294263047862348,-3.0303492622345316e-08,1.1066565768519458e-07,-0.02181871721853086,1.4827667377484256e-07,5.438257296318806e-08,0.13563175973550193,1.4663102665189752e-07,2.9149600501908408e-08,0.37068380748362184,5.4566754788485913e-08,3.942375647938015e-08,0.20480670007543345,2.041523108303098e-09,2.107531072391154e-08,0.010992766355771299
21.0,1.561561351882434e-06,1.7380717115741942e-06,0.16691947216062827,1.9814516728591748e-06,1.0752038036164816e-06,0.23962107427964321,2.4597647148894742e-06,8.480763661183376e-07,0.4133410441918952,9.537480260290052e-07,7.494348439128666e-07,0.1861801182738371,2.438897693010009e-07,2.70351495885989e-07,0.05655164817043688,2.2117288594573026e-06,9.655468806999363e-07,0.5371154318475212,6.219516278658506e-07,5.319836140759695e-07,0.17612029029014692,3.185073421769861e-07,4.6148564238192526e-07,0.09541122462384843,4.904740853637756e-07,2.695214816645197e-07,0.16935782172687497,5.217205665623607e-07,2.7116954114542903e-07,0.19710271592694023,2.6879298011466033e-07,3.0363057924553517e-07,0.12595284877829802,1.8793813336152603e-07,2.629462570869928e-07,0.0967233051635027,-3.4902466142375584e-08,1.6589414128803877e-07,-0.022460165674282086,-2.6963612587530786e-08,1.1921660353486887e-07,-0.019413981271701398,1.6982504110269464e-07,6.067190446622824e-08,0.15534249983843676,1.436262694841808e-07,2.8253990791475305e-08,0.3630877696400273,5.8161806825998974e-08,4.174312713481736e-08,0.21830009449217228,2.754685950921132e-09,2.0098942070190697e-08,0.014832856370247794
21.5,1.8231157536165246e-06,1.7637252064462078e-06,0.19487772216861787,2.1554914160611348e-06,1.1246199163236416e-06,0.2606680626087756,2.6681723775529196e-06,9.086322195351243e-07,0.44836205265724,1.102239214113963e-06,7.111172849534839e-07,0.21516692213165106,3.684585971257157e-07,2.81868501940159e-07,0.08543589593670056,2.3231356117352123e-06,1.01600935812313e-06,0.5641704144710069,7.313143362106738e-07,5.72286641416615e-07,0.2070889236655408,3.669079248372635e-07,4.46658465710709e-07,0.10990997630900988,5.501494835334316e-07,2.760240771076747e-07,0.18996338631486148,6.078866637141452e-07,2.7744172881490567e-07,0.2296557200788501,3.1515140968207936e-07,3.13587463766941e-07,0.1476757980398961,2.5618998421745084e-07,2.700770441392817e-07,0.13184946333179987,1.0656371454013644e-08,1.646330481475106e-07,0.006857505924294728,-2.8069713230230954e-08,1.269864758592947e-07,-0.02021038112696146,1.8542226548409123e-07,6.630596393766096e-08,0.16960960562104044,1.401855529653236e-07,2.7515358971156136e-08,0.3543896248557749,6.087399760002783e-08,4.38105495645604e-08,0.22847982470623834,3.4210207509848053e-09,1.905209308421597e-08,0.018420796541989436
22.0,2.0125997037660256e-06,1.767125091881831e-06,0.2151321687222149,2.2639956248449434e-06,1.160807289065511e-06,0.27378970237863276,2.8155826028676484e-06,9.548360828828643e-07,0.47313299765345296,1.2150382145519838e-06,6.651261444133947e-07,0.23718629273015193,4.7545271947935125e-07,3.005520336344579e-07,0.1102450299196021,2.3811212835107255e-06,1.049006025244095e-06,0.5782521582631983,8.158825123442971e-07,6.0512962236183e-07,0.23103639974349477,3.9793086755306147e-07,4.266149359233228e-07,0.11920312771870335,5.907866680144199e-07,2.8215562200348954e-07,0.2039951675040938,6.742072871356206e-07,2.792673941135e-07,0.25471123031965287,3.527055872634972e-07,3.210702067496072e-07,0.16527319082853198,3.1766713005293207e-07,2.7607053757324765e-07,0.16348898550257668,5.3807463106561885e-08,1.6352771677510644e-07,0.034625763433344156,-3.375789432480308e-08,1.3377949322341588e-07,-0.024305909531457868,1.9463532070989261e-07,7.024733187626843e-08,0.17803697899679669,1.3628103016236857e-07,2.6926412056299012e-08,0.3445189759756985,6.260515818774653e-08,4.554269496315429e-08,0.23497743096201903,4.012357324511586e-09,1.794364803925181e-08,0.021604901960127657
22.5,2.1268344523938696e-06,1.7468097548464031e-06,0.22734302673325346,2.304307091333652e-06,1.1835576578622802e-06,0.27866465191089856,2.8993981717115657e-06,9.857553180327538e-07,0.4872174401758505,1.290953288318024e-06,6.12309557911988e-07,0.25200559198613653,5.632101464697875e-07,3.2472484866233204e-07,0.13059367820333143,2.384746003163338e-06,1.0640616094689336e-06,0.5791324166426168,8.744226481945106e-07,6.294316997004443e-07,0.24761342158511626,4.1130133992862194e-07,4.0242688317661654e-07,0.12320835137989825,6.11611075993718e-07,2.882040766203465e-07,0.21118571330328711,7.197415765729367e-07,2.7631250449739833e-07,0.271913795622061,3.806751917366006e-07,3.259918180825689e-07,0.17837937894805372,3.714135246519009e-07,2.8038213653206183e-07,0.19114983768436342,9.403473467981566e-08,1.626390794550596e-07,0.060512506807694204,-4.4052231247995445e-08,1.3948112728517197e-07,-0.03171790091735482,1.9722050316362912e-07,7.1972516156884e-08,0.18040169919526877,1.3188946799238809e-07,2.6477601726491443e-08,0.3334170896755092,6.328137872295975e-08,4.687494365487853e-08,0.23751550559880294,4.5015946193276484e-09,1.6784956207832696e-08,0.02423924455099492
23.0,2.1642756049235397e-06,1.7022800961008727e-06,0.23134521173213565,2.2757129431523593e-06,1.1933093681327413e-06,0.27520670206576014,2.9183029338580008e-06,1.0008797562277768e-06,0.4903942131730833,1.3295905817961093e-06,5.541285555548751e-07,0.259547936162178,6.305699604998956e-07,3.528883981038929e-07,0.1462126544103875,2.3342454271771495e-06,1.0610766781374504e-06,0.5668684184751264,9.064896507063634e-07,6.446271501439913e-07,0.25669395058140104,4.070882454889627e-07,3.755158710750841e-07,0.12194628785195469,6.123775132902588e-07,2.9461807524851923e-07,0.21145035960144193,7.43956122098868e-07,2.684187715946515e-07,0.2810618971039433,3.985218689644813e-07,3.283226930011284e-07,0.1867420967434347,4.166184862555798e-07,2.8258332522975745e-07,0.21441479843443198,1.3091933369178205e-07,1.6201460654982207e-07,0.08424819933036132,-5.881835919467118e-08,1.440224389490818e-07,-0.04234961172693968,1.9306083863982696e-07,7.127174661125422e-08,0.17659676747600633,1.2700411579521794e-07,2.6154990869449573e-08,0.32106690025997275,6.284881446654234e-08,4.776176946364295e-08,0.2358919518750963,4.872804564016259e-09,1.558700334324436e-08,0.02623805816927058
23.5,2.1250724863891046e-06,1.633844754952228e-06,0.22715468547139664,2.178682879116745e-06,1.1910555641751148e-06,0.2634726544984598,2.872420175850494e-06,1.0001696269754623e-06,0.48268403382526753,1.3314843011959814e-06,4.930506930051444e-07,0.2599176070733867,6.768171696639075e-07,3.8387289767376477e-07,0.15693617064890597,2.2309182592026484e-06,1.0403601075069044e-06,0.5417755522266734,9.121858973770379e-07,6.504284189434688e-07,0.2583069773382341,3.858343667999526e-07,3.4783314603421525e-07,0.11557953165768667,5.931485028489119e-07,3.0187386653078217e-07,0.20481069520430156,7.468016967439916e-07,2.5560379550954266e-07,0.28213693712895577,4.059458420716219e-07,3.2810166436720946e-07,0.1902208727207647,4.526596173380413e-07,2.823481249149269e-07,0.23296354773705952,1.641339879009446e-07,1.617042646216086e-07,0.10562223729400093,-7.778397929159311e-08,1.4738776373578487e-07,-0.05600498495159866,1.8222060249953007e-07,6.823901538693669e-08,0.16668097784958494,1.216233159859406e-07,2.594272754975889e-08,0.30746421734795026,6.127998437860489e-08,4.817558231732646e-08,0.2300036245495116,5.113761962947094e-09,1.4366888551272275e-08,0.027535515140180256
24.0,2.01119435932747e-06,1.542711308849237e-06,0.21498194769400825,2.0153920281952857e-06,1.1783269124727153e-06,0.24372555208168636,2.7631291175517055e-06,9.84002477150647e-07,0.464318667461319,1.2978965143956594e-06,4.329993364404665e-07,0.25336097162211685,7.016884169459544e-07,4.16787392629432e-07,0.16270316132623275,2.07720463637917e-06,1.0025753659178208e-06,0.5044464019781488,8.921607980679882e-07,6.468679505288461e-07,0.2526363975931489,3.484642643881792e-07,3.2187921647009496e-07,0.10438504172519192,5.545335813065513e-07,3.104494659176097e-07,0.19147718953352186,7.286953408949969e-07,2.380718708393817e-07,0.2752964709060281,4.028583879208782e-07,3.2542014729403083e-07,0.18877413238702287,4.790448050825686e-07,2.7945861799830197e-07,0.24654281725710397,1.934589279246018e-07,1.617513351621004e-07,0.12449319640138785,-1.0058110986902424e-07,1.4958788652005505e-07,-0.07241907132975149,1.6490918971592692e-07,6.328758243040156e-08,0.15084586825633126,1.1576062839221192e-07,2.5822871688527848e-08,0.29264332023666206,5.856847187930341e-08,4.8102028134538364e-08,0.21982644012013064,5.215310467389445e-09,1.314394554068991e-08,0.028082312273444463
24.5,1.8260518909850082e-06,1.4309970868105203e-06,0.19519157375001592,1.7890392918687001e-06,1.1572621498017732e-06,0.2163522446285461,2.5931322199828368e-06,9.532180356928691e-07,0.43575223802798346,1.230806990421e-06,3.802255462411075e-07,0.24026449837378572,7.05332431460508e-07,4.509349643873711e-07,0.16354811282766565,1.8765663960056836e-06,9.487741055359163e-07,0.45572167034455485,8.476180010304384e-07,6.342343901877873e-07,0.24002305277161168,2.962751191520547e-07,3.00632678885419e-07,0.08875139816452451,4.975102336411468e-07,3.20695756433373e-07,0.17178736241243248,6.90522326145907e-07,2.162625910883029e-07,0.2608749484198805,3.8940164902170605e-07,3.204366663029296e-07,0.18246848184922437,4.955096975359196e-07,2.7380685023362624e-07,0.25501655693284214,2.1870517729668674e-07,1.6218841185434512e-07,0.1407394679753848,-1.2672545103433055e-07,1.506864192434776e-07,-0.0912431717019305,1.4148588589310006e-07,5.731545800932673e-08,0.12942008471647728,1.0943849913013876e-07,2.5776994755948538e-08,0.2766609527952037,5.473647757938563e-08,4.75436361184458e-08,0.20544372466790742,5.172320584864147e-09,1.1943027769383652e-08,0.027850829351531586
25.0,1.5747826601408096e-06,1.3018220081495155e-06,0.1683327331849874,1.504425282950202e-06,1.130409213201414e-06,0.18193328023680969,2.3664154466929617e-06,9.091374769189585e-07,0.3976545503750955,1.133060265531741e-06,3.438670883849029e-07,0.22118346616810647,6.883377224976905e-07,4.857349080190456e-07,0.1596074850400437,1.6333954311552414e-06,8.80402927466259e-07,0.3966679227570355,7.802953387092953e-07,6.130613995330693e-07,0.22095905116783635,2.3094329511964871e-07,2.871624472462052e-07,0.06918076819023057,4.234556649443591e-07,3.3277167824698907e-07,0.14621675467255724,6.335382122040714e-07,1.9087373043013693e-07,0.23934671215227016,3.6594604528691453e-07,3.133533657592717e-07,0.1714774949977387,5.01879833584724e-07,2.653567775637549e-07,0.25829497947520236,2.3981236068507947e-07,1.6302762729039682e-07,0.15432219974817435,-1.5562983711855043e-07,1.507777614203209e-07,-0.11205452286221873,1.124398467059025e-07,5.198313585769085e-08,0.10285106810710713,1.0269119990829064e-07,2.5785223465661373e-08,0.25960375403655633,4.982215429211432e-08,4.6515517718667426e-08,0.18699867805534487,4.985190068752038e-09,1.079660401499861e-08,0.02684320811359951
25.5,1.2638765377820615e-06,1.1595814399396498e-06,0.13509914567779796,1.1675526887120885e-06,1.1008544592375364e-06,0.14119457637015015,2.0880928795681076e-06,8.536034283462397e-07,0.3508849793583305,1.0080450662937728e-06,3.341125680125066e-07,0.1967793846445402,6.516997502666787e-07,5.206422771882735e-07,0.151112099107191,1.3528986544305885e-06,7.993119462461277e-07,0.3285496510628879,6.923146204979181e-07,5.840921558200391e-07,0.19604523321628087,1.5444670995786396e-07,2.837921853846098e-07,0.04626565163454144,3.340810205828192e-07,3.4660960219457807e-07,0.11535621476154805,5.594085608440896e-07,1.6306938255948149e-07,0.21134100076150952,3.330628250324077e-07,3.044233789772956e-07,0.15606885126644557,4.982005824650083e-07,2.5419007597681177e-07,0.25640143438959245,2.567868694406919e-07,1.6426257696230165e-07,0.16524550463257406,-1.8664144104638304e-07,1.4998409194108043e-07,-0.1343830849532934,7.837879821431847e-08,4.987365453976956e-08,0.0716947181045107,9.555817807310017e-08,2.582575796898161e-08,0.2415714470064125,4.388852119070792e-08,4.504755988224738e-08,0.16472783164587812,4.655133740211233e-09,9.747032830301614e-09,0.025065989874366094
26.0,9.011033981070935e-07,1.0105175766321806e-06,0.09632135387627642,7.855085695118554e-07,1.0719363940411319e-06,0.09499318598605763,1.7643040820789792e-06,7.890663612435097e-07,0.29647522266832604,8.597875297190302e-07,3.561969754979412e-07,0.1678381916447511,5.967722312453532e-07,5.551130920510714e-07,0.13837584641618386,1.0410219027009133e-06,7.078361291228159e-07,0.25281079389140354,5.862389349518545e-07,5.483302364981688e-07,0.16600739796660996,6.899731375299008e-08,2.911179138915925e-07,0.020668654467847776,2.3141146154770838e-07,3.619243336442507e-07,0.07990501887838761,4.701488625322862e-07,1.3488454005342052e-07,0.17761925374279608,2.9149389950231937e-07,2.9394874938086706e-07,0.13659020048868298,4.846539566040015e-07,2.4050143794886493e-07,0.24942959528672415,2.696979472167821e-07,1.6586849126668774e-07,0.1735539417699846,-2.1904040983780702e-07,1.484558714168598e-07,-0.15771055901847184,3.999985009761487e-08,5.3574094255419236e-08,0.03658869544196824,8.809077759433414e-08,2.5876589808350814e-08,0.22269382946067057,3.701984467414015e-08,4.318443717911081e-08,0.13894746452130238,4.188430499149879e-09,8.849669563501495e-09,0.022552983939922864
26.5,4.954190471257051e-07,8.638070188486501e-07,0.052956667853527935,3.661244330386686e-07,1.047007317129225e-06,0.044276189607066065,1.4020989956257813e-06,7.187538283831662e-07,0.2356099587103838,6.927034447857959e-07,4.0606135265654694e-07,0.13522188854836142,5.252349692657812e-07,5.885869683939658e-07,0.12178822946882337,7.042851591443624e-07,6.089421827080604e-07,0.1710347205445628,4.6490932849606617e-07,5.069591367034929e-07,0.131650054802952,-2.3011648376072366e-08,3.076863087872118e-07,-0.006893309074660005,1.17742431017492e-07,3.782604236413424e-07,0.040655770074293954,3.680520990833218e-07,1.1016015921689914e-07,0.13904774506002326,2.421820129643956e-07,2.822747787807427e-07,0.11348330020641276,4.615938278803892e-07,2.2461049460047335e-07,0.23756158410799755,2.7870284534497404e-07,1.678075752820645e-07,0.17934870432384514,-2.5208327089851124e-07,1.4636013153042402e-07,-0.18150163982092332,-1.913995060029159e-09,6.366184948947367e-08,-0.0017507711193401308,8.034658549131537e-08,2.591286666024573e-08,0.20311648160886484,2.932370898194617e-08,4.098529356674135e-08,0.11006137516962981,3.5918771904764377e-09,8.16886255913515e-09,0.019340788538196436
27.0,5.675909900677838e-08,7.334879614331829e-07,0.006067131999074716,-8.192647364065893e-08,1.0290583345080979e-06,-0.009907538949658146,1.009185438662008e-06,6.467838617347985e-07,0.16958441613329414,5.114912404484469e-07,4.745941186609433e-07,0.09984765057833775,4.3902079570383165e-07,6.204774850447639e-07,0.10179742122559976,3.4970065702162244e-07,5.067381069550666e-07,0.08492434260663345,3.314588755616532e-07,4.613983620083959e-07,0.0938604077353671,-1.1904151297501084e-07,3.306547290512739e-07,-0.035659763622372775,-4.429798271794918e-09,3.9499002279497943e-07,-0.0015295833325102946,2.5568430639155535e-07,9.580452258787667e-08,0.09659590677387583,1.8622611386612182e-07,2.697870576839919e-07,0.08726310318202557,4.2951217783451835e-07,2.0699435057343456e-07,0.22105060162651086,2.8400932940054315e-07,1.700140661878188e-07,0.1827634919938578,-2.8501798513363707e-07,1.4389868690629514e-07,-0.2052148541861696,-4.651589431012178e-08,7.864838942900841e-08,-0.04254905670822287,7.238744396569541e-08,2.5913208606824305e-08,0.18299574077805902,2.0927851975292604e-08,3.85233841809928e-08,0.0785490051468342,2.8775964822952174e-09,7.77009578841102e-09,0.015494679275197458
27.5,-4.043891943778319e-07,6.403793680198034e-07,-0.04322624326712419,-5.495142707867202e-07,1.0203180311069746e-06,-0.06645390432758086,5.938172066523908e-07,5.786098344458221e-07,0.09978557004702887,3.2129240442656227e-07,5.532552505624407e-07,0.06271914197891476,3.4032307317458143e-07,6.501666866667505e-07,0.07891200501607835,-1.5427119470654795e-08,4.0749114846970136e-07,-0.003746455584378116,1.8920713507305267e-07,4.1330252704531725e-07,0.053578468261876774,-2.1653371832943074e-07,3.56827845400282e-07,-0.06486427313404401,-1.3250395717858174e-07,4.114407365631203e-07,-0.04575283838148545,1.357538011538181e-07,9.948585459172145e-08,0.051286923728403655,1.2479703383622263e-07,2.568926953999905e-07,0.05847824568948473,3.890391139520042e-07,1.8833311345094714e-07,0.2002209358275009,2.858521525870604e-07,1.7240911401626757e-07,0.1839493713500255,-3.170702363185766e-07,1.4128025185737833e-07,-0.22829268925742585,-9.291638531955462e-08,9.667692427553909e-08,-0.08499255161529895,6.427982154220226e-08,2.585278482844796e-08,0.16249963965810454,1.1964869001536994e-08,3.5889732384260156e-08,0.04490802772747469,2.0553368688666277e-09,7.696422051402782e-09,0.01106714780252145
28.0,-8.768372154498585e-07,6.082130474252306e-07,-0.09372747666766322,-1.0269564378339955e-06,1.0217452771282214e-06,-0.1241919791649983,1.6459762137960547e-07,5.211554644412248e-07,0.02765913027401297,1.272218690793427e-07,6.35810908211763e-07,0.024834843151214345,2.315066870368833e-07,6.770071635899304e-07,0.05368033580061916,-3.8354205181131175e-07,3.221713426262377e-07,-0.09314268062716573,4.159448082996796e-08,3.6466078765647227e-07,0.011778459465374985,-3.1295908973874005e-07,3.8329267034963e-07,-0.09374920466525936,-2.6375523747692524e-07,4.2692610491080847e-07,-0.0910731347916506,1.1128403693950802e-08,1.208930804385892e-07,0.0042042402247274985,5.923915359388881e-08,2.440159872488315e-07,0.02775868681980693,3.409691810312732e-07,1.696108751252367e-07,0.17548150318592504,2.84500298123899e-07,1.7489627985062427e-07,0.18307943639797186,-3.4752543799156007e-07,1.387109694438015e-07,-0.25022063800634886,-1.4021605609217064e-07,1.16323076383916e-07,-0.12825854496730427,5.609630669964617e-08,2.570849261165275e-08,0.14181168220665089,2.578769077851027e-09,3.319314780554086e-08,0.00967895538480294,1.1363643523589466e-09,7.946998701767129e-09,0.006118856930741465
28.5,-1.349041425627884e-06,6.470148157009425e-07,-0.14420264846922337,-1.5047738809520605e-06,1.0330069720070285e-06,-0.18197543691862095,-2.696196083001675e-07,4.823703133498509e-07,-0.04530711809743503,-6.561792348340259e-08,7.178993674452032e-07,-0.012809203711685535,1.1504884920584647e-07,7.003683867750273e-07,0.02667681412529007,-7.470251995292611e-07,2.700739932283696e-07,-0.1814140828928699,-1.0790244939862756e-07,3.1782425714573107e-07,-0.03055512657200268,-4.0583339705062336e-07,4.076586195445505e-07,-0.12157038874268783,-3.9542279565663715e-07,4.407892953984609e-07,-0.1365371695099658,-1.1530668470039208e-07,1.528645060877717e-07,-0.04356213301831197,-9.119078508000184e-09,2.3158181817181485e-07,-0.004273080032914632,2.8621959644828234e-07,1.5218510514578696e-07,0.1473043542354837,2.802689570704856e-07,1.7736760995056625e-07,0.1803565164559718,-3.7568919952061853e-07,1.3637587539079514e-07,-0.2704987345370288,-1.8750085103375145e-07,1.3654714632778485e-07,-0.17151093108703583,4.7910428081856425e-08,2.5459160320695106e-08,0.12111774912218384,-7.071082050816049e-09,3.0562446190403414e-08,-0.026540060635891944,1.340394612471991e-10,8.479235390123983e-09,0.0007217476373160704
29.0,-1.8095504792197915e-06,7.422552989905337e-07,-0.19342769368316184,-1.973078900409686e-06,1.0523980684731904e-06,-0.23860853748324967,-7.001268090322797e-07,4.689273706798908e-07,-0.11764992991418916,-2.521912890621542e-07,7.963367235178605e-07,-0.04922998815600735,-6.448567937012906e-09,7.196002355538671e-07,-0.001495253967488243,-1.0984602079646474e-06,2.720374526083672e-07,-0.26675961044927504,-2.558108322038992e-07,2.757269203417928e-07,-0.07243887789426676,-4.92773744652012e-07,4.2809618962893395e-07,-0.14761401140198024,-5.248626482251121e-07,4.524354268566723e-07,-0.18123199056128778,-2.4062405325990897e-07,1.8944241488050608e-07,-0.09090623880783467,-7.884427778717619e-08,2.200183970944164e-07,-0.03694538969331027,2.25808944962799e-07,1.3788361291074773e-07,0.11621370874356357,2.734396427130873e-07,1.7971488229437377e-07,0.1759617687816036,-4.0095920213205437e-07,1.344410116291504e-07,-0.28869330530686443,-2.3386711171880885e-07,1.565499679215279e-07,-0.21392311480393505,3.979728118309513e-08,2.508905628304292e-08,0.10060768210719676,-1.682792622005832e-08,2.8142830879537722e-08,-0.0631606561834651,-9.297164210597097e-10,9.223329404282984e-09,-0.005006142400380769
29.5,-2.247140796978678e-06,8.692107449018963e-07,-0.24020289388574353,-2.4228813600004636e-06,1.0773347182632701e-06,-0.29300408497860775,-1.1182578317716923e-06,4.827516530078452e-07,-0.18791303780493707,-4.277860944850681e-07,8.68696635823323e-07,-0.08350765977334842,-1.3042827723040578e-07,7.341196957727911e-07,-0.030242900579839294,-1.430668799081824e-06,3.2422471674711385e-07,-0.3474360279578578,-3.988311400236049e-07,2.418614962119565e-07,-0.11293845535662485,-5.716839956359706e-07,4.432198552777854e-07,-0.17125215936521024,-6.494001785727362e-07,4.613803015176809e-07,-0.22423406853504066,-3.619977703431756e-07,2.2716671366993025e-07,-0.13676045812084775,-1.485161529169476e-07,2.0965402449317235e-07,-0.0695927123599112,1.6084561216305512e-07,1.2887764055001872e-07,0.08278000292538,2.6433773217260914e-07,1.8182461284370103e-07,0.17010457754882044,-4.2278677222165707e-07,1.3301402657398896e-07,-0.3044093016538177,-2.7843617752358653e-07,1.756839031361222e-07,-0.25469136695699224,3.1832195481173844e-08,2.4582133958362197e-08,0.08047191437550892,-2.652537894606736e-08,2.6092724699629834e-08,-0.09955833641293907,-2.0434739372076036e-09,1.0107167368404178e-08,-0.011003270770960182
30.0,-2.650764130824266e-06,1.0081367821356449e-06,-0.28334727227087847,-2.8445571664879927e-06,1.104478022381386e-06,-0.34399821778149137,-1.5158233629460687e-06,5.195709452467606e-07,-0.25472030225409237,-5.877804136072261e-07,9.330061619814766e-07,-0.11473997737124561,-2.5436315243654e-07,7.43380249827423e-07,-0.05898015134190125,-1.7369303146660283e-06,4.0276731605628217e-07,-0.4218112324490853,-5.337325549480812e-07,2.1979301475600453e-07,-0.15113897657493236,-6.406708913705528e-07,4.5208797493291666e-07,-0.1919176930387691,-7.666244589598998e-07,4.6722386076653506e-07,-0.26471092423914167,-4.766888042197218e-07,2.6397047509230587e-07,-0.18009000216870327,-2.1675523436117523e-07,2.0081145177583504e-07,-0.10156864678442033,9.245371026104045e-08,1.2702777976180593e-07,0.0475817667821284,2.5327017356221895e-07,1.835986582640653e-07,0.16298246763873053,-4.4074564982912235e-07,1.3216939875443841e-07,-0.3173398135576025,-3.203772747456167e-07,1.9339410710972066e-07,-0.2930557615488196,2.4091577987766336e-08,2.3929911177369964e-08,0.06090360315074744,-3.6012665340664934e-08,2.455789547689363e-08,-0.1351671943463064,-3.186930419945036e-09,1.1067977250138434e-08,-0.017160315921025876
30.5,-3.0105680499312044e-06,1.145986328949474e-06,-0.3218076761392608,-3.2302275079644486e-06,1.1305232892823202e-06,-0.3906381347717622,-1.885200801770603e-06,5.715386051859515e-07,-0.3167908146654883,-7.280992152082426e-07,9.87696741671136e-07,-0.14213145852260567,-3.7578323112311647e-07,7.468722351143542e-07,-0.08713428667275072,-2.011135086204156e-06,4.892888210510009e-07,-0.48840149899536106,-6.576504437161392e-07,2.1170088206153487e-07,-0.1862292529954,-6.980295690854374e-07,4.541041628291624e-07,-0.2090999081995762,-8.743158776083233e-07,4.6973864458086695e-07,-0.3018961387595926,-5.821868414791067e-07,2.9843295073287515e-07,-0.21994649049117548,-2.8220244105145237e-07,1.9364297168418116e-07,-0.13223634548587496,2.184735164041791e-08,1.3291356189756708e-07,0.011243849355817261,2.404966369576395e-07,1.8493637227791533e-07,0.15476253993462377,-4.5451930991924315e-07,1.3190474849591492e-07,-0.32725694087740553,-3.58910488548388e-07,2.0920719784454148e-07,-0.32830289424529724,1.6637575088266852e-08,2.312828339404881e-08,0.04205985473766444,-4.513917287252418e-08,2.365182978005915e-08,-0.1694219323833958,-4.34242686473125e-09,1.2056377324947094e-08,-0.02338219133884427
31.0,-3.3170550646236814e-06,1.274543917311276e-06,-0.3545688934009996,-3.5723330854372974e-06,1.1523132321534518e-06,-0.4320096741910473,-2.21924058643995e-06,6.307101556398363e-07,-0.37292315633259276,-8.451078165379011e-07,1.0315223550321886e-06,-0.16497258074784796,-4.924189120162883e-07,7.442065578619365e-07,-0.11417904549512471,-2.247741992766373e-06,5.739552919435908e-07,-0.5458611736986403,-7.67931791535881e-07,2.16682952166066e-07,-0.21745802083100876,-7.425090514654607e-07,4.4898513513381446e-07,-0.2224240653618771,-9.704425186850611e-07,4.688092720945932e-07,-0.33508810349021245,-6.761656710938363e-07,3.29453141514131e-07,-0.25545109533884397,-3.436400025381061e-07,1.8821771754527622e-07,-0.16102517727729657,-4.9776901759761126e-08,1.454454446214478e-07,-0.0256179327360963,2.262730542507299e-07,1.8576023176380474e-07,0.1456094897525572,-4.6385819283261685e-07,1.3216482818172364e-07,-0.33398099899054917,-3.9335242989925553e-07,2.2273339918056755e-07,-0.3598076548741919,9.53287531051283e-09,2.2178559910268216e-08,0.024099145979223635,-5.376902996366647e-08,2.3405041655705264e-08,-0.20181258049524542,-5.49605178384429e-09,1.3033704785797302e-08,-0.02959398935691619
31.5,-3.5622924931970503e-06,1.3883665492360723e-06,-0.3807829784781887,-3.8636206685328944e-06,1.1669150228746988e-06,-0.46723568779599706,-2.51190958578117e-06,6.907463764567742e-07,-0.4221035145424765,-9.358041198074309e-07,1.0635075833975326e-06,-0.18267730779197744,-6.02174973246168e-07,7.350941688626053e-07,-0.1396286007472138,-2.44209746478225e-06,6.513595650265234e-07,-0.5930601433360629,-8.622079299154305e-07,2.3097109285575376e-07,-0.24415453566418743,-7.732016239048386e-07,4.36834758302578e-07,-0.23161825191745727,-1.0533583821397466e-06,4.644895660100188e-07,-0.36371846427853727,-7.566115683362148e-07,3.561694480701202e-07,-0.28584304430134877,-3.9990314471235105e-07,1.8447796244467254e-07,-0.1873893443587495,-1.2122163054056463e-07,1.6262181624141602e-07,-0.06238732158011685,2.1079768552266978e-07,1.8601312404967294e-07,0.13565089989002502,-4.6867952976520186e-07,1.3286271680017206e-07,-0.33745239380494635,-4.230940759405029e-07,2.3364650584321085e-07,-0.3870129575513364,2.827849287900534e-09,2.109052421849091e-08,0.007148814033180976,-6.176893572794373e-08,2.3758851915753332e-08,-0.23183881729175343,-6.623043534718956e-09,1.3970557642881947e-08,-0.03566237866481106
32.0,-3.7392052572211828e-06,1.483794565460872e-06,-0.39969365730216694,-4.098957177372731e-06,1.172114386892823e-06,-0.4956954215547574,-2.7576397895599704e-06,7.469298743539805e-07,-0.46339623591724444,-9.979030576474442e-07,1.082974473712574e-06,-0.19479957413088753,-7.032114126087064e-07,7.193802687983785e-07,-0.16305630412156974,-2.590338276857495e-06,7.182332453929982e-07,-0.6290602287239072,-9.386175658862538e-07,2.500201689572898e-07,-0.26579172843804166,-7.895242080889863e-07,4.1802697583995655e-07,-0.2365078024546314,-1.1216298179096656e-06,4.570071020351895e-07,-0.38729219017597016,-8.218227214984461e-07,3.778640703811583e-07,-0.31047940372588595,-4.499921809798739e-07,1.8226692657296347e-07,-0.2108604067643331,-1.9134571167244128e-07,1.8244076193145486e-07,-0.09847703247227176,1.9427844570825596e-07,1.8564101080157359e-07,0.12502056616141594,-4.6895840095697873e-07,1.3386515155584113e-07,-0.3376531829268341,-4.4764310837794086e-07,2.416983749084745e-07,-0.40946846848591306,-3.433849623073633e-09,1.9883670656759713e-08,-0.008680785244919118,-6.902880853592536e-08,2.4572125558648398e-08,-0.25908747077194594,-7.720954473945333e-09,1.4841477424161117e-08,-0.04157417970457138
32.5,-3.84258023683011e-06,1.5584206406259426e-06,-0.4107436855384171,-4.273561647365252e-06,1.166021073875155e-06,-0.5168107034698916,-2.9522316320961876e-06,7.960003650294777e-07,-0.4960956217155154,-1.0298391648845881e-06,1.0895101627313008e-06,-0.20103378700509228,-7.939541087168968e-07,6.970579444427968e-07,-0.18409715810677296,-2.6896250890881663e-06,7.724299016507784e-07,-0.6531718999172406,-9.955639138274272e-07,2.7003766710450895e-07,-0.2819174315972694,-7.913313819826399e-07,3.933509602274975e-07,-0.2370491547296629,-1.1742265872439075e-06,4.467530185621532e-07,-0.40545354579114284,-8.704290287935862e-07,3.939748194652817e-07,-0.32884255786063177,-4.930009867312751e-07,1.8135766129461303e-07,-0.23101376644147434,-2.590311182856846e-07,2.0332122840513629e-07,-0.1333116672633648,1.7687348679637335e-07,1.8461584533542995e-07,0.11382026131417947,-4.648151998059549e-07,1.3503778282270867e-07,-0.33467005040741554,-4.6661552867705944e-07,2.4671384521799906e-07,-0.4268229362258523,-9.223867769536144e-09,1.8590163909013745e-08,-0.023317973709985437,-7.544546451893861e-08,2.567267049832867e-08,-0.28317125846454905,-8.778542040652776e-09,1.5627188909226e-08,-0.04726885588741749
33.0,-3.868517218150392e-06,1.6109142001421463e-06,-0.41351615888773674,-4.384367988182118e-06,1.1474712160355654e-06,-0.5302107448573359,-3.092344958212458e-06,8.356384940748588e-07,-0.5196403892989877,-1.0309061087561934e-06,1.08300948092784e-06,-0.20124206396167385,-8.731051564257992e-07,6.683080616034607e-07,-0.20245021250173215,-2.7381251031369925e-06,8.125286598771515e-07,-0.6649500642609649,-1.0319990114847209e-06,2.8844956916265393e-07,-0.29223488988284607,-7.788074058221307e-07,3.639860943043681e-07,-0.23329750525600626,-1.2104585273914795e-06,4.3429690317035406e-07,-0.417964221978612,-9.014207932336104e-07,4.0408316539691826e-07,-0.3405510495973987,-5.282110753311793e-07,1.8150682325865936e-07,-0.24751275001984918,-3.2329104403261e-07,2.2408525377213965e-07,-0.16638336110554855,1.58706694996388e-07,1.8293248710808999e-07,0.10212970764575356,-4.564347130400246e-07,1.3625838254484432e-07,-0.32863604392577844,-4.797551838141298e-07,2.4859160280092817e-07,-0.4388420522687755,-1.4524804139982756e-08,1.725737386200794e-08,-0.036718761537042045,-8.094066194200227e-08,2.6886335988834396e-08,-0.3037965138025882,-9.790472916566784e-09,1.6311839727118942e-08,-0.052717689477334496
33.5,-3.814758826713485e-06,1.6408666199932202e-06,-0.40776978055169777,-4.428942852701005e-06,1.115755066772016e-06,-0.5356012759856943,-3.1759021909709785e-06,8.643952934720222e-07,-0.5336814207964836,-1.000830510213533e-06,1.06355639166797e-06,-0.19537103897288013,-9.39649169277381e-07,6.335395214375466e-07,-0.2178800257875338,-2.734985430818792e-06,8.376621876478987e-07,-0.6641875989859657,-1.0472937351837993e-06,3.037243124433638e-07,-0.29656595207016184,-7.525969566443167e-07,3.3160212003755876e-07,-0.22544597179714249,-1.2300027572761292e-06,4.203759273966063e-07,-0.4247127297986299,-9.142951504437657e-07,4.079303475799588e-07,-0.3454148999697452,-5.550592859821305e-07,1.8249775159068684e-07,-0.26009346777015885,-3.8318332214216003e-07,2.438961301300745e-07,-0.1972072231335051,1.3984313856634265e-07,1.8062317199357505e-07,0.08999077737943081,-4.441213976635936e-07,1.3741540361375822e-07,-0.31977037455990376,-4.869326152934381e-07,2.472984329903631e-07,-0.44540739823410114,-1.9340242752718056e-08,1.5953467736002082e-08,-0.04889220913834663,-8.545644671238798e-08,2.8067143715353862e-08,-0.32074571630983995,-1.0752526327394031e-08,1.6884183818720728e-08,-0.05789795333228894
34.0,-3.6810324753392123e-06,1.6486345056699835e-06,-0.39347541295707705,-4.406835832579046e-06,1.0707582836844398e-06,-0.532927828036746,-3.2018080588002265e-06,8.813645879895185e-07,-0.5380346658017563,-9.404988421381162e-07,1.0315730448570875e-06,-0.1835937594489513,-9.928892811685365e-07,5.934351570854557e-07,-0.23022501297109813,-2.6804385865121252e-06,8.474186029588702e-07,-0.650940969901927,-1.0412968358915417e-06,3.1506539584486936e-07,-0.294867788423871,-7.136411569864313e-07,2.985188187903353e-07,-0.21377647455366983,-1.2328784063397984e-06,4.0587644585908607e-07,-0.42570567453517544,-9.087628637387885e-07,4.054288813469981e-07,-0.34332483719529416,-5.731603318809001e-07,1.841333844673261e-07,-0.26857537937307435,-4.379463331468616e-07,2.6215731104548736e-07,-0.22539128205937908,1.2033327123231337e-07,1.7773085334661307e-07,0.07743593810767108,-4.28218010031777e-07,1.3840956551494946e-07,-0.3083198291762531,-4.881180533795092e-07,2.4287417597531387e-07,-0.4464917431251623,-2.3680919694968397e-08,1.477207841383026e-08,-0.059865457384296224,-8.895066562575715e-08,2.9098030116801525e-08,-0.3338606513607203,-1.1665386715533128e-08,1.733591037456419e-08,-0.06281333289445942
34.5,-3.4686264092241564e-06,1.6354722953583744e-06,-0.3707707600807103,-4.318906480535074e-06,1.01306435279093e-06,-0.5222943485095434,-3.1701347649623047e-06,8.861912234073775e-07,-0.5327122574150047,-8.513070643101899e-07,9.877514042195037e-07,-0.1661827291853331,-1.0324458452476663e-06,5.490444512639651e-07,-0.2393971438933816,-2.57585011765966e-06,8.418518972389382e-07,-0.6255417984014262,-1.01463528257931e-06,3.222904296746878e-07,-0.287317940013555,-6.630991160764259e-07,2.6778571702677457e-07,-0.19863623324792107,-1.2193874673421527e-06,3.9180643767613913e-07,-0.4210473325149302,-8.85088637182853e-07,3.966539835742074e-07,-0.3343808647880135,-5.822652703856588e-07,1.862593207236166e-07,-0.27284183358678327,-4.868362732844343e-07,2.784251153662035e-07,-0.250552735537558,1.0027424411051596e-07,1.74335312572399e-07,0.06452770776707936,-4.0916310736488706e-07,1.3918614841006056e-07,-0.29460017190450577,-4.834073610365856e-07,2.3542361555135551e-07,-0.4421827747906455,-2.7574784491808152e-08,1.3832599223399244e-08,-0.06970916278332898,-9.139369405624945e-08,2.9895528706361395e-08,-0.34303012814157463,-1.2537834937526651e-08,1.7662703944887258e-08,-0.0675111094823789
35.0,-3.1805073142198473e-06,1.603457479593585e-06,-0.33997293891310626,-4.16685025083807e-06,9.437721503194871e-07,-0.5039058722171428,-3.0821936266078646e-06,8.791164574642429e-07,-0.5179345505331977,-7.353572460808104e-07,9.330134811367895e-07,-0.1435482908613483,-1.0581864153749127e-06,5.01927189220805e-07,-0.24536570776432426,-2.4234686418228042e-06,8.214599494070339e-07,-0.5885361582888502,-9.677867332107853e-07,3.2556484207007927e-07,-0.2740516669711175,-6.026113583147395e-07,2.433426781224706e-07,-0.18051667906952387,-1.190268414395894e-06,3.791850590841542e-07,-0.4109926945128627,-8.439416813164077e-07,3.8188511168368856e-07,-0.3188358062390653,-5.822967348514802e-07,1.8880404242927367e-07,-0.27285657742088115,-5.293448440176225e-07,2.9240425020025316e-07,-0.27242998517045347,7.963943953916493e-08,1.7057333342910326e-07,0.051248957565348405,-3.873979030291351e-07,1.3971166496244645e-07,-0.2789290793171405,-4.7303018912525144e-07,2.2510620502207387e-07,-0.43269055965268444,-3.106068402337106e-08,1.3267841469544157e-08,-0.07852153039999119,-9.278753389968918e-08,3.040446297967647e-08,-0.34826166041566886,-1.337100980294394e-08,1.7866200744570138e-08,-0.07199741511947073
35.5,-2.821456921832923e-06,1.5555828784427315e-06,-0.3015930815325145,-3.954067922990123e-06,8.649075181334362e-07,-0.4781736625018913,-2.940321779900117e-06,8.608111213268155e-07,-0.494094279589947,-5.957255396214345e-07,8.686380359550588e-07,-0.11629093680775918,-1.0704000052565037e-06,4.543023461518422e-07,-0.24819771929093037,-2.22664099940741e-06,7.871614407630335e-07,-0.5407368253356171,-9.022064371053402e-07,3.25507036456826e-07,-0.2554810575058167,-5.33843694040285e-07,2.2941759228206186e-07,-0.15991681779756145,-1.1464995654612475e-06,3.6897753832218526e-07,-0.39587956797618423,-7.86245621576857e-07,3.6162498484277587e-07,-0.29703860137156435,-5.733782442700969e-07,1.917336889079658e-07,-0.2686774902473677,-5.650096974844377e-07,3.0389984130963244e-07,-0.2907850813065129,5.846422954632943e-08,1.6657255050787706e-07,0.037622449837020074,-3.634204915311176e-07,1.3998261275114327e-07,-0.2616651827878729,-4.5727114053960533e-07,2.1213917496632485e-07,-0.4182754299022415,-3.418537541293941e-08,1.319242247330655e-08,-0.08642076242437186,-9.313888122909854e-08,3.059401322199744e-08,-0.34958038071332215,-1.4184907428963426e-08,1.794755600162515e-08,-0.07637992071245706
36.0,-2.3975582981828997e-06,1.4956973775968118e-06,-0.2562814231567597,-3.6848556727608895e-06,7.794445196743433e-07,-0.44561726484012815,-2.74794579912719e-06,8.324950413654098e-07,-0.46176724916756995,-4.3577156887522836e-07,7.961545553419644e-07,-0.08506649557259287,-1.0695740703394887e-06,4.093591552231728e-07,-0.2480062066212002,-1.9895797208896168e-06,7.403518949816365e-07,-0.48316680700314707,-8.195122094034441e-07,3.2303009090192006e-07,-0.2320642341780083,-4.587103018390629e-07,2.2894509511214914e-07,-0.1374100557522485,-1.0893344776050296e-06,3.6193089623492166e-07,-0.37614079879947226,-7.134191252304567e-07,3.3665846904492314e-07,-0.2695252136669163,-5.558053338396639e-07,1.950478577759176e-07,-0.2604430559660306,-5.935919062837646e-07,3.1281658401797903e-07,-0.305495058757583,3.6744026943054094e-08,1.6249609422544512e-07,0.02364523266965652,-3.377475034903017e-07,1.4000167690548847e-07,-0.2431804598155697,-4.365462672653563e-07,1.9679170968286362e-07,-0.3993179569503591,-3.700836075181935e-08,1.3656882371351238e-08,-0.09355728037545118,-9.248395028773593e-08,3.045863464457718e-08,-0.3471222128160794,-1.499149715501617e-08,1.791618937916298e-08,-0.0807230762551995
36.5,-1.916537488930076e-06,1.4285857553354603e-06,-0.2048638214839408,-3.364429865889576e-06,6.91852971842833e-07,-0.40686750519616305,-2.5095501657693935e-06,7.959941056108383e-07,-0.4217070355111888,-2.595020015759073e-07,7.174688022348448e-07,-0.0506571044208175,-1.0564420233088706e-06,3.7151374551881493e-07,-0.2449612289431222,-1.7171902569619627e-06,6.829439502490043e-07,-0.4170173855120716,-7.215808299138593e-07,3.1915382128835896e-07,-0.20433265150910598,-3.7935219015884236e-07,2.4174557590693013e-07,-0.1136377478126764,-1.0203234463849919e-06,3.584311328545078e-07,-0.3523116949358451,-6.271394704743549e-07,3.0811495194107254e-07,-0.23692930817344615,-5.299801588537555e-07,1.987573592771392e-07,-0.24834171924851045,-6.149662448161035e-07,3.191378386461822e-07,-0.31649546953932944,1.4448094091682206e-08,1.5852535601357992e-07,0.009297526015871136,-3.1091923849721143e-07,1.3980976329895273e-07,-0.22386392971644795,-4.113370400063151e-07,1.7938834773211973e-07,-0.3762585520711538,-3.9593046708871237e-08,1.462749044487778e-08,-0.1000913765595008,-9.08783381232315e-08,3.001233293703475e-08,-0.3410958304466717,-1.5802584063568756e-08,1.7784010425031216e-08,-0.08509044728503537
37.0,-1.3871706223880597e-06,1.3598736533758657e-06,-0.1482783803573397,-2.9992661849822753e-06,6.088202307632844e-07,-0.36270750134370716,-2.2304101060044337e-06,7.53697574559868e-07,-0.37480009230616734,-7.129720581972157e-08,6.349876363517171e-07,-0.013917850260070868,-1.032013400131245e-06,3.4625069364851494e-07,-0.23929687119991447,-1.4151370259940014e-06,6.174304590304018e-07,-0.34366415738079686,-6.108097587641796e-07,3.152199604443384e-07,-0.17296520694822443,-2.97803414125454e-07,2.6462250056306956e-07,-0.08920921020113835,-9.411540458862313e-07,3.584341811272529e-07,-0.32497496580784596,-5.293675542616341e-07,2.776115984912272e-07,-0.19999169930384247,-4.964958872535128e-07,2.0287870074763355e-07,-0.23265143077625283,-6.291272031959153e-07,3.229295939308204e-07,-0.3237834779614594,-8.417653564579749e-09,1.5484556180887147e-07,-0.005416863463972524,-2.83494057263318e-07,1.394333669819979e-07,-0.20411761593451633,-3.8218696593911894e-07,1.6031417414402446e-07,-0.3495943725916648,-4.200631592532794e-08,1.6005362911247527e-08,-0.10619213055451221,-8.838539560186789e-08,2.9294780264362303e-08,-0.33173900992001015,-1.6639350552273813e-08,1.7565041796685394e-08,-0.08959609234350324
37.5,-8.196279750013535e-07,1.2957074497102873e-06,-0.08761222784515402,-2.5966472333031374e-06,5.401276817252177e-07,-0.31401795365088514,-1.9166481865024338e-06,7.087094705746888e-07,-0.3220752610856994,1.239185826097402e-07,5.518540327173303e-07,0.02419001218033037,-9.97464733801724e-07,3.388681746614378e-07,-0.23128594057078425,-1.089542826437239e-06,5.471935719399098e-07,-0.2645940361251157,-4.897200643687531e-07,3.1241329605084863e-07,-0.13867580054977766,-2.163720754869384e-07,2.932781183532597e-07,-0.0648158518278083,-8.537041877665502e-07,3.6143479425975277e-07,-0.29477904328425547,-4.2235565616700684e-07,2.4744122340516295e-07,-0.15956328397429873,-4.560383290347009e-07,2.0743011126432481e-07,-0.21369355207681848,-6.362131264953399e-07,3.2433098314714504e-07,-0.32743028401085766,-3.19340344173712e-08,1.5164251126684008e-07,-0.020549943397597557,-2.5599839049765954e-07,1.389277244088547e-07,-0.1843205520986307,-3.4971520607854e-07,1.4007241027188047e-07,-0.31989177797933405,-4.431875061819929e-08,1.766811371065151e-08,-0.1120379744804756,-8.508560092949778e-08,2.8365045725193065e-08,-0.31935381200244545,-1.751549547272968e-08,1.727683490043751e-08,-0.09431377413960725
38.0,-2.2478449334613774e-07,1.2424896788193381e-06,-0.024027816091888282,-2.1643916364238016e-06,4.983363018437889e-07,-0.2617443847789502,-1.575085860877273e-06,6.6486228411129e-07,-0.26467882496483247,3.2130708175319727e-07,4.7229070021839924e-07,0.06272200712393658,-9.541675882059631e-07,3.5195129271309745e-07,-0.2212464667891114,-7.469846779687018e-07,4.767796872918651e-07,-0.18140424228541668,-3.61174737499638e-07,3.118126164867644e-07,-0.10227515575797158,-1.3711232816220008e-07,3.2378500666861023e-07,-0.041073009656754284,-7.600012615980157e-07,3.66558133353367e-07,-0.2624239730799506,-3.0848859443639086e-07,2.2087401167949558e-07,-0.11654503136906562,-4.0939372554576975e-07,2.1241331698148844e-07,-0.19183650548632017,-6.364872732770381e-07,3.23548243042744e-07,-0.3275713750302878,-5.613149238527774e-08,1.490791644981443e-07,-0.036121304820560515,-2.2898823316638267e-07,1.383327064877894e-07,-0.16487305830035487,-3.145646983046544e-07,1.1928486290743415e-07,-0.28773887689518907,-4.660324798074452e-08,1.9498644197461923e-08,-0.117813192726372,-8.106975317254931e-08,2.7308573355353108e-08,-0.30428103499208353,-1.8444651362687695e-08,1.6939652308545886e-08,-0.0993168983094272
38.5,3.858964074824785e-07,1.2058220031785116e-06,0.041249499783027145,-1.71102234559096e-06,4.950219543302861e-07,-0.2069174929587697,-1.2129506877153469e-06,6.266237466064994e-07,-0.2038253092983598,5.157803298665009e-07,4.024196534458e-07,0.1006849190741533,-9.035809759671117e-07,3.83842236811863e-07,-0.20951675665955202,-3.942930411119248e-07,4.1260101197630816e-07,-0.09575354417687035,-2.2801775987970647e-07,3.140824046516315e-07,-0.06456861315585262,-6.21335102079563e-08,3.5319648368481747e-07,-0.018612551467731428,-6.621033541177446e-07,3.726957913062021e-07,-0.22862040046065318,-1.9034037230217823e-07,2.0217387334543397e-07,-0.07190938355852597,-3.5744495039210125e-07,2.1781169153253322e-07,-0.16749399394321107,-6.302975456915807e-07,3.208761450374375e-07,-0.3243858006105639,-8.100448467497238e-08,1.4727928828841153e-07,-0.05212738087727261,-2.029531487913498e-07,1.376776587544911e-07,-0.14612762354737988,-2.773975049101417e-07,9.888387337249784e-08,-0.2537412714985217,-4.891970710632087e-08,2.1398366510935725e-08,-0.1236692104339157,-7.644771082875536e-08,2.623449996382525e-08,-0.286933013404384,-1.9440951405083468e-08,1.6576342575355228e-08,-0.10468156625844939
39.0,1.00045621311682e-06,1.1894406264795259e-06,0.10694144217386681,-1.2453041406369353e-06,5.327305205861647e-07,-0.15059722125532668,-8.378958173594158e-07,5.986833970297626e-07,-0.14080075625726038,7.022702349601163e-07,3.507685246670742e-07,0.13708941128764499,-8.473133325573458e-07,4.2987764902603433e-07,-0.19646976423092938,-3.835054131299442e-08,3.6336225220335886e-07,-0.009313378297179495,-9.333191821873215e-08,3.1937420529615447e-07,-0.02642913659768539,6.705320335855453e-09,3.7933324676502223e-07,0.0020086281853548735,-5.621196195869062e-07,3.786343030172609e-07,-0.19409660400828402,-7.054566875006746e-08,1.9571380698899724e-07,-0.02665170552723179,-3.012013482570989e-07,2.2358699540256708e-07,-0.14113898306668132,-6.181627962093037e-07,3.1667939498922916e-07,-0.31814059078399226,-1.0658773128448105e-07,1.4629840266548518e-07,-0.06859051431293392,-1.7838721655353334e-07,1.3698232515347148e-07,-0.12843998815213595,-2.3887928730037545e-07,8.037619211848366e-08,-0.2185078561319168,-5.133404362382551e-08,2.3288386438731446e-08,-0.12977266257014056,-7.132491893225142e-08,2.5276307841456416e-08,-0.26770551659679426,-2.051159173699751e-08,1.620895125370933e-08,-0.11044652623951916
39.5,1.60664521817725e-06,1.1942621193538879e-06,0.1717386072883127,-7.761912623755164e-07,6.033187833211114e-07,-0.09386642464436852,-4.5771294433137266e-07,5.851041939537938e-07,-0.07691448909924599,8.758925411278382e-07,3.268497826937403e-07,0.17098203346361973,-7.870069133430577e-07,4.848477123018387e-07,-0.18248628549953472,3.138973437174085e-07,3.389832450474567e-07,0.0762295552665236,3.9861491982882086e-08,3.2733819361902235e-07,0.011287722750261533,6.764173465314865e-08,4.006836751002673e-07,0.020262580745633557,-4.621443364168583e-07,3.831853436243077e-07,-0.1595757257611714,4.8179606812959206e-08,2.0369601668394856e-07,0.018201949403103098,-2.417182389894963e-07,2.2967489507726652e-07,-0.11326598183261116,-6.005939937613741e-07,3.1136722522355286e-07,-0.30909871827981283,-1.3283275055882467e-07,1.461525733941764e-07,-0.08547950658705875,-1.5571417087216613e-07,1.3625010424497797e-07,-0.11211524372845846,-1.9967463067113967e-07,6.638104702036776e-08,-0.18264654070664768,-5.3901505805492803e-08,2.5104347240634092e-08,-0.1362632169828162,-6.582731561270351e-08,2.457622207753433e-08,-0.24707123115019228,-2.1664871680654753e-08,1.5859146244503978e-08,-0.11665646670595786
40.0,2.1924081356157078e-06,1.217941614557525e-06,0.23435237322983704,-3.126564991429088e-07,6.943791359504768e-07,-0.037810201092126655,-8.026817996339251e-08,5.880732801556661e-07,-0.013488336148826507,1.032018044911983e-06,3.353997023799745e-07,0.2014591238132783,-7.242628994329955e-07,5.443344062450667e-07,-0.16793759241735928,6.555984240535878e-07,3.453510847511193e-07,0.1592112112424579,1.6854386584548083e-07,3.371734719414374e-07,0.04772717563452094,1.1919552902236252e-07,4.162217183185982e-07,0.03570590026584576,-3.6425343483198595e-07,3.8527451652280565e-07,-0.12577457223641822,1.6319160916292047e-07,2.2456483240940676e-07,0.06165275330133005,-1.8014637865098902e-07,2.3597413124247027e-07,-0.0844142193687762,-5.782283274294661e-07,3.054076166144259e-07,-0.2975881156622757,-1.5972225969702356e-07,1.4677612782042823e-07,-0.1027832360049297,-1.3534310319700594e-07,1.3546974469897562e-07,-0.09744793885429588,-1.6043399691473788e-07,6.067159834924123e-08,-0.14675231625433116,-5.668117969574812e-08,2.679880164752779e-08,-0.143290243422785,-6.006712169084846e-08,2.427079013851624e-08,-0.22545135814321926,-2.2907722464737143e-08,1.5547268240984374e-08,-0.12334870948730994
40.5,2.745778870970726e-06,1.2556592324234932e-06,0.2935036521362021,1.3601337838410772e-07,7.951872578350351e-07,0.01644838089731187,2.8678880760842123e-07,6.07129178484406e-07,0.048192245576113915,1.1664795270361875e-06,3.715515671054133e-07,0.22770720397905417,-6.606820916475127e-07,6.049471236120576e-07,-0.15319486875747823,9.802866758109544e-07,3.7919376403559406e-07,0.23806132427180382,2.8972148069178107e-07,3.478221613374811e-07,0.08204147878479946,1.6012605413978405e-07,4.253280367570811e-07,0.04796694109227777,-2.7040387249678266e-07,3.839953064167601e-07,-0.0933688694247759,2.718954368541992e-07,2.5432435800241256e-07,0.10272036888486133,-1.1767055192413553e-07,2.4236908716934665e-07,-0.05513887016631635,-5.517280108067465e-07,2.992955148476211e-07,-0.2839495944862775,-1.8717363743752744e-07,1.4803973881983313e-07,-0.12044853476989115,-1.1758185007215698e-07,1.3461302153018679e-07,-0.08465971789879882,-1.21781545647628e-07,6.544758176841146e-08,-0.11139611456741205,-5.971776899965697e-08,2.833340131004965e-08,-0.15096675303087215,-5.416498901816845e-08,2.4459460544652007e-08,-0.20329874304297038,-2.4247225095270118e-08,1.528975693614368e-08,-0.13056138290281158
41.0,3.2555114134127344e-06,1.3010740439819637e-06,0.34799032781176714,5.616280075148327e-07,8.9810345975265e-07,0.06791884371928582,6.35850875837561e-07,6.392867795352692e-07,0.10684894509548168,1.2754036169441653e-06,4.2492766265453335e-07,0.24897015749348758,-5.977756645277194e-07,6.641455916800828e-07,-0.138608516306805,1.281935621553989e-06,4.30743367692742e-07,0.3113163722702619,4.008037416749974e-07,3.5809807618805864e-07,0.11349704409553077,1.8948305206735154e-07,4.2765162326577343e-07,0.05676104644760286,-1.8242834361099056e-07,3.7862770697553514e-07,-0.06299143587226323,3.7187938500841174e-07,2.8880844709768575e-07,0.14049366937049226,-5.541189566092414e-08,2.487440342478123e-07,-0.025965284181610766,-5.217391181096054e-07,2.935117429715522e-07,-0.26851566009531835,-2.1517246280975008e-07,1.4976661663764792e-07,-0.13846612281023618,-1.0273382271326612e-07,1.3364355029616177e-07,-0.07396903896505233,-8.431586422065204e-08,7.841508868855231e-08,-0.07712547595471461,-6.305773407636526e-08,2.968129253598764e-08,-0.15941019777627205,-4.824366409495925e-08,2.5179150083999045e-08,-0.18107409321180998,-2.567829970034716e-08,1.510146376164209e-08,-0.1382671339214055
41.5,3.711161004005393e-06,1.347684174181432e-06,0.39669593202017556,9.561224396725037e-07,9.977147625836739e-07,0.11562587635892432,9.59986612178603e-07,6.80172932895858e-07,0.16131700169785282,1.3556398827673117e-06,4.862252908177949e-07,0.264632991966657,-5.369733338058191e-07,7.199342622699544e-07,-0.12451004868849423,1.5549265609539248e-06,4.902450441660851e-07,0.3776118612852378,4.994108244640936e-07,3.6692403436989603e-07,0.1414199681098498,2.0662880133098494e-07,4.2317513005291285e-07,0.06189718215849547,-1.0203846057581205e-07,3.686976033114395e-07,-0.035233281290827284,4.608859288468506e-07,3.2471407479327363e-07,0.1741197762372792,5.432830614799342e-09,2.5497127274317884e-07,0.002545752841357808,-4.890264573380247e-07,2.885371787780501e-07,-0.25167992477153933,-2.435847802918048e-07,1.5177286703554247e-07,-0.15674979810223708,-9.10041546073048e-08,1.3252111911848983e-07,-0.06552359953466552,-4.85679800598882e-08,9.570457603244064e-08,-0.044426142255688056,-6.673222722570836e-08,3.0823863644592144e-08,-0.16869933079451488,-4.242551950669904e-08,2.639835614243362e-08,-0.15923671258871394,-2.720346742813966e-08,1.4990563456324182e-08,-0.1464795378941047
42.0,4.1030025478565845e-06,1.3894467120539863e-06,0.43858092334081805,1.3119010338500998e-06,1.0900787561027612e-06,0.15865092214241328,1.2527054453124068e-06,7.250855361353961e-07,0.21050573402243863,1.4045532015460375e-06,5.491206850914132e-07,0.2741813079021619,-4.795228692105366e-07,7.707897914719834e-07,-0.1111887910140452,1.794327040414796e-06,5.505021472467853e-07,0.43574995147667334,5.832362195882824e-07,3.7338694675741577e-07,0.16515710820483917,2.1126824855550693e-07,4.1218654309074316e-07,0.06328696280921399,-3.0670506136653326e-08,3.538972659891637e-07,-0.010590345678940101,5.368908635252954e-07,3.5966851502757834e-07,0.2028339577534118,6.370374397326214e-08,2.6093135094735746e-07,0.029850735044691296,-4.542967215039046e-07,2.8477349730661995e-07,-0.23380609162630117,-2.722334809417805e-07,1.5385679721061342e-07,-0.17518558886632118,-8.256613277597517e-08,1.3119607490965082e-07,-0.059448167421410916,-1.5054079365540055e-08,1.146328506232552e-07,-0.013770279731568481,-7.077372172762597e-08,3.174891311833378e-08,-0.17891624466398862,-3.68232948947072e-08,2.8026073637467337e-08,-0.13820974955397008,-2.8821763538815027e-08,1.4959724849848334e-08,-0.15519340009177254
42.5,4.422786339268687e-06,1.42115583685918e-06,0.4727634686527178,1.6227656302175399e-06,1.1723192651160855e-06,0.19624442470288062,1.5083024861090916e-06,7.697398129146701e-07,0.2534564874403351,1.4202869397069237e-06,6.0973675204897e-07,0.2772526738727734,-4.265003969568822e-07,8.154580791732967e-07,-0.09889426876077778,1.9959498097038327e-06,6.06749289807443e-07,0.48471377465685583,6.506801428172821e-07,3.7685158235609425e-07,0.18425544769814756,2.033794363373921e-07,3.95182923205962e-07,0.06092381089750808,3.031358462679061e-08,3.3426380943927545e-07,0.010467102777344223,5.981834822237166e-07,3.919258442331522e-07,0.2259899197491886,1.1833274638326467e-07,2.665204698554943e-07,0.05544916576457543,-4.1830382476790883e-07,2.825212181725359e-07,-0.21528216637257272,-3.0096000935053913e-07,1.558386168166747e-07,-0.19367146274915092,-7.747166454846754e-08,1.29628717877603e-07,-0.05578011624922308,1.5794222743426475e-08,1.337506257435221e-07,0.01444730428468026,-7.51983639831793e-08,3.245407519329056e-08,-0.1901017575495741,-3.1546303371881706e-08,2.9941501982772823e-08,-0.11840349161715072,-3.052609705594523e-08,1.5009081151734195e-08,-0.1643705385086357
43.0,4.663242530602728e-06,1.438672510478599e-06,0.49846647448521286,1.8830321245210488e-06,1.2423301139166487e-06,0.22771899348406727,1.7217111712347422e-06,8.105439225802683e-07,0.2893178721555067,1.4015108048700285e-06,6.6563968011128e-07,0.2735874049450741,-3.7877378233318777e-07,8.529787548700991e-07,-0.08782771715305474,2.156425406628635e-06,6.557740682063027e-07,0.5236850613833869,7.001927901962245e-07,3.7702751426902255e-07,0.1982761230026487,1.8325050575918598e-07,3.7300903511091983e-07,0.05489404121085548,7.991579571529898e-08,3.100804496638962e-07,0.027594455013611525,6.433164542261161e-07,4.2024179799503424e-07,0.24304086987396997,1.6827963055416527e-07,2.7164949711459424e-07,0.07885361757072397,-3.817584222465609e-07,2.8193793899003464e-07,-0.19647389123877804,-3.2953901283016237e-07,1.575594808474655e-07,-0.2120624025280136,-7.577221729629085e-08,1.2777856953191675e-07,-0.05455650286956563,4.360219998361851e-08,1.522199054548344e-07,0.039883839862078344,-8.001926384714176e-08,3.294485392877575e-08,-0.20228901121528903,-2.669709421986245e-08,3.2015210372267804e-08,-0.1002028394389087,-3.230242239985065e-08,1.512996920339832e-08,-0.17393532344688598
43.5,4.8188718397501e-06,1.4388778367234586e-06,0.5151021078558051,2.0879567914586017e-06,1.2985790585510136e-06,0.25250095991331584,1.889032264392769e-06,8.446804717243808e-07,0.3174346570425424,1.3476808769647831e-06,7.153510824670032e-07,0.26307932307171156,-3.370434489434964e-07,8.825831344637252e-07,-0.0781515460752252,2.273181705470196e-06,6.953751016142798e-07,0.5520391743231579,7.308253479079458e-07,3.7400250250686167e-07,0.20695045508057952,1.5152640900069793e-07,3.4687511081585233e-07,0.04539085393383858,1.1739270926702028e-07,2.82010394331946e-07,0.04053501320734048,6.712350814107308e-07,4.4370873850796007e-07,0.2535883498771021,2.1266426925190813e-07,2.762712199880572e-07,0.09965167443810008,-3.4534708149151745e-07,2.8302241909507637e-07,-0.17773461166698612,-3.577395432813887e-07,1.5888962367385356e-07,-0.23020979026426797,-7.739969143827627e-08,1.2561547833552716e-07,-0.05572829512886009,6.804627455901266e-08,1.6952016258215222e-07,0.06224334365564846,-8.523619479546349e-08,3.323537808329465e-08,-0.21547743300745148,-2.2366883166068946e-08,3.4126094808309355e-08,-0.08395015518097024,-3.413924090048676e-08,1.531374645483707e-08,-0.18382583927466623
44.0,4.885644769770049e-06,1.4196800567615188e-06,0.5222396450522223,2.234033675590186e-06,1.34008087423924e-06,0.27016634150323104,2.007212429798553e-06,8.700079442441233e-07,0.33729375684827023,1.2588786756693256e-06,7.579913381581098e-07,0.24574434162068565,-3.0173850687832407e-07,9.037046718665116e-07,-0.06996525491561857,2.3445480638074e-06,7.240629130972468e-07,0.5693704001711029,7.420213679056035e-07,3.683050469870793e-07,0.2101208725274281,1.090973066643005e-07,3.1841135785059075e-07,0.03268090324341844,1.4222411275025565e-07,2.512252407258778e-07,0.049109151025901916,6.812332516924877e-07,4.617050390043096e-07,0.2573655950982731,2.5070702836626495e-07,2.803305628123042e-07,0.11747801009536252,-3.0973304580035565e-07,2.856203716098757e-07,-0.15940566915464494,-3.853021911590267e-07,1.5975144496160795e-07,-0.24794669272922124,-8.224633888375826e-08,1.231232200749579e-07,-0.0592179136817034,8.88722515750132e-08,1.85302245665591e-07,0.08129329830448628,-9.084180593456014e-08,3.334472681575073e-08,-0.22964843983839942,-1.864005857474604e-08,3.6166432504526605e-08,-0.0699621757002869,-3.602197756474724e-08,1.554806181049088e-08,-0.19396360561955098
44.5,4.861000030731806e-06,1.379971448025001e-06,0.5196053029389003,2.319188508056807e-06,1.3663307996400113e-06,0.28046429260405764,2.0741948516828395e-06,8.850968891898602e-07,0.3485495424266877,1.1363396666181523e-06,7.9322859410203e-07,0.22182363449923007,-2.731360309443445e-07,9.159657505269098e-07,-0.06333309006320317,2.3696909710864443e-06,7.408868795411565e-07,0.5754763219902899,7.335342422968336e-07,3.6096249556097835e-07,0.20771754249503543,5.71082750029451e-08,2.898825974128832e-07,0.01710720518071689,1.5430628817415502e-07,2.196785987814494e-07,0.053281055256063116,6.730279316457727e-07,4.7384433489776393e-07,0.25426567730719635,2.817642193644227e-07,2.838532920090879e-07,0.13203100057748385,-2.755970589884914e-07,2.894304732322433e-07,-0.1418374119286893,-4.1190949353475546e-07,1.601139429135256e-07,-0.26506881862905923,-9.008512303261496e-08,1.2028683874227325e-07,-0.06486189065863081,1.0591152220809293e-07,1.9932997160777933e-07,0.09687947380828404,-9.681942484855974e-08,3.3298287445547364e-08,-0.24475988377575802,-1.559161357184381e-08,3.804947523241372e-08,-0.05852037448220177,-3.793221230477091e-08,1.5820073834478098e-08,-0.2042494378476328
45.0,4.744241125619135e-06,1.3196168081084382e-06,0.5071246310857157,2.342313891871668e-06,1.3773270916316016e-06,0.28326089339364446,2.089073809998108e-06,8.8902220690914e-07,0.35104981577774963,9.816410058302454e-07,8.209401512728999e-07,0.19162507662413278,-2.511952469551207e-07,9.191621753636046e-07,-0.058245597052330705,2.348721122876394e-06,7.453373978812538e-07,0.5703838220534387,7.055861531218947e-07,3.5353792855910816e-07,0.19980338107474116,-3.052245201896728e-09,2.6427341300100534e-07,-0.0009143225728322769,1.5365510972290128e-07,1.9054037749065323e-07,0.05305620716041292,6.467378297161608e-07,4.799729922386054e-07,0.2443334438005397,3.053099894968552e-07,2.868499256288814e-07,0.1430642382148424,-2.434608127130874e-07,2.9406621382472857e-07,-0.12529833122319953,-4.3733226449510703e-07,1.5998656556073915e-07,-0.28142868401334403,-1.0067724653468876e-07,1.1714292419212515e-07,-0.07248829037154998,1.1904165811103611e-07,2.1142772012926741e-07,0.10888988240961746,-1.0314111039868474e-07,3.312897102061827e-08,-0.2607411295116802,-1.32776131427477e-08,3.970073468330096e-08,-0.04983518157136528,-3.985243350295223e-08,1.6119268822050206e-08,-0.21458904306549964
45.5,4.536187689918719e-06,1.23960049819133e-06,0.48488524252345755,2.304082156608639e-06,1.3735613377808298e-06,0.27863745008650453,2.0520193345254535e-06,8.814802956091126e-07,0.34482314885666643,7.972605831712069e-07,8.41331468067559e-07,0.15563237418996187,-2.357818562200829e-07,9.13280671751298e-07,-0.054671635534963556,2.2826979114902444e-06,7.373728702704943e-07,0.5543501723843137,6.587177357052041e-07,3.481228080508471e-07,0.18653148192529836,-6.970799581875368e-08,2.4525124255928374e-07,-0.020881544524790425,1.4067862764520978e-07,1.6869735819347272e-07,0.04857550409385703,6.028791268812736e-07,4.801294840064297e-07,0.2277639044727172,3.2093751375553305e-07,2.8931890203689934e-07,0.15038709016913374,-2.139658464993095e-07,2.990955558828562e-07,-0.1101185985800399,-4.612560646359131e-07,1.5943186540171933e-07,-0.2968239432631921,-1.1369709243684589e-07,1.1370068515471998e-07,-0.08186266643797545,1.2823160305704586e-07,2.2149077988069465e-07,0.11729611633143049,-1.0978184117579485e-07,3.287372379693678e-08,-0.27752892282623376,-1.1747820256444225e-08,4.106139548485766e-08,-0.04409337350421596,-4.1751889848863256e-08,1.643062857581621e-08,-0.2248168380528131
46.0,4.239526531306992e-06,1.1421404136980714e-06,0.45317433731545137,2.2065240930067936e-06,1.3558402354467666e-06,0.26683955043287144,1.964174097459421e-06,8.627298148327281e-07,0.3300615573124159,5.863763104550952e-07,8.548257048434728e-07,0.11446588391700192,-2.2646598777072332e-07,8.984609561612048e-07,-0.05251152969509922,2.1734516996041643e-06,7.173315942113028e-07,0.5278198741409316,5.940743992773474e-07,3.4718410772763215e-07,0.1682261947182145,-1.411393335715641e-07,2.3647619567830372e-07,-0.042279328842516666,1.1597689222661746e-07,1.6021942008669618e-07,0.04004613989663626,5.42295997028835e-07,4.745929128067187e-07,0.20487598285607372,3.284032774449557e-07,2.912459401767165e-07,0.1538854486626749,-1.876497419448919e-07,3.040888878023219e-07,-0.09657488307109009,-4.83324471370672e-07,1.585427810473843e-07,-0.3110252340662033,-1.287733567273886e-07,1.1003004035476072e-07,-0.09271767748791057,1.3345711297398417e-07,2.2942288933740745e-07,0.12207599901632187,-1.167010031245614e-07,3.257320448125417e-08,-0.29502059122908464,-1.1045308176714773e-08,4.209105812031209e-08,-0.041456618187352606,-4.360586861980179e-08,1.674251113029189e-08,-0.2347997549125823
46.5,3.858707909167348e-06,1.0311238308121523e-06,0.41246761559756345,2.0527487886662395e-06,1.325532326217504e-06,0.2482431828663628,1.8279798108177035e-06,8.336454968243877e-07,0.3071753485979424,3.527971090583462e-07,8.619840492189324e-07,0.06886914121817866,-2.227135420115812e-07,8.750076750710761e-07,-0.05164143582868634,2.0237608581184903e-06,6.859784406994026e-07,0.49146765102623885,5.129704183836523e-07,3.5302124604403554e-07,0.14525968732647718,-2.1531890871044476e-07,2.4020665450930306e-07,-0.06450036794856205,8.059767413633752e-08,1.6889122253220762e-07,0.027829903628565356,4.6625236014797535e-07,4.638131328370152e-07,0.17614717989371642,3.275215544278618e-07,2.92618758112048e-07,0.15347228487473297,-1.6495471967248404e-07,3.086163440569645e-07,-0.08489477576299029,-5.032696131281972e-07,1.5746333946103519e-07,-0.32386017777601667,-1.4541833935617248e-07,1.0618144623254271e-07,-0.10470217622575562,1.3480811885988715e-07,2.352153316340465e-07,0.12331179222002085,-1.2385254311537581e-07,3.22686339002965e-08,-0.3130997122288977,-1.1186866227424414e-08,4.276234136266498e-08,-0.04198793138982053,-4.5385400446933905e-08,1.704530885767455e-08,-0.24438180545061508
47.0,3.3994557922288454e-06,9.128617433745904e-07,0.3633769277064883,1.8469874318415758e-06,1.2844500577818401e-06,0.22336003378788055,1.6467300644789656e-06,7.957075659330075e-07,0.27671798047745677,1.0086252338694991e-07,8.634942300953179e-07,0.019689263852808125,-2.237645515987246e-07,8.43433039801598e-07,-0.05188513741799957,1.8371040948833463e-06,6.445699833115985e-07,0.4461383026463,4.170619519858187e-07,3.6734118219723e-07,0.11810094026888032,-2.9021150046195307e-07,2.559810278098473e-07,-0.0869349964422899,3.569135232605796e-08,1.928061032977994e-07,0.012324014386905748,3.7631899204807666e-07,4.484799104218866e-07,0.14217092470840642,3.183459165420041e-07,2.934084166625111e-07,0.149172701862599,-1.4631879819862108e-07,3.123244562633541e-07,-0.07530370508734355,-5.207264127641812e-07,1.5636239727896354e-07,-0.3350938427659789,-1.631470780397283e-07,1.0225803016455562e-07,-0.11746698656621452,1.3240359698330945e-07,2.3885583873607364e-07,0.1211123260117488,-1.3119237304756172e-07,3.200151161846917e-08,-0.3316548309351454,-1.2186812542035166e-08,4.3064022508980974e-08,-0.045741053702881986,-4.7062898295017205e-08,1.7330446417097218e-08,-0.2534144447733296
47.5,2.869116583070483e-06,7.97550746440984e-07,0.30668755027531347,1.5944450582927751e-06,1.2347597539678048e-06,0.19281955900376732,1.4246741402453383e-06,7.510699734225238e-07,0.2394035060335675,-1.6481750094323363e-07,8.600719886761209e-07,-0.032173845692736756,-2.2880819640582644e-07,8.043659269873939e-07,-0.053054626517297775,1.6178187803436094e-06,5.949543715543221e-07,0.3928851536840305,3.0854218209241787e-07,3.907149569307104e-07,0.08737100482128293,-3.6370131431760576e-07,2.809550683859024e-07,-0.10894941246617622,-1.7279974966953772e-08,2.2648914073654866e-07,-0.00596667389211336,2.744371170725623e-07,4.2950161175225287e-07,0.10368059952586915,3.009901505253278e-07,2.9356711385897686e-07,0.14104001859238316,-1.3200686439397158e-07,3.1493085433574073e-07,-0.06793799640381591,-5.354908449179762e-07,1.554108661367748e-07,-0.34459493621044246,-1.814361410622277e-07,9.838662901529146e-08,-0.13063523417558595,1.2641344855329285e-07,2.403868510460659e-07,0.11563301256374339,-1.3866461284111584e-07,3.180926917974982e-08,-0.3505446822875531,-1.4034928739645951e-08,4.299839275751879e-08,-0.052677632234183806,-4.861512402264719e-08,1.759268099205785e-08,-0.26177254500048613
48.0,2.276468253888243e-06,7.013850415012527e-07,0.2433377842448427,1.3016610901187765e-06,1.1791861554674768e-06,0.1574125844372488,1.1669158062078587e-06,7.026413059297769e-07,0.19608956698269267,-4.3899008015394e-07,8.524767460483909e-07,-0.08569477767036152,-2.3680305558412816e-07,7.586478402732762e-07,-0.05490842491449709,1.3706998645861733e-06,5.397234404609748e-07,0.3328726514339512,1.8958050595973662e-07,4.224878375781152e-07,0.053684197045278,-4.3360479876043606e-07,3.114524204980248e-07,-0.1298895170508249,-7.675512058181898e-08,2.647659937147835e-07,-0.026503092448766814,1.6269971822357244e-07,4.079969335150719e-07,0.06146692002907824,2.757379997620939e-07,2.9302693683252865e-07,0.1292071934752554,-1.222660835857724e-07,3.1624983182387275e-07,-0.06292485459065415,-5.471761944163895e-07,1.547846658932138e-07,-0.35211460214538337,-1.9978388870145895e-07,9.472056486096366e-08,-0.14384573510121726,1.17054038221848e-07,2.398731197350842e-07,0.10707176512661697,-1.462139749638633e-07,3.1723702437450885e-08,-0.36962949918906834,-1.6719137925576347e-08,4.258463194658744e-08,-0.06275233848735046,-5.0019514842411156e-08,1.782632581320152e-08,-0.269334614756673
48.5,1.6311515515377053e-06,6.471655931035682e-07,0.17435815484831632,9.754311098476366e-07,1.1206915535211672e-06,0.11796091402532391,8.791778492108798e-07,6.542007145834736e-07,0.14773782550154943,-7.164621050361348e-07,8.414227661135578e-07,-0.13985979086083392,-2.467158575039148e-07,7.073008176084785e-07,-0.05720694398791976,1.1012653815014298e-06,4.825689814018115e-07,0.2674408431370765,6.273216413928875e-08,4.6108234037809165e-07,0.01776409364286401,-4.978214260269377e-07,3.440977056320647e-07,-0.14912608160482357,-1.4094883521882036e-07,3.0392261906801945e-07,-0.04866880518242902,4.3590050968602264e-08,3.8532701366563633e-07,0.01646804435929458,2.4295589919958876e-07,2.9170754392136326e-07,0.11384593309924838,-1.1722285004684385e-07,3.162250718903895e-07,-0.06032932909579224,-5.555897689798186e-07,1.5461691192713946e-07,-0.3575288407220125,-2.1768687446778742e-07,9.143130556536096e-08,-0.15673600450583589,1.0465982476998554e-07,2.3743928254404164e-07,0.09573452010879172,-1.537842502876987e-07,3.17668059848016e-08,-0.38876718474453054,-2.0198482196450434e-08,4.1852957736887834e-08,-0.0758114441883633,-5.1252506012027594e-08,1.8029433812260075e-08,-0.27597376754960345
49.0,9.441293346535141e-07,6.561920164428402e-07,0.10092051138544991,6.235525059408559e-07,1.0626106527687759e-06,0.07540750218132157,5.678125516895149e-07,6.103883294061328e-07,0.09541572476420959,-9.917237349460897e-07,8.275487761879448e-07,-0.19359331524490017,-2.5743000316524237e-07,6.515587756598983e-07,-0.05969127368171034,8.152933676645565e-07,4.287389248082905e-07,0.19799291734295962,-6.933164546522452e-08,5.044376473863542e-07,-0.019632892621454207,-5.542140446098865e-07,3.761498633853248e-07,-0.16601890662408153,-2.0805304539192185e-07,3.413804533481292e-07,-0.07183949493495681,-8.035081050772299e-08,3.63058028713788e-07,-0.03035602579817045,2.0316645890545474e-07,2.8952213125577146e-07,0.09520112565597974,-1.1688447559105477e-07,3.1490578878888067e-07,-0.06015518298099678,-5.604364664004919e-07,1.5500101093022864e-07,-0.36064775004484895,-2.3467692856070146e-07,8.87302357241468e-08,-0.16896895700410616,8.957559320028085e-08,2.3323146963919424e-07,0.08193665952848525,-1.6131710001391093e-07,3.1952382925375286e-08,-0.4078102582431786,-2.443309851605286e-08,4.085285677385193e-08,-0.09170533045418817,-5.2296262886399324e-08,1.820121719948937e-08,-0.2815939711150363
49.5,2.2712868281745207e-07,7.321202574869061e-07,0.024278392778308316,2.5405219287833165e-07,1.0084888275868888e-06,0.030723060377628265,2.395860716167925e-07,5.764397677066945e-07,0.04026025595719182,-1.2593315943794398e-06,8.113809690386817e-07,-0.24583275539111157,-2.6780552296739e-07,5.929070681386665e-07,-0.06209708490994723,5.189479350980995e-07,3.8546600882980477e-07,0.12602582051354566,-2.039423549662051e-07,5.503196261544925e-07,-0.05775109373433701,-6.007580586158383e-07,4.0546114871970565e-07,-0.17996150946916686,-2.760854200328064e-07,3.753011066918196e-07,-0.0953306744282452,-2.064102019283924e-07,3.428873947046741e-07,-0.0779804631110922,1.5695053643017812e-07,2.863855262844604e-07,0.07354495334003995,-1.211923507135352e-07,3.1246134546336433e-07,-0.0623722525699365,-5.614616143519661e-07,1.5597010159352447e-07,-0.36130744534365217,-2.5034472777111365e-07,8.681871844908788e-08,-0.18024987714981336,7.222643480021749e-08,2.2742828154677314e-07,0.06606702323421738,-1.6876056187617721e-07,3.2282931710283534e-08,-0.4266273588730083,-2.936424714379394e-08,3.964655091963788e-08,-0.11021352801777606,-5.313879820778362e-08,1.8343693853700834e-08,-0.2861306789763353
50.0,-5.078510678609855e-07,8.589497755180964e-07,-0.05428555982214731,-1.242304281922046e-07,9.617077542224122e-07,-0.015023444209810825,-9.863344413644644e-08,5.572729820087885e-07,-0.016574451428145492,-1.5136926628414187e-06,7.933259073074036e-07,-0.29548630383166224,-2.767141508672421e-07,5.33162109367179e-07,-0.06416276233511221,2.1855976756037163e-07,3.6133258724285105e-07,0.053076950836771004,-3.3805628151985626e-07,5.965767774484359e-07,-0.09572861902457573,-6.358891050734764e-07,4.306153899527659e-07,-0.19048527366854284,-3.43189021707012e-07,4.042819389758907e-07,-0.11850115406967716,-3.318049648757866e-07,3.2652901706285454e-07,-0.12535380800872337,1.0510942170562531e-07,2.8226814330905097e-07,0.049252890055445746,-1.299829887529182e-07,3.091711272397027e-07,-0.06689639863043578,-5.585021151970539e-07,1.5749687828347578e-07,-0.3594029712855419,-2.642629015367941e-07,8.589834221163771e-08,-0.19027105528186242,5.308262507719496e-08,2.202377045129984e-07,0.04855578202093023,-1.7605645196392002e-07,3.275276397757432e-08,-0.44507139748106456,-3.49247970452576e-08,3.831431803967488e-08,-0.1310840723691483,-5.37706617561923e-08,1.8459613808832655e-08,-0.2895330055667792
50.5,-1.2481225801527149e-06,1.0159868783214847e-06,-0.13341516298396305,-5.034977753900007e-07,9.253512732552866e-07,-0.0608890337770742,-4.395606427483223e-07,5.562639266799514e-07,-0.07386416024242223,-1.7497001411434329e-06,7.735691215142334e-07,-0.34155706783284795,-2.8310579001895017e-07,4.7459520825138404e-07,-0.06564481600868671,-7.957679692505268e-08,3.6303116848063534e-07,-0.019325120013096837,-4.6899674814264023e-07,6.411815005889522e-07,-0.132807504196826,-6.57911832084861e-07,4.5032782324861574e-07,-0.19708234405113176,-4.0742810717861744e-07,4.272557534388526e-07,-0.14068253308612122,-4.537711621190648e-07,3.1544582583038047e-07,-0.171431862562583,4.839596537156088e-08,2.771221943257036e-07,0.02267771169218676,-1.4296272258945534e-07,3.054280044562412e-07,-0.07357648390295149,-5.514129563262028e-07,1.5949609231224692e-07,-0.3548410104750619,-2.7612411046967786e-07,8.611951394734948e-08,-0.19881120498677365,3.265627581380049e-08,2.1190606783709235e-07,0.029871375195261216,-1.8315051655415253e-07,3.3348947950569354e-08,-0.4630052204439558,-4.1034632683974405e-08,3.694770895444454e-08,-0.15401626395758614,-5.419205889069078e-08,1.8552214065167216e-08,-0.29180205666088294
51.0,-1.9810099752141478e-06,1.1871235663490671e-06,-0.211755458092677,-8.747591072499765e-07,9.014841828222978e-07,-0.10578643924869442,-7.763088930044215e-07,5.737556719888457e-07,-0.13045163486879277,-1.9624208089139495e-06,7.522285496964602e-07,-0.383082038793679,-2.8602718149516526e-07,4.200821318923423e-07,-0.0663222101585296,-3.6918673623192445e-07,3.908535455251006e-07,-0.08965651120193971,-5.938539310979187e-07,6.822838705885849e-07,-0.16816376394704027,-6.657537855911667e-07,4.6389803851433174e-07,-0.1994314590899435,-4.669717413803046e-07,4.434094699104473e-07,-0.16124260034965532,-5.696394354875611e-07,3.105445962933324e-07,-0.2152061602123307,-1.2301579158673012e-08,2.7095787160116373e-07,-0.0057643579041597795,-1.5979232815186515e-07,3.016985895326398e-07,-0.0822379250138037,-5.4007443594482e-07,1.6186708036687062e-07,-0.3475445333370785,-2.857002470466771e-07,8.757798681858044e-08,-0.2057060873233895,1.1476636482737759e-08,2.026855363382362e-07,0.01049791826570151,-1.8999795550986113e-07,3.4054501589087426e-08,-0.4803155728405159,-4.7607476059899355e-08,3.565036353685137e-08,-0.17868627351109387,-5.439742853028946e-08,1.8629256532898818e-08,-0.29290788811363283
51.5,-2.6938505965153896e-06,1.3612258909624025e-06,-0.28795289990232537,-1.229720833874576e-06,8.910134506610249e-07,-0.1487126995390652,-1.1019742848766923e-06,6.07089795739747e-07,-0.1851767361432436,-2.147048480864298e-06,7.29294026793053e-07,-0.419123006493982,-2.845504363058766e-07,3.732370759623036e-07,-0.0659797916363366,-6.442841670398268e-07,4.3864270139083537e-07,-0.15646355887268631,-7.098359659906844e-07,7.182096896635993e-07,-0.20100681594426364,-6.585859738849016e-07,4.7089441055922196e-07,-0.19728428820184543,-5.201578851256775e-07,4.5216041904612675e-07,-0.1796074634883227,-6.767992782764541e-07,3.118967067927386e-07,-0.25569046810758045,-7.60536808850073e-08,2.6382977500955536e-07,-0.035637752754763254,-1.800683574841869e-07,2.9849106884736846e-07,-0.09267308544418695,-5.244585555650758e-07,1.64486416663027e-07,-0.3374955225007642,-2.927773914914588e-07,9.026659448970222e-08,-0.21080167862303809,-9.937734587810568e-09,1.9285402124989977e-07,-0.009090252671676789,-1.965566988971305e-07,3.4852824447917836e-08,-0.49689610171366333,-5.45574718564111e-08,3.453374808792834e-08,-0.20477185822543453,-5.439499635408744e-08,1.8696831941966594e-08,-0.29289479184025924
52.0,-3.374452834789054e-06,1.530521854608225e-06,-0.36070429466951304,-1.56025449875993e-06,8.931621055396317e-07,-0.1886848234875281,-1.4100972531991387e-06,6.516743788211209e-07,-0.23695399300645906,-2.2996934355501638e-06,7.046379154318855e-07,-0.44892066262716984,-2.780370659943539e-07,3.3830412918620595e-07,-0.06446951169586726,-8.992674286598009e-07,4.981442596142568e-07,-0.2183859071267607,-8.143618214809263e-07,7.474521326099567e-07,-0.23060578021570702,-6.360328368680265e-07,4.7128205977815305e-07,-0.19052832958820132,-5.653854798460604e-07,4.5315722357915936e-07,-0.19522428637940156,-7.728112002014763e-07,3.187580441641556e-07,-0.29196316231528563,-1.4190076234371266e-07,2.5585299120161497e-07,-0.06649282750382379,-2.033211395786724e-07,2.9634385768084607e-07,-0.10464024664876757,-5.045954225311332e-07,1.6726174550471346e-07,-0.32471335241190036,-2.972393277129919e-07,9.409711638291437e-08,-0.2140143025234582,-3.104086646233472e-08,1.8271099190304043e-07,-0.028393726638312924,-2.027905191483202e-07,3.5727445822695566e-08,-0.5126552236310546,-6.178019967430953e-08,3.370132403966478e-08,-0.231881094529862,-5.419543125595608e-08,1.8766651847643688e-08,-0.2918202154675489
52.5,-4.0111733889816e-06,1.6892365307986604e-06,-0.42876505878327814,-1.8593986702599275e-06,9.057726922297469e-07,-0.22486095067809914,-1.6946990418551628e-06,7.024816643325369e-07,-0.2847787299782015,-2.4168656565239094e-06,6.781239118692524e-07,-0.4717937248657665,-2.660209769440134e-07,3.192569657893216e-07,-0.06168329543797723,-1.1289937202889898e-06,5.622200391315665e-07,-0.2741746335827775,-9.052658966691841e-07,7.686887094904595e-07,-0.2563474157278606,-5.979601902875193e-07,4.652598542624803e-07,-0.17912338736586897,-6.012088325332458e-07,4.4628810793500597e-07,-0.20759387971592932,-8.554785131264008e-07,3.2975736057994685e-07,-0.32319434801157976,-2.088846002239135e-07,2.472084386863392e-07,-0.09788057133372603,-2.2898189579789293e-07,2.95747536943242e-07,-0.11784668384234898,-4.806098547917245e-07,1.7012016626397195e-07,-0.3092783449536518,-2.9906288426197613e-07,9.890779644217165e-08,-0.21532727542628946,-5.129443625214891e-08,1.7255197387246885e-07,-0.04692008848326264,-2.0867259217071892e-07,3.6667106935698835e-08,-0.5275251271816566,-6.917448273546984e-08,3.323763281565979e-08,-0.2596342332138482,-5.3812948755785824e-08,1.8846714451548528e-08,-0.28976070375178997
53.0,-4.592994280299675e-06,1.8328899028977038e-06,-0.49095745100262084,-2.120115868877249e-06,9.259962455414274e-07,-0.256390024069889,-1.9503584580287177e-06,7.549743097201372e-07,-0.3277399650097463,-2.495834164816855e-06,6.496717050972098e-07,-0.48720908176574707,-2.482203304637706e-07,3.1798734719543143e-07,-0.057555791853705796,-1.3289481895428855e-06,6.256216157813006e-07,-0.3227333123032336,-9.802140138074425e-07,7.808375908634814e-07,-0.277570744931747,-5.448871284892997e-07,4.535553533526594e-07,-0.16322496007658052,-6.265158350314142e-07,4.3163348094713586e-07,-0.21633223908174085,-9.228400249880469e-07,3.4324529436743795e-07,-0.3486430992930538,-2.7606297677299967e-07,2.381653178873722e-07,-0.1293594734205634,-2.5648640045143733e-07,2.970874631243372e-07,-0.13200201543680634,-4.527182024825131e-07,1.7301594808452263e-07,-0.29132972409577557,-2.9828286827967733e-07,1.0447915413358489e-07,-0.21476565870587347,-7.024216376359865e-08,1.6267590175931372e-07,-0.06425196921636508,-2.1418550066402144e-07,3.766494252068117e-08,-0.5414617813623407,-7.663479293360302e-08,3.3197561536835916e-08,-0.2876351931232538,-5.3265605858495135e-08,1.8950095705985373e-08,-0.28681348627385084
53.5,-5.110192581118125e-06,1.957944655154637e-06,-0.5462421615718981,-2.336960458528077e-06,9.502857857483974e-07,-0.2826134915586935,-2.172313701620886e-06,8.053849299148566e-07,-0.3650375209893537,-2.534537531508041e-06,6.193014352039487e-07,-0.49476432402209286,-2.246623856389806e-07,3.329593878808033e-07,-0.05209332161082373,-1.4953546340813142e-06,6.845935413481297e-07,-0.36314489753814344,-1.037733813621632e-06,7.829644430998575e-07,-0.29385883453039857,-4.774850711176478e-07,4.3723361755069794e-07,-0.14303417642920482,-6.403187414534268e-07,4.095871171257069e-07,-0.22109830162182015,-9.732872723545725e-07,3.5764653623257567e-07,-0.36770174889258395,-3.425212608718149e-07,2.2911198850164354e-07,-0.16050094967337533,-2.852061490039085e-07,3.0060241645671403e-07,-0.1467827784132913,-4.2118214101783883e-07,1.759537446455965e-07,-0.27103588118159355,-2.949956903294512e-07,1.1056666648577831e-07,-0.2123988686121769,-8.740320064403755e-08,1.5340749690710054e-07,-0.07994952684106739,-2.193259950391677e-07,3.8720998473089136e-08,-0.5544569711992844,-8.405633428893442e-08,3.358966060792118e-08,-0.31549064101181895,-5.2579107149163205e-08,1.9086884925402547e-08,-0.2831169717036596
54.0,-5.554005342361674e-06,2.061666940076625e-06,-0.5936824954118851,-2.5046604226182237e-06,9.754507497936813e-07,-0.30289379720649845,-2.3566094887344827e-06,8.507999986341813e-07,-0.3960067485031016,-2.531595597384633e-06,5.873125013359192e-07,-0.49419003225099434,-1.9551719364130786e-07,3.5993511880568705e-07,-0.04533531512110478,-1.6252867778071181e-06,7.364175878666695e-07,-0.39469874700289365,-1.0763952461908178e-06,7.744593618708904e-07,-0.30480673211928727,-3.969628051917425e-07,4.1784493602555684e-07,-0.11891313749501058,-6.419326082473738e-07,3.807955641234135e-07,-0.22165556034952127,-1.0054605856640893e-06,3.715908313012111e-07,-0.37985662228670414,-4.074150604917397e-07,2.2053719001612813e-07,-0.19090932911353378,-3.145217272548535e-07,3.063345771875413e-07,-0.16187018813953458,-3.8645896921932663e-07,1.79003672458187e-07,-0.24869109361988398,-2.8939979142717144e-07,1.1692009535300932e-07,-0.20836978400289005,-1.0245053483105804e-07,1.4503674624748964e-07,-0.09371363661744975,-2.2409205513389882e-07,3.983946991447959e-08,-0.5665055897144151,-9.13280319597176e-08,3.4380967479446206e-08,-0.3427836770311347,-5.1778829545933584e-08,1.9267857276249838e-08,-0.2788078043588079
54.5,-5.917425387385364e-06,2.1420130418302195e-06,-0.6325294366574654,-2.6196977198305785e-06,9.98542060613317e-07,-0.31680549695564,-2.5000824949071602e-06,8.890109622864166e-07,-0.42011607970286613,-2.4866555114851347e-06,5.542518384589025e-07,-0.4854173267987572,-1.6121168837012527e-07,3.9403477119035386e-07,-0.03738076717116326,-1.7166025165762065e-06,7.791502307059805e-07,-0.4168746535357899,-1.0951785797673005e-06,7.549273003709689e-07,-0.31012567657395207,-3.0484406410123393e-07,3.9744779267716916e-07,-0.09131828885453953,-6.309299049436722e-07,3.463342564424749e-07,-0.21785639150405628,-1.0184526221256365e-06,3.840096650304592e-07,-0.38476493113269383,-4.699909376180354e-07,2.1305722607515572e-07,-0.22023156061487578,-3.437732084707285e-07,3.141576816098032e-07,-0.17692461000444148,-3.489519761218338e-07,1.8219138122642882e-07,-0.22455488285823075,-2.8170109541045564e-07,1.232918410666005e-07,-0.2028266714173695,-1.1504660605698341e-07,1.3784175415383744e-07,-0.1052355251426821,-2.2849944389338988e-07,4.102891644939636e-08,-0.5776474856946375,-9.834867432293802e-08,3.550071074272268e-08,-0.36913442118651874,-5.08930012344113e-08,1.9503038416760597e-08,-0.27403798146516173
55.0,-6.194310170681739e-06,2.1975293974245354e-06,-0.6621263921798511,-2.6789427337848025e-06,1.017263752435799e-06,-0.3239701197843859,-2.600519550692771e-06,9.184823259289272e-07,-0.43699361163211387,-2.399986918184024e-06,5.211762699423069e-07,-0.46849884465142205,-1.224532092089715e-07,4.311476186035553e-07,-0.028393691233436415,-1.768154533603674e-06,8.114299781641347e-07,-0.4293939927712119,-1.0934869295261217e-06,7.242950917866783e-07,-0.3096466458612773,-2.029683955693482e-07,3.7851376494375105e-07,-0.06080068060235901,-6.072591954365446e-07,3.078355115470015e-07,-0.209683034500121,-1.0117377174376326e-06,3.941888425932595e-07,-0.3822280827965876,-5.295031982187373e-07,2.0735580656346297e-07,-0.24811822177952886,-3.723475927766543e-07,3.2368935586830046e-07,-0.19163056054064628,-3.092258690473705e-07,1.8560931187948484e-07,-0.19899064499472296,-2.7217224170967455e-07,1.2945831330096882e-07,-0.19596583306764123,-1.2501789283941187e-07,1.3204747473306857e-07,-0.11435646870513193,-2.3256469147954716e-07,4.230150068980672e-08,-0.5879244474537462,-1.0502644128301347e-07,3.6861400552406245e-08,-0.39419824292682865,-4.9957080148554935e-08,1.980018393316061e-08,-0.26899842948438085
55.5,-6.380916324499135e-06,2.227504946982283e-06,-0.6820732233815687,-2.681227054162448e-06,1.0296479410929595e-06,-0.3242463674014173,-2.6565630500404807e-06,9.381438518383121e-07,-0.4464112109660367,-2.272860301535388e-06,4.896597456732472e-07,-0.44368259562394996,-8.01209597381425e-08,4.682596910055574e-07,-0.018577951585157283,-1.7796133106305261e-06,8.323529535170166e-07,-0.43217674163525316,-1.0712415866103553e-06,6.828452608769782e-07,-0.3033473517097815,-9.350840408797242e-08,3.638139947915746e-07,-0.0280111324457241,-5.710683612455246e-07,2.6785760872591864e-07,-0.19718655195808468,-9.851269856964483e-07,4.016810105954861e-07,-0.3721747173838524,-5.853836146700437e-07,2.041534393096402e-07,-0.274303048630131,-3.9958970695400303e-07,3.344848817918572e-07,-0.20565085155740329,-2.6785958352823594e-07,1.89311721864822e-07,-0.1723709321555379,-2.6111332075938755e-07,1.3521674718126647e-07,-0.18800333607221326,-1.3223114467192692e-07,1.278450857020664e-07,-0.12095458029310134,-2.3632692855831803e-07,4.3671670248085425e-08,-0.5974353974679313,-1.1127321902794459e-07,3.8365087771393935e-08,-0.41764442258334655,-4.9002939898813854e-08,2.0166427630663705e-08,-0.26386077476306885
56.0,-6.474742972508316e-06,2.231669572274323e-06,-0.6921026048986086,-2.626356456312367e-06,1.034633364109833e-06,-0.31761075181548165,-2.667717386060735e-06,9.474745100477017e-07,-0.4482855954833731,-2.107188139428373e-06,4.618895930529041e-07,-0.411341912451906,-3.5251507917774573e-08,5.033414361858098e-07,-0.008173901180672348,-1.7516498775507163e-06,8.414568919090811e-07,-0.42538585885123653,-1.0285661932893173e-06,6.313095230285901e-07,-0.2912628063477288,2.1122808269140843e-08,3.559575059510112e-07,0.006327493082823823,-5.229148982349415e-07,2.3054615726059823e-07,-0.18055944392641474,-9.38946341329872e-07,4.063963027979138e-07,-0.35472796329500367,-6.370925514037615e-07,2.0408131915293577e-07,-0.29853317504983995,-4.24977224913801e-07,3.459685657083219e-07,-0.2187166653071111,-2.254849968653511e-07,1.9331784763754374e-07,-0.14510236514525157,-2.4885218178804973e-07,1.4038101505269198e-07,-0.1791752340667216,-1.3669932298849317e-07,1.253306236951573e-07,-0.12504171600001734,-2.3981728149675827e-07,4.5153785209410966e-08,-0.6062590233145552,-1.1701468597629249e-07,3.992190807976748e-08,-0.4391940071947339,-4.807119914152629e-08,2.0608481834858767e-08,-0.25884373214064904
56.5,-6.474837347575956e-06,2.2105650436912233e-06,-0.6921126929021677,-2.514977099233806e-06,1.0317008398237702e-06,-0.30414141437904063,-2.6343038494071245e-06,9.463396622186351e-07,-0.44267075515049675,-1.9057294180714752e-06,4.405673075914499e-07,-0.37201537384223915,1.0955243511828361e-08,5.350571559851493e-07,0.0025402339691328593,-1.6857656466343092e-06,8.385957675028571e-07,-0.40938596040559666,-9.659828177435433e-07,5.709967236830395e-07,-0.27354084570863485,1.383639486984733e-07,3.5678887179823627e-07,0.04144794182413845,-4.635642178234889e-07,2.0246710827001844e-07,-0.16006600247366906,-8.737596259164409e-07,4.084802407735304e-07,-0.3301008362967276,-6.842892912401618e-07,2.0756704338961313e-07,-0.3206489454576348,-4.480353712888131e-07,3.575117607301828e-07,-0.2305836562601647,-1.8276886298886334e-07,1.9766195957955863e-07,-0.11761400830774166,-2.357493322061525e-07,1.447955228621378e-07,-0.16974109479613625,-1.3850479496916258e-07,1.2453417614505566e-07,-0.12669321879986556,-2.4308757179855563e-07,4.675802499383945e-08,-0.6145263299571314,-1.221878198742994e-07,4.145252508097225e-08,-0.4586104538352939,-4.719827207987256e-08,2.1127296828043378e-08,-0.25414337719714536
57.0,-6.38214261189319e-06,2.1652461668566015e-06,-0.6822043045230725,-2.3490645316116267e-06,1.0208235042859968e-06,-0.284077262305751,-2.5578983898786316e-06,9.351325683794588e-07,-0.42983151396929786,-1.6719857569775222e-06,4.2878583298100745e-07,-0.3263865271442032,5.7134998962482077e-08,5.62564492381033e-07,0.013248109458650027,-1.5842140860573048e-06,8.23982379747998e-07,-0.3847242980680662,-8.844526764222164e-07,5.04058783896118e-07,-0.2504536609283967,2.5544656635641067e-07,3.667841965245881e-07,0.07652090389953763,-3.941240742380345e-07,1.92141806114857e-07,-0.13608872862991106,-7.90699706427004e-07,4.0836691272970286e-07,-0.2987213263343114,-7.266265822348275e-07,2.14731090359597e-07,-0.3404876421678659,-4.68302183188524e-07,3.6851855357409104e-07,-0.2410140728925156,-1.4045151576285916e-07,2.0231765829369616e-07,-0.09038227557816772,-2.2224416045093145e-07,1.483304220189699e-07,-0.1600172808718767,-1.3785313799228412e-07,1.2536027441457482e-07,-0.1260971345995135,-2.461970002638967e-07,4.8493285501575024e-08,-0.6223869772495144,-1.2673449205434485e-07,4.2896267989217583e-08,-0.4756755867927036,-4.641590961357387e-08,2.172155151340783e-08,-0.24993067553211498
57.5,-6.199256105845668e-06,2.09743801047951e-06,-0.6626550764264922,-2.1316724503138834e-06,1.0025077318191365e-06,-0.2577875855127329,-2.4406712959183145e-06,9.146686757024746e-07,-0.41013256913452084,-1.409984516166173e-06,4.290070485904729e-07,-0.2752415489414744,1.0185541270155931e-07,5.853865689693319e-07,0.023617601836526038,-1.4500743100939996e-06,7.981622747740432e-07,-0.3521486306726788,-7.852577014164902e-07,4.341546563001259e-07,-0.22236426135036308,3.694792074960507e-07,3.84882377094316e-07,0.11068022300301741,-3.159656862543404e-07,2.051061604259573e-07,-0.10910109618693509,-6.911864780357115e-07,4.067013055168977e-07,-0.2611258607849632,-7.638878456096412e-07,2.253417028389124e-07,-0.35794777921881965,-4.854491226048441e-07,3.7840790705818406e-07,-0.2498388314666281,-9.928316285992513e-08,2.0722769435774112e-07,-0.0638899348087405,-2.0872781719100412e-07,1.5088956886701085e-07,-0.15028542338956494,-1.3502756678419567e-07,1.2766062926415998e-07,-0.12351252580397935,-2.492098339878009e-07,5.036416791500792e-08,-0.6300034326586631,-1.306159060074e-07,4.420777639683658e-08,-0.4902437902058139,-4.575777647192258e-08,2.239023298094847e-08,-0.24638689793403734
58.0,-5.930305079536472e-06,2.0095550104299034e-06,-0.6339061814218404,-1.8664004522944096e-06,9.776812748327772e-07,-0.22570769075051964,-2.285731394485636e-06,8.862680607985859e-07,-0.3840963306855721,-1.1242094979530573e-06,4.4243790520195394e-07,-0.21945571742353034,1.4361948724910964e-07,6.033171205313836e-07,0.033301596604925175,-1.2870957456487718e-06,7.619595891739128e-07,-0.3125695015902076,-6.700092947667507e-07,3.676663548610988e-07,-0.18972895351416103,4.774975228285476e-07,4.089175525859334e-07,0.14303790643108638,-2.3062260880201846e-07,2.386620882658411e-07,-0.0796326326572599,-5.769669257802552e-07,4.043280167053902e-07,-0.21797443949856748,-7.958838074822497e-07,2.389006371073127e-07,-0.3729406653631593,-4.992124366834614e-07,3.8666836945570973e-07,-0.256922190250055,-6.001418180692136e-08,2.1230538079271187e-07,-0.03861986315498206,-1.9562926123649764e-07,1.5241529767613807e-07,-0.14085437555939698,-1.3036296790906596e-07,1.3121879463135573e-07,-0.11924572012384392,-2.5219656818189057e-07,5.236863750648426e-08,-0.6375539083546086,-1.3381199866682526e-07,4.53572606365229e-08,-0.5022397608888702,-4.525426340228004e-08,2.3127597785961618e-08,-0.24367568613871343
58.5,-5.581390340046516e-06,1.904624481797147e-06,-0.5966097511057862,-1.5590599718562141e-06,9.478120896946577e-07,-0.18854036686320313,-2.096798125095894e-06,8.517138218685844e-07,-0.3523478165372774,-8.197806696904238e-07,4.685779413004263e-07,-0.1600284958670277,1.8085953835152835e-07,6.163125879854014e-07,0.04193658885502621,-1.0996307036255426e-06,7.164727088158196e-07,-0.26704386377431044,-5.407295393552906e-07,3.1566544236839046e-07,-0.15312033793768315,5.767178491935584e-07,4.362068212698244e-07,0.1727600873433342,-1.3987663617680717e-07,2.8538755092243725e-07,-0.04829858114892414,-4.501809964282774e-07,4.02212259607989e-07,-0.17007552077037705,-8.225918096689317e-07,2.547195512355421e-07,-0.38545568327454455,-5.093488616706518e-07,3.92831646038879e-07,-0.26213895232897266,-2.332146060927284e-08,2.1738777980997802e-07,-0.015007646362689364,-1.8335952109329208e-07,1.5288798458575998e-07,-0.13202008065267548,-1.2424273335574327e-07,1.3577008645248124e-07,-0.11364741419123527,-2.5523229516864606e-07,5.450218020359395e-08,-0.6452282380215676,-1.3631444129253127e-07,4.633239517541693e-08,-0.5116322383833738,-4.493763999504981e-08,2.392988739992231e-08,-0.2419707986827281
59.0,-5.159698364644283e-06,1.7865178893552922e-06,-0.5515339672669629,-1.2158862073242793e-06,9.146474633151832e-07,-0.14703964935992245,-1.878381377873566e-06,8.133329456438183e-07,-0.31564487262585905,-5.021790602584323e-07,5.054292890713651e-07,-0.0980298299780868,2.1203350693964233e-07,6.244883853121358e-07,0.049165015486958896,-8.923438196878148e-07,6.63085226949319e-07,-0.21670451783393205,-3.994478510250381e-07,2.944195545505025e-07,-0.11311309163978765,6.643482027844502e-07,4.641507678464357e-07,0.19901040638835607,-4.5725417645432976e-08,3.3869479207482455e-07,-0.01578871822399871,-3.1312241621107814e-07,4.013510299565482e-07,-0.11829565980016292,-8.439286916540844e-07,2.720363820706469e-07,-0.395453865031114,-5.157306415550741e-07,3.965227725187714e-07,-0.2654233674298712,1.0076823898851724e-08,2.223101798655392e-07,0.006484559953887839,-1.7231803973591035e-07,1.5237673522618681e-07,-0.1240701402806951,-1.1710276767370194e-07,1.4100753817535248e-07,-0.10711633897048355,-2.5839427534970467e-07,5.675573484549679e-08,-0.6532217362563246,-1.3811861810081332e-07,4.713446690890416e-08,-0.518403898158436,-4.4833917315746824e-08,2.4786187769019067e-08,-0.24141229450771534
59.5,-4.673545164602046e-06,1.6601199224733888e-06,-0.4995677506066776,-8.438329109067041e-07,8.80543607519053e-07,-0.10204646996624157,-1.6354443721072306e-06,7.739857350187858e-07,-0.274821522722321,-1.7720761765641953e-07,5.50178690010117e-07,-0.03459250694511396,2.3554044165767327e-07,6.28052430154774e-07,0.05461565782242671,-6.704008298626482e-07,6.034402723629162e-07,-0.16280595593935832,-2.488766922444407e-07,3.158532164182105e-07,-0.07047531242091494,7.377046052663991e-07,4.904248042903772e-07,0.2209848580508031,4.9894336570952985e-08,3.940284299491918e-07,0.017228221450062847,-1.684552694983946e-07,4.026587380344164e-07,-0.06364133073977545,-8.599435245009849e-07,2.900951919595043e-07,-0.402958204686543,-5.183420972056378e-07,3.9747404783788847e-07,-0.2667673662091106,3.952857384282554e-08,2.2689273437360988e-07,0.025437122802621732,-1.6293240049344284e-07,1.509821250275085e-07,-0.11731241729811251,-1.0938925932741752e-07,1.4665029606961853e-07,-0.1000606323370202,-2.6176395114826345e-07,5.9113293167531575e-08,-0.6617402898224843,-1.3925753034115695e-07,4.777828999160662e-08,-0.5226786045895673,-4.4972293467060616e-08,2.5683365715836434e-08,-0.24215739344606033
60.0,-4.132576122711062e-06,1.5312610658418664e-06,-0.44174212190574247,-4.505542424296537e-07,8.479076171681317e-07,-0.05448646215855374,-1.373592038033409e-06,7.369309866772009e-07,-0.2308196242744763,1.4916648961372492e-07,5.998184586519393e-07,0.029118628737200454,2.499343670074602e-07,6.272988920662289e-07,0.05795323202451663,-4.390186501320968e-07,5.394975802033741e-07,-0.10661509924533728,-9.161443831832964e-08,3.7536986737688085e-07,-0.025942791607055947,7.945046528602898e-07,5.131999324788439e-07,0.23799973143671893,1.4481021207500176e-07,4.4839452692251217e-07,0.05000211593776572,-1.894813111319168e-08,4.068351801405166e-07,-0.007158483570540685,-8.707494929394695e-07,3.0817676582461883e-07,-0.4080217391138741,-5.17149798304282e-07,3.9553885001967723e-07,-0.26615374358543525,6.43767294758917e-08,2.309581362655484e-07,0.041427216165721426,-1.5551508162646438e-07,1.4889576380814413e-07,-0.1119718981409596,-1.0154855125792077e-07,1.5239608276735189e-07,-0.09288857346919696,-2.6541627992766175e-07,6.156060971079478e-08,-0.6709733912270284,-1.397558132074295e-07,4.8288742727940684e-08,-0.5245488215365157,-4.537034258677058e-08,2.660645162912878e-08,-0.2443007250367221
60.5,-3.5469101290402223e-06,1.4070916441014962e-06,-0.37913871640513913,-4.506058391430627e-08,8.192133767866426e-07,-0.005449270185648112,-1.0985822862298433e-06,7.057144907314665e-07,-0.184606741682351,4.709758571700226e-07,6.516249931089141e-07,0.09193868652826959,2.537893347999945e-07,6.225689532008601e-07,0.05884709806464032,-2.0377660792764615e-07,4.7380551049273156e-07,-0.04948688004836952,6.944211097788967e-08,4.584964991791314e-07,0.01966417353991469,8.326235783476778e-07,5.310429940439444e-07,0.24941853684710077,2.3688739950292164e-07,4.996175960176192e-07,0.08179582810089445,1.3257412841924925e-07,4.142058359184495e-07,0.050085663567486755,-8.765113414927976e-07,3.256169392710787e-07,-0.4107216654259795,-5.123273921928675e-07,3.9064985257589337e-07,-0.26367186803631815,8.409888240350627e-08,2.3430744609159471e-07,0.054118663824485665,-1.5037164492683975e-07,1.4640731956383988e-07,-0.10826858934157152,-9.405848376336289e-08,1.579656418552945e-07,-0.08603725283351023,-2.694300065243513e-07,6.407720528243747e-08,-0.6811201077237441,-1.3966577507504151e-07,4.870089480611875e-08,-0.5242108792702619,-4.605338456528921e-08,2.7539817328834054e-08,-0.24797862652630165
61.0,-2.9275326073271963e-06,1.2959350173418498e-06,-0.31293179544883715,3.642528906849991e-07,7.96903728448484e-07,0.04404986009548175,-8.165664886705122e-07,6.836373125931585e-07,-0.13721655694794566,7.822172119831213e-07,7.032343049188829e-07,0.1526957740077353,2.459175682387654e-07,6.142155152373942e-07,0.057021841620607056,2.9880380543611964e-08,4.0963637822045144e-07,0.007256410943332558,2.3138499191909298e-07,5.531061004384407e-07,0.06552212442213223,8.503336974826928e-07,5.42964457090652e-07,0.2547237337174671,3.240553178549022e-07,5.460580930864699e-07,0.11189439847818236,2.8309742972844614e-07,4.24717403270966e-07,0.10695241063444488,-8.774989071424381e-07,3.4183562547440844e-07,-0.41118442567691593,-5.039874274715531e-07,3.828419113439222e-07,-0.2593796632646511,9.826320814230427e-08,2.3677767326592566e-07,0.06323358141971115,-1.4779275073349702e-07,1.4388510807797112e-07,-0.10641176828657653,-8.735752919844776e-08,1.630984494332177e-07,-0.07990775021918002,-2.738882807439791e-07,6.664586525154908e-08,-0.692390642345731,-1.3904103845155847e-07,4.905749809471041e-08,-0.5218660404252948,-4.703018706901632e-08,2.846497829843412e-08,-0.2532383082098118
61.5,-2.2858291244770527e-06,1.2069302623352513e-06,-0.24433839275488586,7.682730439288616e-07,7.828071804554222e-07,0.09290885800948286,-5.336495417684253e-07,6.732237808618819e-07,-0.08967494227877755,1.076996904610352e-06,7.526365671919929e-07,0.2102393982567611,2.2519458539612213e-07,6.026432975712646e-07,0.0522167247921401,2.566190029017714e-07,3.5161997186585346e-07,0.06231958586356101,3.911987796756243e-07,6.513659253603459e-07,0.11077717229238102,8.46266309350753e-07,5.483855609418622e-07,0.2535053175891719,4.0438451460157523e-07,5.864607529882233e-07,0.13963159844053308,4.2970609114707855e-07,4.3788791879928525e-07,0.16234023161767547,-8.740074914793224e-07,3.563039153268954e-07,-0.4095483943012044,-4.923708132720766e-07,3.7227710627070276e-07,-0.2534011143662152,1.064792927558373e-07,2.382317641316591e-07,0.06852073278778671,-1.4794471680184408e-07,1.41779210134246e-07,-0.10652118487143683,-8.184473412529898e-08,1.675629857841495e-07,-0.07486508182234394,-2.788592445833452e-07,6.924629244290987e-08,-0.7049572583267681,-1.379371376894166e-07,4.9408946934192484e-08,-0.5177227434089816,-4.8310268345167593e-08,2.936381505808829e-08,-0.26013102195275095
62.0,-1.6334567197840388e-06,1.1488131858656596e-06,-0.1746045604515644,1.1580358833282981e-06,7.777508376995785e-07,0.14004368929023284,-2.561047409487898e-07,6.754835949077447e-07,-0.043036067801722325,1.349911485840294e-06,7.981691721708041e-07,0.26351475781226286,1.9080061964298627e-07,5.882578553075829e-07,0.044241665173887335,4.713460624594679e-07,3.0622998510881764e-07,0.11446576862485126,5.458231435126774e-07,7.481924080559031e-07,0.1545627122359872,8.19517266563168e-07,5.471595001005895e-07,0.24549244444020363,4.760141746124762e-07,6.198033053128542e-07,0.1643648994496689,5.694434427136554e-07,4.529075090955322e-07,0.21513211538735205,-8.664392007240886e-07,3.685846037300679e-07,-0.406001992975554,-4.777295391321933e-07,3.5921016365860656e-07,-0.2458659090234535,1.0844380315370144e-07,2.3857607267949137e-07,0.06978491935915646,-1.5096731595449473e-07,1.4059743046149954e-07,-0.10869747646259242,-7.790465859193051e-08,1.7114517175232384e-07,-0.07126101272316085,-2.8441375633083006e-07,7.186159200507614e-08,-0.718999085696348,-1.3642988090689719e-07,4.980366796484614e-08,-0.5120655206367882,-4.9900507778563406e-08,3.021886922414155e-08,-0.26869381042668816
62.5,-9.819815321995906e-07,1.1275591050713568e-06,-0.10496663408622908,1.524436442803714e-06,7.815302581231164e-07,0.184353271441925,1.0051312681804123e-08,6.896604295919425e-07,0.0016890314973002757,1.5957141528735613e-06,8.384714349983358e-07,0.31149762998744107,1.421049814553141e-07,5.714800665631388e-07,0.032950422387784846,6.691764930192309e-07,2.8125943145107074e-07,0.16250862735427113,6.923636625495177e-07,8.398992415787653e-07,0.19605912063127776,7.695921054302216e-07,5.395405859374272e-07,0.23053699402364633,5.372867070334413e-07,6.453099162953837e-07,0.18552194511663322,6.995115017796203e-07,4.687252876710248e-07,0.2642710018724472,-8.552315671630861e-07,3.783277877510025e-07,-0.4007502435642808,-4.6043248181778845e-07,3.439977445639283e-07,-0.23696389151839795,1.0393424907532319e-07,2.3774985613473976e-07,0.06688296591826369,-1.568942424580958e-07,1.4083279724409423e-07,-0.11296490315722137,-7.585348317530323e-08,1.7366774607682975e-07,-0.06938475987636572,-2.9060213446753924e-07,7.44757613890284e-08,-0.7346433297710319,-1.34586794182489e-07,5.028561975396977e-08,-0.505147819347018,-5.180140217282515e-08,3.1016567070175955e-08,-0.2789293487157862
63.0,-3.425800321994427e-07,1.1440023631067998e-06,-0.03661929649998612,1.8589856982558672e-06,7.928696936147128e-07,0.22481100911423674,2.590371511784624e-07,7.133601657511744e-07,0.043528832617395485,1.8096810947548792e-06,8.725428785574664e-07,0.3532658847664486,7.874815129344516e-08,5.527409414861573e-07,0.01825963327114012,8.456174556548396e-07,2.821007655791838e-07,0.2053570820535832,8.279794258066894e-07,9.235718994851021e-07,0.23446192644871766,6.965168399874261e-07,5.262347170723905e-07,0.2086467590357959,5.86771028853684e-07,6.62424973948342e-07,0.20260859088078664,8.173819717850239e-07,4.841396671903203e-07,0.30880171669308487,-8.408610930111379e-07,3.852636442695341e-07,-0.39401642872670334,-4.407197390913689e-07,3.271106731624118e-07,-0.22681862937157585,9.272802632067711e-08,2.3574253630818402e-07,0.05967162392811487,-1.657451566812301e-07,1.429350246019926e-07,-0.11933762055210144,-7.592500053567886e-08,1.7500120539552807e-07,-0.06945017829446508,-2.9747319207097137e-07,7.707794265998216e-08,-0.7520133902011894,-1.3246750792509021e-07,5.089467419133055e-08,-0.4971934517732907,-5.400021313866153e-08,3.174023803132253e-08,-0.29076904580745316
63.5,2.737372360103695e-07,1.1933533797572877e-06,0.02926050576910041,2.1536278829590435e-06,8.098530823057119e-07,0.2604427016726522,4.855342243468073e-07,7.432333619018985e-07,0.08158960166701512,1.987706080963403e-06,8.995712107627807e-07,0.38801794934057043,5.977134941153009e-10,5.325103267036438e-07,0.00013859410061688174,9.96723593113896e-07,3.0707785890485727e-07,0.24205300792581994,9.500095068702213e-07,9.968817735168303e-07,0.2690176255386717,6.007582768937031e-07,5.084494169109798e-07,0.1799615748559119,6.232767434414692e-07,6.708144504086068e-07,0.21521379977492186,9.205322898735777e-07,4.980040818636987e-07,0.34777125162621,-8.23809556665025e-07,3.892280457583453e-07,-0.38602630347148476,-4.1904867385950115e-07,3.0909097358438275e-07,-0.21566550670217072,7.478251019201285e-08,2.3259430400234188e-07,0.04812346387214276,-1.7734380038984032e-07,1.4715426409337524e-07,-0.12768872154070665,-7.829329766571028e-08,1.7504535795796678e-07,-0.07161650897308865,-3.0503872574730177e-07,7.966030408132042e-08,-0.7711390888532587,-1.3014797469948083e-07,5.166049275121445e-08,-0.4884874924855556,-5.648811064834564e-08,3.2383264820082534e-08,-0.304165355616454
64.0,8.566194019847486e-07,1.2671727361636454e-06,0.09156634047677965,2.401058871517362e-06,8.301745780240621e-07,0.2903650460328683,6.847231337103248e-07,7.756362295808175e-07,0.1150614826519656,2.1262133108086593e-06,9.190957569635351e-07,0.41505579553327865,-9.21478736649302e-08,5.113029989101517e-07,-0.021366677848309455,1.1190205360400176e-06,3.4862395819826444e-07,0.27175265896239115,1.0559297961531675e-06,1.057852523478908e-06,0.29901145666689005,4.833989080162419e-07,4.879386184323964e-07,0.14480570991054928,6.459336909263629e-07,6.704014530039676e-07,0.22303711070515353,1.0070258247153768e-06,5.091240324337364e-07,0.3804479596574282,-8.04647592575361e-07,3.9016076032122507e-07,-0.3770472595833182,-3.958031956438558e-07,2.9061404623832203e-07,-0.20370210447555429,5.020753294795661e-08,2.284019720685626e-07,0.032309164157857666,-1.9151331371901517e-07,1.5361893372304282e-07,-0.13789086583827515,-8.304433485843725e-08,1.7377145753119346e-07,-0.07596238158145915,-3.1330045264567625e-07,8.22156146922354e-08,-0.7920247666869797,-1.2767923615197322e-07,5.259891366894593e-08,-0.4792215173103058,-5.9250557981811003e-08,3.294043092786701e-08,-0.3190400038550179
64.5,1.396627374827294e-06,1.3559294857639936e-06,0.1492892379349865,2.5953091141470748e-06,8.516335590908244e-07,0.3138561321166626,8.523144383057669e-07,8.070638596581444e-07,0.14322367410858816,2.2225305056213896e-06,9.309569301007855e-07,0.433857770722366,-1.9904587285883424e-07,4.896964926789136e-07,-0.046153523388666844,1.2096389653492703e-06,3.986074495620542e-07,0.29375922481410505,1.1435347348906153e-06,1.1049121175626959e-06,0.32381886378668895,3.4587645003493636e-07,4.670531930300957e-07,0.10360984284012234,6.542911670887859e-07,6.613001520549675e-07,0.22592289815089076,1.0749970923561076e-06,5.165086324328867e-07,0.406127072798895,-7.838837712760561e-07,3.8811915929378933e-07,-0.36731760651330364,-3.714038118538777e-07,2.7245634304265395e-07,-0.19114483894403125,1.916287890540237e-08,2.2332155800183833e-07,0.012331547955833013,-2.0802490133063004e-07,1.6217804407562248e-07,-0.1497793192722259,-9.018751820612447e-08,1.7118703696245324e-07,-0.08249640006794973,-3.2223545436542683e-07,8.47390882307255e-08,-0.8146124858960438,-1.2512309000017775e-07,5.371401035696787e-08,-0.4696274730925578,-6.226130818557083e-08,3.341062975064734e-08,-0.3352516614213299
65.0,1.8850790882587634e-06,1.4510368197305344e-06,0.20150114884303366,2.73083091759438e-06,8.721475064016049e-07,0.3302450658338797,9.848553043282938e-07,8.345408294292286e-07,0.16549595878208834,2.2747093344996357e-06,9.353311473336094e-07,0.44404354334450163,-3.1923723879908345e-07,4.6838168398223114e-07,-0.07402275242298743,1.2663723516132925e-06,4.5097252914808395e-07,0.30753685272408754,1.2107584071690374e-06,1.1366417178220189e-06,0.342854834022302,1.902315268727785e-07,4.4864446685997347e-07,0.05698525759858537,6.481385549940495e-07,6.439243838206265e-07,0.22379843732127902,1.1230275949911143e-06,5.192566889932814e-07,0.4242726915907206,-7.62040134030277e-07,3.832909189165319e-07,-0.3570819659187762,-3.4627585803561796e-07,2.555201638447262e-07,-0.1782126111846834,-1.8082234587832287e-08,2.1755192771715523e-07,-0.011636140063777866,-2.2650119882956557e-07,1.72517703914849e-07,-0.16308237695599476,-9.967649554813949e-08,1.6736801448760629e-07,-0.09117616514645503,-3.3180907987755964e-07,8.723175780778449e-08,-0.8388146485439572,-1.2252657344440267e-07,5.4993848282645485e-08,-0.45988190567626475,-6.549468785948985e-08,3.3796772385270595e-08,-0.352662087563621
65.5,2.3145818780416647e-06,1.5455185765498122e-06,0.24741185153534562,2.8036464542756795e-06,8.903350923297478e-07,0.3390508002168155,1.0796319971638023e-06,8.556669019767139e-07,0.18142231830117098,2.2816097027208036e-06,9.327544678990401e-07,0.44539055674477995,-4.516382187704226e-07,4.4818059341234555e-07,-0.10472307108834075,1.2876796188748674e-06,5.016939395104036e-07,0.3127112944318742,1.2558992675832598e-06,1.1521823094583126e-06,0.3556375346117032,1.895397168974002e-08,4.358763465090177e-07,0.005677802081557533,6.275030787710207e-07,6.189435554152182e-07,0.21667312854816237,1.1499431182925018e-06,5.166476835852301e-07,0.43444120531877617,-7.395360662099819e-07,3.760122911177015e-07,-0.346536856259078,-3.2088008073604217e-07,2.4078467977462306e-07,-0.16514254672423645,-6.11656838102145e-08,2.1135931952516096e-07,-0.03936086883815443,-2.4655696659686305e-07,1.8421754685691982e-07,-0.17752266378921994,-1.1136554845800426e-07,1.624623109586281e-07,-0.10186838513928939,-3.4196496056658957e-07,8.969585583771303e-08,-0.8644887545508408,-1.1993246753743125e-07,5.640862336758863e-08,-0.4501453862055281,-6.892315846736865e-08,3.410644707796014e-08,-0.3711229985358055
66.0,2.6788930499698523e-06,1.6340417079502631e-06,0.2863540477207,2.8105282391763917e-06,9.047936378007657e-07,0.33988302878613036,1.1346778913999127e-06,8.687086500505709e-07,0.1906722791873905,2.24298871781934e-06,9.241472691306241e-07,0.43785139614830193,-5.948954613939165e-07,4.300658877268412e-07,-0.13794067265453117,1.2728388728476147e-06,5.480680098915712e-07,0.30910723886363284,1.2772455492056678e-06,1.150726174494663e-06,0.36168223832741503,-1.652795041617263e-07,4.3160407734622026e-07,-0.04951069507380478,5.930194685947751e-07,5.873253263600216e-07,0.2047661404340071,1.1550586744835681e-06,5.082038802626301e-07,0.4363738299522648,-7.169538754951608e-07,3.6673872610565513e-07,-0.3359551392403774,-2.9561185644567517e-07,2.2923375952590672e-07,-0.1521381280612312,-1.0961673860289227e-07,2.050773290482029e-07,-0.07053971772803387,-2.6769226306394314e-07,1.9680604953025958e-07,-0.19274021850121356,-1.2505216540602838e-07,1.5667957134056665e-07,-0.11438781853516594,-3.526260752265008e-07,9.213934867666963e-08,-0.8914400940073747,-1.1738470819180815e-07,5.792279695905313e-08,-0.44058282038709096,-7.250909061745519e-08,3.4350546400766157e-08,-0.39043177546476965
66.5,2.9730376146366745e-06,1.7128472886559427e-06,0.3177959474666923,2.750224966126122e-06,9.151092208750357e-07,0.3325904284826198,1.1491365010270766e-06,8.726758912551136e-07,0.19310191677210697,2.1595701934665426e-06,9.107834169743214e-07,0.42156735643720905,-7.472452188165354e-07,4.15159282124003e-07,-0.1732665902004296,1.221764305042593e-06,5.882475004148299e-07,0.2967038475411761,1.2739563271325857e-06,1.1320843686821825e-06,0.3607508174252337,-3.593405135529849e-07,4.377061594542591e-07,-0.10764310241866124,5.453130218513537e-07,5.505125419733875e-07,0.188293384494613,1.1380345019433144e-06,4.935980860532507e-07,0.42994220570903735,-6.946519448921242e-07,3.561086279325268e-07,-0.3255047484172609,-2.710714799481293e-07,2.2173584173162974e-07,-0.13950829992394004,-1.6289342430984495e-07,1.9908507967664317e-07,-0.10482391938511966,-2.893011814644806e-07,2.0979642809075624e-07,-0.20829878417070255,-1.4050251717875674e-07,1.5033256910214722e-07,-0.12852057688561136,-3.637160972801352e-07,9.457102830020795e-08,-0.9194757130287009,-1.1490329817549046e-07,5.9484855742062175e-08,-0.43126928508622697,-7.622672723446446e-08,3.4546941440953986e-08,-0.4104497270423109
67.0,3.1934696464472603e-06,1.779244249858501e-06,0.34135851729640976,2.6232440709028686e-06,9.214091987793376e-07,0.31723436457091153,1.1228635767398486e-06,8.672134132053624e-07,0.18868699127410243,2.0329384403957483e-06,8.943422973271316e-07,0.39684770919232254,-9.067062636244826e-07,4.046529326716207e-07,-0.21024142899221113,1.1352276105065362e-06,6.209604682032315e-07,0.275688525587202,1.244946042741464e-06,1.0961850946870855e-06,0.3525358703466385,-5.599275864706006e-07,4.544917131801785e-07,-0.16773044024884626,4.856491561298321e-07,5.10292700000486e-07,0.16769180199325148,1.098844415450418e-06,4.7279964193290257e-07,0.4151364399788143,-6.731406915030245e-07,3.4491060496908765e-07,-0.31542485851837604,-2.476618333892526e-07,2.188036600447031e-07,-0.1274604076341494,-2.2031057014664988e-07,1.9377699581689065e-07,-0.14177255799359137,-3.1080604663119404e-07,2.2272016301636987e-07,-0.2237824308164086,-1.5738303149470298e-07,1.438074846885266e-07,-0.14396153468176998,-3.7514138162238503e-07,9.700354981187267e-08,-0.9483588764237337,-1.1252609939183514e-07,6.104467586812914e-08,-0.4223468882863624,-8.003265929774465e-08,3.471232833960983e-08,-0.43094311345925573
67.5,3.3384637708539028e-06,1.8315626943814602e-06,0.35685732730677133,2.431079871213544e-06,9.237321722493185e-07,0.2939955480010378,1.056464737415225e-06,8.526970432308808e-07,0.17752927142657504,1.865218237579744e-06,8.768085748670292e-07,0.3641072302136054,-1.0710728552525887e-06,3.9969567516688057e-07,-0.24835373557795684,1.0147288032024034e-06,6.453291901640664e-07,0.24642554941111167,1.190300171076949e-06,1.0434516781895741e-06,0.33706160136894187,-7.636583022122819e-07,4.806662082356138e-07,-0.22875947948400988,4.153922904403586e-07,4.691366276285048e-07,0.14343251880257707,1.0378911896771314e-06,4.4604163582238153e-07,0.392108698474231,-6.528618001792078e-07,3.340449567288129e-07,-0.3059224372452808,-2.2583315605623827e-07,2.205348026260841e-07,-0.1162261691045195,-2.8118146602775553e-07,1.895606176536903e-07,-0.18094372717844465,-3.314902463697918e-07,2.351585103659704e-07,-0.2386751928690339,-1.7534907708995586e-07,1.375709200379098e-07,-0.1603954505333801,-3.8681013543438615e-07,9.945311670213632e-08,-0.9778575315882383,-1.1025827673293966e-07,6.254495992832306e-08,-0.4138350154999917,-8.38847435511729e-08,3.486479649744604e-08,-0.4516850105303496
68.0,3.4071886382518003e-06,1.8691352503902888e-06,0.3642035123135516,2.1758566327709906e-06,9.234381148364459e-07,0.26313087064633517,9.519622137260273e-07,8.305038255353538e-07,0.15996857466525,1.6595888215530106e-06,8.604016262208675e-07,0.3239665348185798,-1.2378595871038298e-06,4.0119588370159354e-07,-0.28702720927954384,8.624421387488023e-07,6.609264108352002e-07,0.20944293411771406,1.1096917977291858e-06,9.746144072275042e-07,0.3142354369571868,-9.669198677787527e-07,5.138706023288901e-07,-0.28964798132231667,3.3600208199108823e-07,4.301063886210082e-07,0.11601954598579958,9.558219447818438e-07,4.139085604901936e-07,0.3611034590804322,-6.341385826562695e-07,3.245370520920196e-07,-0.29714898421721486,-2.0595831599968782e-07,2.264891118463207e-07,-0.10599748275182705,-3.447145458610701e-07,1.8683123547535314e-07,-0.2218280444365062,-3.5064230385751954e-07,2.467489397261317e-07,-0.25246480226110923,-1.9404621882281518e-07,1.3215052887578663e-07,-0.1774981152391085,-3.986176393747294e-07,1.019323050682647e-07,-1.0077069476185507,-1.0811737880059461e-07,6.392739171439872e-08,-0.4057995323120776,-8.776611109882165e-08,3.502579131652113e-08,-0.47258458615535454
68.5,3.4000733132516797e-06,1.891948261583353e-06,0.3634429361813108,1.8619395027532815e-06,9.218072805853702e-07,0.22516821883909524,8.116337453843388e-07,8.027592421812577e-07,0.13638765439141431,1.4199015968200056e-06,8.473635805353837e-07,0.2771774515055397,-1.4044129301602357e-06,4.096406675071216e-07,-0.3256465662338386,6.813458609704453e-07,6.676549121537225e-07,0.16546394228561032,1.0038748045931373e-06,8.908509337401011e-07,0.28427085657221335,-1.1662626940069662e-06,5.512413809715557e-07,-0.34936259587535956,2.493652644573411e-07,3.970371740675928e-07,0.08610436160254775,8.53735369459956e-07,3.775101647155772e-07,0.32253579940735094,-6.173862169721068e-07,3.173858429871746e-07,-0.28929904639221654,-1.884273563780393e-07,2.3585357043260553e-07,-0.09697508624844195,-4.101082291336664e-07,1.8591075235167702e-07,-0.2639096828617867,-3.6742962144340084e-07,2.5718819879901297e-07,-0.26455178311934624,-2.1305833798391382e-07,1.280916677014707e-07,-0.19488889635439388,-4.1046374474283367e-07,1.0446165249995272e-07,-1.0376539482088534,-1.0611814436330333e-07,6.514472198584018e-08,-0.39829575809339907,-9.162702785087327e-08,3.5216994420708263e-08,-0.4933740426164497
69.0,3.3196151975613075e-06,1.9005792073243358e-06,0.3548425528624703,1.4942970248990584e-06,9.205286979028602e-07,0.18070844891337173,6.390696247485295e-07,7.727957161894446e-07,0.10738982651710618,1.1507768942606656e-06,8.398419761478554e-07,0.2246419100570006,-1.5679517242409504e-06,4.249858726670711e-07,-0.3635669282546663,4.7510868583038517e-07,6.657822394587333e-07,0.11537951674009071,8.734634544379428e-07,7.938822244266349e-07,0.24734180322239746,-1.3581977774896965e-06,5.899647777197482e-07,-0.40685816642704864,1.574215203385413e-07,3.740528119109622e-07,0.054356726630510256,7.329329071826818e-07,3.3865014038143965e-07,0.27689739653126566,-6.029910743045003e-07,3.135103175337717e-07,-0.28255367221324196,-1.735891651533311e-07,2.476505865260956e-07,-0.08933853653800587,-4.764908236533378e-07,1.869993508807395e-07,-0.30662769782148913,-3.8109542075618326e-07,2.6622548023349584e-07,-0.2743912499585886,-2.319730466886272e-07,1.258840988940329e-07,-0.21219057409772046,-4.222535341263001e-07,1.0706200944016164e-07,-1.0674585817702644,-1.0428405205929996e-07,6.615440164192597e-08,-0.3914118157759069,-9.545594778618226e-08,3.545312002149907e-08,-0.5139912093154796
69.5,3.1688163871754403e-06,1.896136164013869e-06,0.3387232644325177,1.080353342907738e-06,9.210772925886494e-07,0.1306493780166773,4.3772555671048125e-07,7.445988268352993e-07,0.07355579075713295,8.569608819868191e-07,8.393653516497805e-07,0.16728640480510473,-1.725573283101374e-06,4.466411808696448e-07,-0.4001152384453632,2.478168458614794e-07,6.559894659486657e-07,0.06018199365388744,7.200310220916562e-07,6.85986614144078e-07,0.20389378682685255,-1.5393489064233426e-06,6.275757501063378e-07,-0.4611233238184524,6.211791052174913e-08,3.646458962695521e-07,0.021448949761302384,5.951019218622373e-07,3.0027180463642224e-07,0.22482572581958668,-5.912039001700022e-07,3.135766729533852e-07,-0.2770303577254432,-1.6175215214677797e-07,2.60869760289837e-07,-0.08324655828548816,-5.429654101048458e-07,1.9017880068680307e-07,-0.34940491071927765,-3.9105828357697574e-07,2.7376761933006115e-07,-0.28156457777538274,-2.5037261078127257e-07,1.258511297122095e-07,-0.2290210383421582,-4.339051373083189e-07,1.0975006161700111e-07,-1.0969138800752576,-1.0261469084574797e-07,6.691942178012294e-08,-0.385146162582735,-9.920451973342249e-08,3.5751119362798963e-08,-0.5341757349846804
70.0,2.952830582001776e-06,1.8801913493471277e-06,0.31563596366760316,6.268832697267802e-07,9.256176932493895e-07,0.07581029837740706,2.1251241540701957e-07,7.2324334106179e-07,0.03571077475677434,5.438633966390831e-07,8.46924787218869e-07,0.1061669840960655,-1.8744493058555378e-06,4.7360448486413133e-07,-0.434635687925213,4.3062663669359146e-09,6.39306976544493e-07,0.0010457710986756202,5.450931722415834e-07,5.706212980735223e-07,0.1543560036329248,-1.7065163378684184e-06,6.619425515518105e-07,-0.5111995614410536,-3.4530945568334794e-08,3.702190887357642e-07,-0.011923332747101308,4.420657508324841e-07,2.669623047314533e-07,0.16700963253467946,-5.823361017868935e-07,3.1789710919898816e-07,-0.27287502424810434,-1.5319112548450167e-07,2.746020607450625e-07,-0.07884058287455142,-6.08590345037381e-07,1.9533989131871613e-07,-0.39163536242822394,-3.966091821185048e-07,2.7967938596135764e-07,-0.2855612618241736,-2.678616829419206e-07,1.2810755355932817e-07,-0.24501865666540068,-4.4531659358015404e-07,1.1254857738501815e-07,-1.1257620860543291,-1.0114110035917947e-07,6.741242157120277e-08,-0.3796153003207863,-1.028772138610765e-07,3.6118003730232805e-08,-0.5539516896517189
70.5,2.6770684032828315e-06,1.85453207751395e-06,0.28615900635296254,1.4232506830614953e-07,9.3554419176784e-07,0.01721166669446547,-3.1869402950385785e-08,7.136942802011648e-07,-0.0053553627359341285,2.1699600833444553e-07,8.624777488695581e-07,0.04235955555773697,-2.0117625187080595e-06,5.046080370140898e-07,-0.466475024706923,-2.5038280537809863e-07,6.171492919439229e-07,-0.06080513353289158,3.510309966864587e-07,4.533149620188054e-07,0.0994027160108881,-1.856865104952871e-06,6.914061910912159e-07,-0.5562376440490278,-1.305517863353264e-07,3.893162441740493e-07,-0.045078765252000476,2.7600348558183956e-07,2.4535675764046333e-07,0.10427236359864714,-5.765223493403802e-07,3.2631992416349304e-07,-0.27015077645555485,-1.480909603572842e-07,2.8804570199897585e-07,-0.07621575725156214,-6.724917423966956e-07,2.0227194818896386e-07,-0.43275669653835996,-3.97127093434021e-07,2.8391428529736763e-07,-0.2859341614327551,-2.8405978193433617e-07,1.3251260100028908e-07,-0.25983539496131963,-4.5639788154325186e-07,1.1547718459988806e-07,-1.1537756252607014,-9.98631329051639e-08,6.761552281740344e-08,-0.37481867464503765,-1.0644491989269884e-07,3.656287952304746e-08,-0.5731623263925879
71.0,2.3487465742273536e-06,1.821448389441683e-06,0.251063807346732,-3.6333051146586845e-07,9.517872553712092e-07,-0.04393831485700396,-2.8994673476442985e-07,7.201673698513244e-07,-0.04872290645609373,-1.1798850486710772e-07,8.852344547421242e-07,-0.02303240813254722,-2.134809102303547e-06,5.383100328531651e-07,-0.49500630391559824,-5.106316259383255e-07,5.91394248489016e-07,-0.12400621581985571,1.4029779217413818e-07,3.451808977967068e-07,0.039728632867418893,-1.9877875877488396e-06,7.145433143847307e-07,-0.5954564398512825,-2.2399517313062983e-07,4.183135246906907e-07,-0.07734421803468325,9.914887217032722e-08,2.425220260712767e-07,0.03745781408356386,-5.739871199801494e-07,3.3841518821427493e-07,-0.2689628013823545,-1.4669571215667946e-07,3.0056660749203373e-07,-0.0754976857507331,-7.336781059080487e-07,2.1064469707131486e-07,-0.4721308730182086,-3.921537033613236e-07,2.8648817340133147e-07,-0.2823532873412447,-2.986172994083536e-07,1.387149811244642e-07,-0.2731514591952632,-4.670621865638883e-07,1.1854872571666999e-07,-1.1807350299615964,-9.881116775838298e-08,6.752225190833964e-08,-0.37087030881053445,-1.098989569362099e-07,3.7083207885614224e-08,-0.5917609021564724
71.5,1.9754582775533142e-06,1.7830562378422606e-06,0.2111620222715198,-8.817661728759933e-07,9.751118059297296e-07,-0.10663381827683457,-5.560248964209207e-07,7.447799555696063e-07,-0.09343491671870767,-4.557176903600549e-07,9.137019702291482e-07,-0.08896015632553937,-2.241151240897682e-06,5.733608727742117e-07,-0.5196642599450917,-7.707630116754617e-07,5.642460898195163e-07,-0.1871787792151625,-8.408985794426998e-08,2.710339143258065e-07,-0.02381202898756045,-2.0972852781568646e-06,7.305107673573674e-07,-0.6282572809995766,-3.131112327611438e-07,4.5288649614113705e-07,-0.10811547015641831,-8.601002018811436e-08,2.617387441672026e-07,-0.03249403926648145,-5.747522448061243e-07,3.533454623551744e-07,-0.2693213287942737,-1.490792377680427e-07,3.1161889183345144e-07,-0.07672437918941608,-7.913418277312164e-07,2.200503565461808e-07,-0.5092381863026306,-3.812527955537025e-07,2.874558101584332e-07,-0.2745045608646016,-3.1126878598556253e-07,1.4626816466755033e-07,-0.28472403729573087,-4.772297816579127e-07,1.2177886727623445e-07,-1.206438750030012,-9.799370919721497e-08,6.713497867289875e-08,-0.3678021221278154,-1.1322817320749906e-07,3.767461788916314e-08,-0.6096873691502912
72.0,1.5655372203494917e-06,1.7417036519000741e-06,0.16734446338181938,-1.402129973961314e-06,1.0052383317129222e-06,-0.16956249564012302,-8.247095169640154e-07,7.870396774271328e-07,-0.13858491864422767,-7.904364622755794e-07,9.459306855024024e-07,-0.15430024494744823,-2.328496577301919e-06,6.084100367351577e-07,-0.5399173552176721,-1.0250171560926164e-06,5.382383794197886e-07,-0.24892406231968872,-3.1898450162507705e-07,2.6990550921244923e-07,-0.09032799418347025,-2.1836342907394935e-06,7.38582058955283e-07,-0.6541237648905216,-3.962504967508671e-07,4.890316438229349e-07,-0.13682296983773595,-2.766764877484326e-07,3.0014405095752656e-07,-0.10452661954208109,-5.788509992987368e-07,3.702277883792665e-07,-0.27124195114299415,-1.554018099033203e-07,3.2078839904495513e-07,-0.07997832272455979,-8.447023429991395e-07,2.3018803277840333e-07,-0.5435763333118906,-3.6408053021322676e-07,2.869281927063917e-07,-0.2621404150502957,-3.217204469228377e-07,1.5467288076539765e-07,-0.29428438909613625,-4.868327495287028e-07,1.2517450592331426e-07,-1.2307150902750952,-9.741200170285571e-08,6.647327351023948e-08,-0.3656187855377859,-1.1641438269525431e-07,3.8327330634663876e-08,-0.6268438031465481
72.5,1.1280296691801033e-06,1.6995069920098236e-06,0.1205781103215001,-1.9149982069441893e-06,1.0418760673831679e-06,-0.23158471835420338,-1.0901513045070336e-06,8.441202172617633e-07,-0.18318999203642988,-1.116816179397712e-06,9.798598680886035e-07,-0.21801247572288804,-2.3949560295942465e-06,6.422965294416126e-07,-0.5553275611250678,-1.2676932597524579e-06,5.160033351312113e-07,-0.3078576335207774,-5.609313103457958e-07,3.4503172353029473e-07,-0.1588409464413243,-2.2458688497967958e-06,7.385652788361559e-07,-0.6727665862867169,-4.719143919194998e-07,5.234685227711055e-07,-0.16294926855875022,-4.701819117220183e-07,3.5164337568060935e-07,-0.17763173951673883,-5.862221104168555e-07,3.8807147384639635e-07,-0.2746959566887952,-1.65699761084649e-07,3.277319677341599e-07,-0.08527821507133786,-8.929954260585942e-07,2.406542243185868e-07,-0.5746535254510531,-3.404395897171116e-07,2.850632140200531e-07,-0.24511877989116898,-3.298010173897477e-07,1.6346857950802445e-07,-0.3016758550913741,-4.958045709888923e-07,1.287443972311829e-07,-1.253395889931648,-9.709143085520261e-08,6.556525602114457e-08,-0.364415579341949,-1.194560224377339e-07,3.903139777410401e-08,-0.643221788235974
73.0,6.71710297466226e-07,1.658422516474744e-06,0.07180091141648746,-2.410480473027938e-06,1.08382845336011e-06,-0.29150441991027465,-1.3468711067277747e-06,9.119004780314898e-07,-0.22632941527977288,-1.4300637161423208e-06,1.0134398595207054e-06,-0.27916118780245125,-2.439043388974033e-06,6.738515978137832e-07,-0.5655502647815391,-1.4933254093247824e-06,4.999652173416857e-07,-0.36265210298660533,-8.062863907534382e-07,4.592388870640635e-07,-0.22831903131077458,-2.2833203626402864e-06,7.305171897750784e-07,-0.6839854633147625,-5.387514193503643e-07,5.536842988231998e-07,-0.18602770167921823,-6.636093635839534e-07,4.106279194319119e-07,-0.2507074021229164,-5.9663508888311e-07,4.059195945935615e-07,-0.2795753411933026,-1.7997066185641535e-07,3.3220666357344353e-07,-0.09262280589820514,-9.356189682170683e-07,2.5115079023430967e-07,-0.6020822983807047,-3.1025906356310535e-07,2.820561742904954e-07,-0.22338859935167668,-3.35351494131409e-07,1.722607856336795e-07,-0.30675299169470566,-5.040696408482871e-07,1.3248837580292524e-07,-1.2742900187838717,-9.704567108499439e-08,6.445642117470122e-08,-0.36424382810680805,-1.223366704541877e-07,3.977464525855052e-08,-0.6587328987736418
73.5,2.063363565473963e-07,1.6198054000552406e-06,0.02205584537611661,-2.8790237547260405e-06,1.1302363997075624e-06,-0.3481663340234776,-1.589521075782759e-06,9.85884303405608e-07,-0.26710453127977,-1.7255123754549881e-06,1.0449476207498625e-06,-0.3368354003129641,-2.4595677308374117e-06,7.020929684669864e-07,-0.5703093219708347,-1.6967897538692042e-06,4.918806296183953e-07,-0.4120631502848556,-1.0514809972885337e-06,5.868691516386288e-07,-0.29775167421375887,-2.295823362990598e-06,7.148608801510988e-07,-0.6877308293296934,-5.956734513055806e-07,5.778321201068501e-07,-0.20568254508048184,-8.540283091167681e-07,4.7288877581793705e-07,-0.32264647014885695,-6.098539923036159e-07,4.2305876523498245e-07,-0.28576954515959546,-1.9813676403201942e-07,3.340982753244737e-07,-0.10197208171006136,-9.721215986989836e-07,2.6139661075635234e-07,-0.6255721894625134,-2.7362499624731705e-07,2.7815348995558953e-07,-0.19701182604408732,-3.383121599519158e-07,1.8073192344234177e-07,-0.30946117434408077,-5.115775051563336e-07,1.364020096483456e-07,-1.2932699290479117,-9.729108952459636e-08,6.319418401765333e-08,-0.3651649629799991,-1.2504548718379356e-07,4.0542373859579315e-08,-0.6733187681610878
74.0,-2.5845738775354555e-07,1.5847986295514249e-06,-0.027627201894968947,-3.3109535234425326e-06,1.1797352505174663e-06,-0.4004004998176183,-1.8130886241540207e-06,1.0617148904047964e-06,-0.30467302038436783,-1.999275901669717e-06,1.0730108984750682e-06,-0.390276481498668,-2.455888721882707e-06,7.26137164867639e-07,-0.5694562561755017,-1.873318315718786e-06,4.92499739793424e-07,-0.4549328783375633,-1.2925783066098686e-06,7.162831485080443e-07,-0.3660240706564699,-2.2836879950157773e-06,6.924039159061596e-07,-0.6840955903056105,-6.417622173923285e-07,5.946063156652339e-07,-0.22159672538776942,-1.038640012923883e-06,5.353882818075758e-07,-0.39239159914011135,-6.254997686265243e-07,4.3887909560818614e-07,-0.2931009497906901,-2.199867335967925e-07,3.33412470278537e-07,-0.1132172783938092,-1.0020029483436972e-06,2.7117015371320686e-07,-0.6448012049955039,-2.3081509407573818e-07,2.73617863505119e-07,-0.16618841036473786,-3.3865704554064617e-07,1.8865861385517838e-07,-0.30977664837054797,-5.182656560920566e-07,1.4046618114048246e-07,-1.310177600708457,-9.782608498020842e-08,6.183581892105064e-08,-0.3671729741627052,-1.2756222261907168e-07,4.131805508429921e-08,-0.6868703583962327
74.5,-7.13972722405949e-07,1.5539660232353968e-06,-0.07631845512660987,-3.698625994381558e-06,1.2314011877102868e-06,-0.4472825384903098,-2.0127875795843015e-06,1.1356922818299297e-06,-0.3382306099627239,-2.2482084054329167e-06,1.0965406789049035e-06,-0.4388703257090732,-2.4278051481540104e-06,7.452595606169801e-07,-0.5629444111504908,-2.018680534470741e-06,5.013779515840049e-07,-0.4902339011394396,-1.5261585875803873e-06,8.414605667238194e-07,-0.43216784301340144,-2.2477092796552054e-06,6.642894274588174e-07,-0.6733179006313877,-6.762527728527035e-07,6.03170812619775e-07,-0.23350611166775348,-1.2146783963928797e-06,5.957853154189266e-07,-0.4588977821678415,-6.434166547291031e-07,4.528490311463802e-07,-0.3014965665396597,-2.453268484684698e-07,3.302534211546192e-07,-0.12625869590590424,-1.0249688755121635e-06,2.8028821104373623e-07,-0.6595800612219694,-1.8219476918645075e-07,2.687249609633163e-07,-0.13118145149524377,-3.364451384868792e-07,1.9588945694477544e-07,-0.3077533709497897,-5.240911617475889e-07,1.4466753341942912e-07,-1.3249045017349124,-9.865158972818284e-08,6.044407065282769e-08,-0.3702713607899583,-1.2987112347005488e-07,4.209010080238949e-08,-0.6993028444603245
75.0,-1.1514586397057204e-06,1.5272552737373418e-06,-0.12308249568470635,-4.033546801952338e-06,1.2840717696911699e-06,-0.48778520873354203,-2.1847019935174088e-06,1.2045414203577018e-06,-0.3671192605465019,-2.4693211083425284e-06,1.1148056199955812e-06,-0.482033496752226,-2.3755463805742283e-06,7.588407398484596e-07,-0.5508269720038528,-2.1294162699846283e-06,5.169826624536775e-07,-0.5171259282281889,-1.7487267707884161e-06,9.586640127800368e-07,-0.49519327984753975,-2.1890640600324863e-06,6.321041666215653e-07,-0.6557502923486596,-6.987748911957116e-07,6.031024237552094e-07,-0.24128286688697725,-1.3793819124201977e-06,6.522831873293861e-07,-0.5211217242784701,-6.632141699124806e-07,4.6464263680128776e-07,-0.31077342129611324,-2.7376951694890606e-07,3.248065540449895e-07,-0.14089685823034054,-1.0408081447967587e-06,2.885992947914641e-07,-0.6697728255624712,-1.28313081602089e-07,2.6376188483235353e-07,-0.09238627632149088,-3.3175748025487816e-07,2.0234399415063627e-07,-0.30346547239596616,-5.290169645625854e-07,1.4898594713731704e-07,-1.3373569504701395,-9.976585758134343e-08,5.9085416915085205e-08,-0.3744535688558503,-1.3196021450689232e-07,4.284360520959807e-08,-0.7105517446420022
75.5,-1.5626379459000112e-06,1.5041148456087726e-06,-0.16703455217649102,-4.309087894405289e-06,1.3371206521912313e-06,-0.521106966455995,-2.325282849320747e-06,1.2655467214555646e-06,-0.39074259223322916,-2.6605829542680984e-06,1.12754164562093e-06,-0.5193695143626175,-2.2998039921263575e-06,7.664187471709264e-07,-0.5332642963927812,-2.202941835747421e-06,5.371366609506708e-07,-0.5349815147471467,-1.956806995971766e-06,1.0650208911713974e-06,-0.5541161092461552,-2.1091582565064497e-06,5.97871121374228e-07,-0.6318139192752396,-7.091313196998345e-07,5.943521581812018e-07,-0.24485888083892238,-1.530195811783708e-06,7.033739607711289e-07,-0.5780982574443848,-6.845261580179975e-07,4.740274616699665e-07,-0.3207599381086952,-3.0489253597384226e-07,3.1740433121880614e-07,-0.15691447643753864,-1.0494366324732483e-06,2.95994281942712e-07,-0.6753253633671613,-6.988811980317914e-08,2.5903259999830796e-07,-0.05031991334873255,-3.24744048385491e-07,2.0799552820488765e-07,-0.2970501402873265,-5.330173049449009e-07,1.5340526461094419e-07,-1.347469826564689,-1.011610523693885e-07,5.7820377577762955e-08,-0.37969018667579535,-1.3382362223718593e-07,4.3566647022640376e-08,-0.7205854325886852
76.0,-1.9400761204006657e-06,1.4836161753830554e-06,-0.20737992879904435,-4.519731108702434e-06,1.3900745258000432e-06,-0.5465804887179666,-2.431495670198139e-06,1.3164691034836074e-06,-0.4085906888508768,-2.820433775041205e-06,1.1347852756226486e-06,-0.5505738198033522,-2.2017279375911744e-06,7.676957006420615e-07,-0.5105230287048648,-2.2373013612229826e-06,5.594957038704291e-07,-0.5433256801202977,-2.1473453113491227e-06,1.1586208592747239e-06,-0.608071532645889,-2.0097784400915752e-06,5.640986407570966e-07,-0.6020439619416734,-7.073443600927549e-07,5.772380855792879e-07,-0.2442418541792071,-1.6646867100651235e-06,7.478158782207313e-07,-0.62890806448992,-7.070456442631062e-07,4.808868935470376e-07,-0.3313122726391029,-3.3814255628617245e-07,3.084983766739142e-07,-0.17402676655045382,-1.0508749887694639e-06,3.023900372232199e-07,-0.676250963311299,-7.785596408607592e-09,2.5482745647688124e-07,-0.005605681448472965,-3.1558853517510555e-07,2.128656031256138e-07,-0.28867540179075185,-5.360671190216198e-07,1.5790092696036185e-07,-1.3551797684500384,-1.0282940186290112e-07,5.6706410661840936e-08,-0.38595204255605264,-1.3544230091297907e-07,4.424595260393086e-08,-0.7293013547429309
76.5,-2.2773657817443457e-06,1.4645584007261057e-06,-0.24343372339946479,-4.66132820024281e-06,1.4426729385241839e-06,-0.563704119667198,-2.5009935108443477e-06,1.3555300715493825e-06,-0.42026916762890765,-2.948310667869812e-06,1.1369186087146343e-06,-0.5755365294305979,-2.082912159832544e-06,7.625234217662398e-07,-0.48297276253273097,-2.2315755434647452e-06,5.818715410229782e-07,-0.5419351728414576,-2.317298352604107e-06,1.2377920783651244e-06,-0.6561977495740924,-1.8927888395694513e-06,5.336803966890982e-07,-0.5669988638356833,-6.936447003927984e-07,5.524365474018143e-07,-0.2395114421260131,-1.7807323511285056e-06,7.84616024176591e-07,-0.6727493705281045,-7.304846792319889e-07,4.85225654531438e-07,-0.34229549558519917,-3.7286504144060906e-07,2.9866071912469126e-07,-0.19189686809694123,-1.0452975442375743e-06,3.0770523100944993e-07,-0.6726618092465303,5.696726119178378e-08,2.5139594710468094e-07,0.04101680879322749,-3.0453525837233816e-07,2.170172024527733e-07,-0.27856473943613613,-5.381714978587215e-07,1.6245422424433833e-07,-1.3604996463608485,-1.0474374134017145e-07,5.578858057248725e-08,-0.3931371784997903,-1.3680548350934637e-07,4.4871187587207115e-08,-0.7366415350823907
77.0,-2.5687850334707573e-06,1.4457379623285548e-06,-0.27458430715141213,-4.7300470020523615e-06,1.4948851809705379e-06,-0.572014427376623,-2.532168242387281e-06,1.3813319643894295e-06,-0.42550779716544734,-3.043942070731113e-06,1.1346889686345762e-06,-0.5942046319162627,-1.9452444900841212e-06,7.509455641757829e-07,-0.45105123648278705,-2.185592804862931e-06,6.024207501360417e-07,-0.5307683255147445,-2.4639696449479383e-06,1.3012552673375327e-06,-0.6977311895193581,-1.7606515713750273e-06,5.097766276942557e-07,-0.5274161701033853,-6.684739518245235e-07,5.210584272954131e-07,-0.23082013044214258,-1.876345901498241e-06,8.128257396389629e-07,-0.7088715624927939,-7.545888946185419e-07,4.871818123489054e-07,-0.3535904133103829,-4.083707769323986e-07,2.8853449466886274e-07,-0.2101700733672135,-1.0329110840821972e-06,3.119131059212089e-07,-0.6646909699919971,1.233001026971898e-07,2.489003740624514e-07,0.08877689800620707,-2.918084017916163e-07,2.2052306392138697e-07,-0.2669232188247024,-5.393394998074886e-07,1.6704086064157533e-07,-1.3634523598445039,-1.0688105225441637e-07,5.5096049292244894e-08,-0.4011591984472561,-1.3790458015655977e-07,4.543240863421094e-08,-0.7425597206743585
77.5,-2.810024085352389e-06,1.4259178027452532e-06,-0.3003709950430346,-4.724415884134307e-06,1.5470194171235042e-06,-0.5713334445682093,-2.523925542412598e-06,1.3928316789090438e-06,-0.4241226865514636,-3.107628760159329e-06,1.129051634155877e-06,-0.6066368415215424,-1.7910884413871584e-06,7.331764492510223e-07,-0.415306487310893,-2.1003774123505586e-06,6.197182005391597e-07,-0.5100738800117954,-2.5854179477552796e-06,1.3480887958814686e-06,-0.7321221443578719,-1.6155853578258067e-06,4.951865770342846e-07,-0.48396051538700263,-6.323394606338352e-07,4.84614502529067e-07,-0.2183431028072879,-1.949852279820386e-06,8.317908732507591e-07,-0.736641805289071,-7.791081702812644e-07,4.869168875472513e-07,-0.3650798228120109,-4.438701188925845e-07,2.788437987843196e-07,-0.22843998817430347,-1.014050620794737e-06,3.150170239101679e-07,-0.6525540302009213,1.9004315578867945e-07,2.475189598909855e-07,0.13683234230277608,-2.7765518204766266e-07,2.2345825875636146e-07,-0.2539769741395092,-5.395872761823053e-07,1.716423701576024e-07,-1.364078739486785,-1.0920112044210922e-07,5.4647219299731046e-08,-0.4098671656209174,-1.3874482993243526e-07,4.592387493750324e-08,-0.7470841218085518
78.0,-2.9976385902268336e-06,1.4041139250890973e-06,-0.3204256115879231,-4.644184525744184e-06,1.5990235065924898e-06,-0.5616308994334016,-2.4761201079737784e-06,1.389473215116007e-06,-0.41608941895095786,-3.140356379875318e-06,1.1211976837856662e-06,-0.6130255646887227,-1.6230699551613813e-06,7.095854894357024e-07,-0.3763474020388789,-1.977291610133701e-06,6.327208396113514e-07,-0.4801826555385443,-2.679690985913204e-06,1.3777385729945998e-06,-0.7588177812900884,-1.4602199780774096e-06,4.917268809561338e-07,-0.43741966943781646,-5.861503617135509e-07,4.4513812613896603e-07,-0.2023942781617111,-2.0000249055716227e-06,8.410306409130116e-07,-0.755596704586821,-8.037532260786404e-07,4.847169239796584e-07,-0.37662817122741776,-4.785665800222245e-07,2.7022188857721744e-07,-0.2462966963255977,-9.89264490579395e-07,3.169597921390657e-07,-0.6366038509559937,2.5600606803230547e-07,2.4717624455017866e-07,0.18432607997488784,-2.623367463538126e-07,2.259248083246054e-07,-0.23996488217211767,-5.389560889408783e-07,1.7623542090408157e-07,-1.3624830956777656,-1.1168793371816364e-07,5.4444246184323085e-08,-0.4192009811052122,-1.3931039646173376e-07,4.633617558660723e-08,-0.7501294660860361
78.5,-3.129533024423862e-06,1.3795284705679528e-06,-0.33452416065264806,-4.49018893982676e-06,1.6513828519651342e-06,-0.5430078927573873,-2.3891442524483516e-06,1.370990386493395e-06,-0.4014739190518227,-3.1432103569210667e-06,1.1124293985204658e-06,-0.6135826864540391,-1.4439553786268035e-06,6.808009475411122e-07,-0.3348154241153643,-1.819053736098856e-06,6.407515584220975e-07,-0.4417547968598298,-2.7454566063176333e-06,1.3899555669744682e-06,-0.7774408697069226,-1.2969577078069234e-06,4.996970728350398e-07,-0.3885132516613589,-5.308184504972173e-07,4.0534828579214425e-07,-0.18328849411476625,-2.025906009848684e-06,8.402666581325954e-07,-0.7653744213784158,-8.283113465592969e-07,4.808941490150264e-07,-0.3881357828988977,-5.115751649508922e-07,2.6323837101380017e-07,-0.2632847305045331,-9.590688191643648e-07,3.1777596203394865e-07,-0.617172565502948,3.1991994984474955e-07,2.4790493420060085e-07,0.23034450204205326,-2.4608567474469546e-07,2.279711041363675e-07,-0.22509968872112873,-5.374816356599007e-07,1.8080028248810615e-07,-1.3587556720306069,-1.1430212110409422e-07,5.447581427248046e-08,-0.4290128728691006,-1.3961389680743952e-07,4.666568081187613e-08,-0.7517636912268979
79.0,-3.2049507150899636e-06,1.3518559291612817e-06,-0.3425857594507893,-4.265359443362067e-06,1.7040222740121494e-06,-0.5158187938706693,-2.264206187589784e-06,1.3375659446873181e-06,-0.38047921582864247,-3.1187207198965774e-06,1.103926753795458e-06,-0.6088020909578823,-1.2567867443837372e-06,6.47565121310805e-07,-0.29141592120636045,-1.6286633270160718e-06,6.436135114889771e-07,-0.39551873751790034,-2.781694806609791e-06,1.3848650089782811e-06,-0.7877025718539967,-1.1284162521344736e-06,5.176428523170291e-07,-0.33802541494248395,-4.674383014618269e-07,3.6876445238927647e-07,-0.16140370080627317,-2.027069435735655e-06,8.293354373265153e-07,-0.7658139562880949,-8.526900156316276e-07,4.758601647565049e-07,-0.39955930600494616,-5.419887041725537e-07,2.5821139357919727e-07,-0.2789372113641793,-9.240732745192135e-07,3.174802649667504e-07,-0.5946525026688341,3.804674309216431e-07,2.4963634247975043e-07,0.27393909308061076,-2.2915294976022966e-07,2.2968675301602403e-07,-0.20961097273976137,-5.352522040794426e-07,1.853139077539933e-07,-1.3531196602966757,-1.1699216394103997e-07,5.47153225869087e-08,-0.43910947470353245,-1.3964694435270408e-07,4.690860589824045e-08,-0.7519416387319973
79.5,-3.223932652655482e-06,1.321114449312489e-06,-0.34461478955915026,-3.972322756551574e-06,1.7572774074014536e-06,-0.48038125751352184,-2.1030454074040738e-06,1.2897048116302652e-06,-0.35339761539689746,-3.0684774906791627e-06,1.0969375999065247e-06,-0.5989941646472979,-1.0646995799310383e-06,6.108761325393482e-07,-0.24687593999550733,-1.4105022018852739e-06,6.413992880935383e-07,-0.3425385964685487,-2.7879650399838315e-06,1.362884669611309e-06,-0.7894781365000968,-9.569996659976789e-07,5.430162887274779e-07,-0.2866763116773451,-3.9703667988227045e-07,3.396554688507146e-07,-0.13709443425672588,-2.003489644196056e-06,8.084447832546697e-07,-0.7569056608301076,-8.767067196819459e-07,4.700462726165398e-07,-0.41081321707104806,-5.690162205407972e-07,2.551783110264647e-07,-0.29284705853962406,-8.847911567244067e-07,3.161788261095521e-07,-0.569373977360365,4.3634644738204065e-07,2.5226100519241667e-07,0.3141723583940625,-2.1172307455594896e-07,2.3108177504440394e-07,-0.19366750310463474,-5.323367558372156e-07,1.8975709670344175e-07,-1.3457493957651743,-1.1973941615806118e-07,5.5135088317198836e-08,-0.44942080186645467,-1.394160918893556e-07,4.7062401149482284e-08,-0.7506985927033126
80.0,-3.187875858390681e-06,1.2878318781319504e-06,-0.3407605823202034,-3.6168408556144092e-06,1.810784572346182e-06,-0.4373920914610288,-1.9081627822417793e-06,1.228363656321545e-06,-0.32064936622825285,-2.9957658460719175e-06,1.092261983252148e-06,-0.5848002033248024,-8.709111213167182e-07,5.718736919206332e-07,-0.201941473238425,-1.1690092520347561e-06,6.345247788321098e-07,-0.2838923526071199,-2.764047603012013e-06,1.3247847311304805e-06,-0.7827053494315477,-7.852906716137532e-07,5.726534714174693e-07,-0.23523961536408933,-3.209056598109171e-07,3.225050061135533e-07,-0.11080684004965047,-1.9555810446633054e-06,7.779338968915578e-07,-0.7388060962559504,-9.001565978115214e-07,4.63997639016297e-07,-0.4218015209793719,-5.918153414629105e-07,2.539234472632393e-07,-0.3045807407411341,-8.418246844961714e-07,3.1384223153897337e-07,-0.541724524718566,4.863634758553878e-07,2.555786107777132e-07,0.350184953178812,-1.9402195168731792e-07,2.3220851118330151e-07,-0.1774759175851725,-5.288336028870031e-07,1.9409970350823666e-07,-1.3368934114388484,-1.2249768390005181e-07,5.569794556205057e-08,-0.45977347386154316,-1.3893738187147133e-07,4.712514684736321e-08,-0.7481209351899755
80.5,-3.099229091933977e-06,1.2530779816316189e-06,-0.3312848922053948,-3.2043360150784614e-06,1.8646452056655327e-06,-0.38750702265581966,-1.682679263527603e-06,1.154898739095962e-06,-0.282758915768007,-2.9029435228642094e-06,1.0905445432273226e-06,-0.5666804582332012,-6.785417564970808e-07,5.318935077778387e-07,-0.15733605715545565,-9.093134395174054e-07,6.237331171816161e-07,-0.22082556759285016,-2.710485444212469e-06,1.2716529163243852e-06,-0.7675379593425272,-6.16000383601234e-07,6.035535955944297e-07,-0.18452746039209147,-2.404174124895282e-07,3.204543246542156e-07,-0.08301472085775817,-1.8841141685392623e-06,7.385138465214391e-07,-0.711806364434607,-9.230588834567862e-07,4.582020701949219e-07,-0.43253323026480384,-6.096857839933992e-07,2.539731300055658e-07,-0.31377785383025,-7.960029174644151e-07,3.1064353068207596e-07,-0.5122376547987331,5.295410645247575e-07,2.5932057823411975e-07,0.38127310559396776,-1.7626516690310543e-07,2.3308837778459245e-07,-0.1612334169529797,-5.248746634881592e-07,1.9833525905966285e-07,-1.3268851971920488,-1.2522144740790683e-07,5.637475893091833e-08,-0.4699966402930456,-1.3820829894192153e-07,4.7104555187723556e-08,-0.7441951220233619
81.0,-2.9615206889919688e-06,1.218495410529898e-06,-0.3165648724614035,-2.742959509205849e-06,1.9181376874455016e-06,-0.33171180165754255,-1.4301223739328444e-06,1.0711367401755792e-06,-0.24031903205431393,-2.793660518002765e-06,1.0918229147005498e-06,-0.5453474413197746,-4.906919476958824e-07,4.92451196869563e-07,-0.11377860771157029,-6.368398806359399e-07,6.099458153588602e-07,-0.1546557237533302,-2.628062830852186e-06,1.2050814716180434e-06,-0.7441980500294887,-4.5136958156044656e-07,6.330954843589925e-07,-0.13521108882540533,-1.5689501859030035e-07,3.3365564646637906e-07,-0.05417492866833791,-1.7903855291612865e-06,6.911942855492954e-07,-0.6763962798691031,-9.451663743962883e-07,4.533248025943383e-07,-0.4428925092235881,-6.220028211082674e-07,2.5468010003279256e-07,-0.3201168789033567,-7.477896302576787e-07,3.065616782490355e-07,-0.48121181227093796,5.649442501761071e-07,2.6320525758690096e-07,0.4067636358766835,-1.5867293368247697e-07,2.3379781362634693e-07,-0.14514143506097676,-5.205807827812475e-07,2.0242354829814015e-07,-1.3160302500116194,-1.278648671730329e-07,5.7126572665070916e-08,-0.47991825064184146,-1.3726419016274307e-07,4.700634102452983e-08,-0.7391114826652123
81.5,-2.7789474436079825e-06,1.1861803026091373e-06,-0.2970491296355384,-2.2404017746701327e-06,1.9708737627250326e-06,-0.27093644897723984,-1.1546758927493401e-06,9.795308184588489e-07,-0.19403276106985975,-2.670949193813991e-06,1.095919559395171e-06,-0.521393096747102,-3.1021196919954473e-07,4.5522325393908453e-07,-0.07193002884339955,-3.572501701992465e-07,5.942620689485518e-07,-0.08675773190898811,-2.5183563275461118e-06,1.126942443348124e-06,-0.7131320629923903,-2.9376101169170396e-07,6.591792965359558e-07,-0.08799827872310605,-7.176786486506157e-08,3.5910840817286247e-07,-0.024781022333770848,-1.6760099179864126e-06,6.374551325684608e-07,-0.6331859005142829,-9.663070744627299e-07,4.5000250205749025e-07,-0.452798762718006,-6.282380157878337e-07,2.553483281883788e-07,-0.32332585319164237,-6.979833713361296e-07,3.0179825459073574e-07,-0.4491608728779761,5.918263869066016e-07,2.669273383946885e-07,0.4261189539867828,-1.4147527640562352e-07,2.344221108915552e-07,-0.12941037999745642,-5.16098875218402e-07,2.0633934274395497e-07,-1.3046999702057682,-1.303855343359654e-07,5.792863185825107e-08,-0.4893791307258746,-1.3611583574486162e-07,4.684496259895668e-08,-0.7329280641390898
82.0,-2.556217506288366e-06,1.1585994596621158e-06,-0.27324093053600074,-1.7057885514081711e-06,2.0218475809058192e-06,-0.20628455933650847,-8.607126185381863e-07,8.831693689422191e-07,-0.1446349117629733,-2.538126437107038e-06,1.1022183457776846e-06,-0.49546491039360746,-1.397079416574448e-07,4.2198461028550523e-07,-0.032394611655386554,-7.632182717140778e-08,5.778941417753816e-07,-0.018534654908206636,-2.3826637659944402e-06,1.0397011061112078e-06,-0.6747075099243363,-1.4539887784569841e-07,6.802760854658042e-07,-0.04355530676113189,1.3529958564269036e-08,3.92240508316148e-07,0.004671815247486498,-1.5430951893555917e-06,5.793753567195698e-07,-0.5829715603504557,-9.863357991357357e-07,4.488097756974023e-07,-0.4621839591948082,-6.279694908880554e-07,2.553235399901911e-07,-0.32318765550200534,-6.47040568046782e-07,2.9632256069579947e-07,-0.41637855322400935,6.096216578206643e-07,2.7017882379746603e-07,0.43893166797786837,-1.2488162531432012e-07,2.3507927924008004e-07,-0.11423182196365551,-5.115753822593614e-07,2.1005460284521632e-07,-1.293264562356083,-1.3274726417652621e-07,5.875978286349854e-08,-0.4982434675732806,-1.3480252793761685e-07,4.6634253374776905e-08,-0.7258564391256204
82.5,-2.2992438246551517e-06,1.1383864987216466e-06,-0.24577232595912538,-1.1504798633948306e-06,2.070220002968977e-06,-0.13912992407529662,-5.530690478639139e-07,7.860822170144588e-07,-0.09293821330572241,-2.399215840654929e-06,1.1097438331669335e-06,-0.4683483234428352,1.8389891829128758e-08,3.944309352652433e-07,0.004264134143854855,2.0037169190378387e-07,5.622451845868867e-07,0.04866000068983455,-2.22297590070666e-06,9.465284879786627e-07,-0.6294881199746666,-8.49193978670409e-09,6.954461209278805e-07,-0.0025438232253723,9.748664152583923e-08,4.284689856326457e-07,0.03366156490008966,-1.3938564921516503e-06,5.198755615088518e-07,-0.5265901285542853,-1.0049767033501105e-06,4.5022573754247126e-07,-0.4709188412910681,-6.207429636504306e-07,2.5399806100491515e-07,-0.3194684869289485,-5.957789745106244e-07,2.902712954344137e-07,-0.38339108813047706,6.17998992401685e-07,2.727065381700282e-07,0.4449634048653032,-1.0914165185174143e-07,2.3592326958942417e-07,-0.09983414062531235,-5.071666468529815e-07,2.1354293718123769e-07,-1.2821192620472712,-1.3488458572702673e-07,5.9595617197748147e-08,-0.5062655274420578,-1.3333082491823847e-07,4.6394592984073185e-08,-0.7179319207249657
83.0,-2.013417013412626e-06,1.1279688851847387e-06,-0.21521953313773268,-5.843647196125834e-07,2.1144301188221804e-06,-0.07066844162928097,-2.3661292824985072e-07,6.936359497580126e-07,-0.039760646309006775,-2.257063772364366e-06,1.1175084728528672e-06,-0.44059897228831685,1.619897465638263e-07,3.7402658694964366e-07,0.03756117848301293,4.670906933649004e-07,5.485124005167719e-07,0.11343235786153553,-2.0414456766040824e-06,8.514640212017856e-07,-0.5780835503378181,1.1492131061081175e-07,7.043156765240738e-07,0.03442552660108657,1.786946444225933e-07,4.640226118211845e-07,0.06170221146591896,-1.231064494512812e-06,4.6321069268870025e-07,-0.4650883459483053,-1.0220356744666622e-06,4.5460385214332396e-07,-0.4789124503817513,-6.064895389591668e-07,2.509413046529595e-07,-0.3121328902547701,-5.447312333464995e-07,2.83686768081546e-07,-0.3505412396651251,6.168295194249906e-07,2.742632965639438e-07,0.4441213765060245,-9.445958708192473e-08,2.3713783695352622e-07,-0.08640415038757125,-5.030295863089163e-07,2.167746893006265e-07,-1.2716607568503802,-1.3677363511654523e-07,6.043643027833463e-08,-0.5133557414972362,-1.3172867711421283e-07,4.6148596615088256e-08,-0.7093050105492074
83.5,-1.7049222636613177e-06,1.1291619199489922e-06,-0.18224370370218815,-1.8425289570705906e-08,2.153051128585693e-06,-0.0022282086115555963,8.333500165200152e-08,6.128313418965272e-07,0.014003687585265401,-2.115255121787123e-06,1.1243401753801477e-06,-0.41291665933334215,2.893146737045406e-07,3.6166624248801857e-07,0.06708449347742601,7.187051224432675e-07,5.376744317533795e-07,0.17453658958307472,-1.8403931636306887e-06,7.599611197320741e-07,-0.5211507836049121,2.230337733695071e-07,7.0718140881751e-07,0.0668114125853898,2.5561553730787045e-07,4.959166547877959e-07,0.08826254411769364,-1.0573265805957345e-06,4.153081265282016e-07,-0.39945126570404055,-1.0372217490606395e-06,4.6214120318390324e-07,-0.48602844483984786,-5.851311464442843e-07,2.4586899732604874e-07,-0.30114068617107365,-4.943356317743645e-07,2.7660056052219205e-07,-0.3181110510375365,6.060666671181734e-07,2.746218826511946e-07,0.4363720509126407,-8.10522781936539e-08,2.3895810751677e-07,-0.07414020588747458,-4.992822830873958e-07,2.1972432473204627e-07,-1.2621875596855914,-1.3836751068835676e-07,6.127261231423695e-08,-0.5193380726338213,-1.300460112247872e-07,4.592585774603487e-08,-0.7002445434391109
84.0,-1.38034838259417e-06,1.142738826897836e-06,-0.1475491328871865,5.361251719779135e-07,2.1844328123002438e-06,0.06483473274537767,4.012699665723012e-07,5.522059110010885e-07,0.06742976105879077,-1.9766130830377044e-06,1.1292671559421286e-06,-0.3858524972405886,3.989456113148414e-07,3.5746474617275796e-07,0.09250503584007526,9.500985317467163e-07,5.303433978022643e-07,0.23073017336403973,-1.6224564609523352e-06,6.792170979291676e-07,-0.45943685985123406,3.144135994409173e-07,7.050954316776701e-07,0.094184913779415,3.2681139383283733e-07,5.219158653268329e-07,0.11284605533032914,-8.753365970818453e-07,3.837663020142034e-07,-0.33069660598563927,-1.0502886391695568e-06,4.728267489565419e-07,-0.49215141737130697,-5.567463761487835e-07,2.3863920192346294e-07,-0.2865323214385883,-4.452715468632007e-07,2.691695110496297e-07,-0.28653770973648035,5.860567885936722e-07,2.7365388262380924e-07,0.4219648046409251,-6.920737040513521e-08,2.416351773448508e-07,-0.06330542219316891,-4.960857492709228e-07,2.223803852310647e-07,-1.2541067097256893,-1.396066764547072e-07,6.210720319474527e-08,-0.5239890630113218,-1.2829287975430672e-07,4.57518093151916e-08,-0.6908046480161488
84.5,-1.0459410632157471e-06,1.168535690058374e-06,-0.11180343953353881,1.0675654976451524e-06,2.2067245629554184e-06,0.1291029172770515,7.122487268484469e-07,5.199954374327405e-07,0.11968690773463407,-1.8442643183743672e-06,1.131186015102418e-06,-0.36001683836010884,4.897735070417951e-07,3.606879475551037e-07,0.11356564538484282,1.1569409563869926e-06,5.267001147268785e-07,0.2809615829511583,-1.3903994118909717e-06,6.18539337717846e-07,-0.39372442657920875,3.878490677992167e-07,6.998182306123206e-07,0.11618305020855217,3.90994025260085e-07,5.404430844135409e-07,0.13500794109674139,-6.880161530156156e-07,3.758455743587393e-07,-0.2599281321311948,-1.0607173555150568e-06,4.866046257976636e-07,-0.4970381764386614,-5.215524725123949e-07,2.2920617914915925e-07,-0.268419602000383,-3.979416508931005e-07,2.61407643237387e-07,-0.25608034032027344,5.572424075302573e-07,2.7126836738046594e-07,0.40121825769715624,-5.913170200668954e-08,2.454538545073076e-07,-0.05408899859394711,-4.93509803375465e-07,2.24700836287446e-07,-1.2475947084514505,-1.404822158508864e-07,6.294267343835238e-08,-0.5272752458750926,-1.2652324085782954e-07,4.565362561303696e-08,-0.6812758668605792
85.0,-7.082229137478504e-07,1.2051871181680733e-06,-0.07570384269074402,1.5647251732974917e-06,2.218089128034106e-06,0.18922547146300933,1.0110126096599543e-06,5.2024972279744e-07,0.16989145556825985,-1.7205170237471207e-06,1.1295750215155022e-06,-0.33586026312116046,5.611068879811512e-07,3.6998144622954443e-07,0.1301059876601744,1.3350089498934735e-06,5.26435293795257e-07,0.3242051599481702,-1.1469354213007156e-06,5.875326764596891e-07,-0.32478184844803276,4.427534075209442e-07,6.938579399933767e-07,0.13263005031287925,4.468427476921801e-07,5.503828638796269e-07,0.154292177021894,-4.979566477980211e-07,3.946381097184531e-07,-0.1881248583730754,-1.0683806897374366e-06,5.030428105026243e-07,-0.5006291138806929,-4.799618651445929e-07,2.1778044467491009e-07,-0.247014786828398,-3.527816963175403e-07,2.53462234879429e-07,-0.22701935484513364,5.202314681202118e-07,2.675229556792394e-07,0.3745701339629138,-5.1083912692822176e-08,2.5062448773346576e-07,-0.0467275182017049,-4.916731143315872e-07,2.2668668193136607e-07,-1.242951551382351,-1.4095166023588432e-07,6.379405667171615e-08,-0.5290372226635793,-1.2477028013952523e-07,4.566342846637567e-08,-0.671836890868198
85.5,-3.7363875115853876e-07,1.2505678209719928e-06,-0.039939246092993166,2.016945448427548e-06,2.2171914735424103e-06,0.24391341042310397,1.292706847938589e-06,5.494494558802139e-07,0.21722760519595433,-1.6081015836336184e-06,1.1239943594728076e-06,-0.31391576691781964,6.125712752839279e-07,3.8374511806075556e-07,0.14203923083144418,1.4809726346459024e-06,5.2882631195857e-07,0.35965224797373097,-8.946790011996616e-07,5.922617922256028e-07,-0.25334948627511233,4.786585445015276e-07,6.90245287003746e-07,0.14338569904043946,4.932329632537974e-07,5.510987101059153e-07,0.1703104460628131,-3.0792255865154265e-07,4.368436099665011e-07,-0.1163311866451734,-1.072908048975212e-06,5.217686848515644e-07,-0.5027505747655616,-4.324066279082146e-07,2.0470597570280158e-07,-0.22254024490832477,-3.100899402101144e-07,2.4544455345101254e-07,-0.19954668540145043,4.75823800985634e-07,2.625064467877914e-07,0.34259631683169856,-4.527174668864966e-08,2.574236218531601e-07,-0.041411008983148846,-4.90602638771096e-07,2.283119187280685e-07,-1.240245384988774,-1.4095764768930152e-07,6.466278860786495e-08,-0.5290596955150616,-1.2306543855646584e-07,4.580010679784726e-08,-0.6626570167242543
86.0,-4.811264796743055e-08,1.3016575643922135e-06,-0.005142889706698031,2.4166580011351065e-06,2.203228242270076e-06,0.2922514812399595,1.5523930322256558e-06,5.984418368691728e-07,0.26086550191253044,-1.5085528710194569e-06,1.114658489816295e-06,-0.29448297064176304,6.442327899043558e-07,4.004113063456304e-07,0.14938070661572683,1.5921822350741317e-06,5.330272555905584e-07,0.38665935253095746,-6.361245350800102e-07,6.3159753057368e-07,-0.18013368364901355,4.950313351792546e-07,6.922619630793043e-07,0.14829028930324042,5.289617969436715e-07,5.424729910523359e-07,0.18264740254456277,-1.2038821376634656e-07,4.954713954698698e-07,-0.04548190242008348,-1.0739584698049462e-06,5.423008418801052e-07,-0.5032427881256897,-3.796585215493437e-07,1.9044925681507412e-07,-0.19539316678803934,-2.701802984206414e-07,2.3757293887735947e-07,-0.17386434069445247,4.250446791195259e-07,2.564895643143669e-07,0.3060350097107842,-4.199613974341807e-08,2.6606902952883033e-07,-0.03841474313179704,-4.903803385901353e-07,2.2958211506800292e-07,-1.2396834092639608,-1.40522906684588e-07,6.557589722397503e-08,-0.5274279717501431,-1.2139205956148123e-07,4.608451323867172e-08,-0.6536465557396559
86.5,2.6337062173643213e-07,1.3557405096765605e-06,0.028152390624849113,2.753577138465516e-06,2.1747142017199376e-06,0.33299581365962844,1.7858949387720428e-06,6.570639714753272e-07,0.3001033693754023,-1.4240053699787086e-06,1.1018267315522888e-06,-0.2779785446152549,6.564209835243447e-07,4.1864273392943523e-07,0.15220682941458893,1.6667055879871512e-06,5.38042437661146e-07,0.404757250341281,-3.7434859653909746e-07,6.976722044155139e-07,-0.106005645034497,4.92643097881605e-07,7.034038221682209e-07,0.14757487519785858,5.533822179679246e-07,5.24813380228245e-07,0.1910796305332306,6.221930811771552e-08,5.635454126166184e-07,0.02350605937178632,-1.0709596359372032e-06,5.640285691947439e-07,-0.5018375740888724,-3.2233908078592334e-07,1.7577909295922285e-07,-0.16589342843479785,-2.3351060178294693e-07,2.301040974417121e-07,-0.15026694048930395,3.688300693158213e-07,2.4994773550275373e-07,0.26556011494724596,-4.143179554891907e-08,2.7668745736789707e-07,-0.03789852575081745,-4.90992798125884e-07,2.3048759846152633e-07,-1.2412317093599559,-1.396040047296532e-07,6.654538087706074e-08,-0.5239790351620583,-1.1979510076800015e-07,4.651824290734451e-08,-0.6450475862618509
87.0,5.553533124932241e-07,1.409548777445384e-06,0.05936320188270419,3.0211497068239617e-06,2.13115395785728e-06,0.36535392118051313,1.989235738165564e-06,7.169477816382705e-07,0.33427293764319865,-1.3554674856474452e-06,1.0865181844162904e-06,-0.2645993385117708,6.497789995599131e-07,4.373733739463612e-07,0.15066672733738104,1.7032608847427124e-06,5.428989845841758e-07,0.41363465586918796,-1.1256081344570933e-07,7.808133150474524e-07,-0.03187425235524797,4.7216328795607274e-07,7.258932060795559e-07,0.14143999701356577,5.659818196124727e-07,4.990151518120877e-07,0.1954301989991759,2.377800134614947e-07,6.356250137313407e-07,0.08983177863815923,-1.0636117638503646e-06,5.865682151835865e-07,-0.49839445804692417,-2.6129925167904395e-07,1.6158518127944096e-07,-0.1344789735169361,-2.001148638525256e-07,2.2336831864883058e-07,-0.12877637292675873,3.0826656419740465e-07,2.435200270370471e-07,0.22195398649169668,-4.3765481399639786e-08,2.893948308892502e-07,-0.04003319677185566,-4.924561485451596e-07,2.310239063174228e-07,-1.2449310649294125,-1.3823549865428843e-07,6.759434098922252e-08,-0.5188425887229202,-1.1825382959956161e-07,4.7119208550633e-08,-0.6367484718523088
87.5,8.22434189938631e-07,1.4601911912747922e-06,0.08791219167016479,3.2130481616564498e-06,2.0725875703244016e-06,0.3885606006718239,2.159142218889716e-06,7.720496677856811e-07,0.3628241733497597,-1.3036627925101805e-06,1.0703070358613486e-06,-0.2544866005220594,6.254590555990443e-07,4.5585648218146607e-07,0.1450275694574029,1.701358616101265e-06,5.469479895011041e-07,0.4131726924424903,1.4616309659401022e-07,8.725378396298191e-07,0.041389532318092496,4.344861926209872e-07,7.604623899104909e-07,0.13015354508558336,5.664035145616961e-07,4.665909171154615e-07,0.19557580778904854,4.0437226567601644e-07,7.076919396706946e-07,0.15276927328251352,-1.0517630815951148e-06,6.095302267943784e-07,-0.4928423216641921,-1.9745814297577312e-07,1.4911599400218341e-07,-0.10162282597180507,-1.703009598293054e-07,2.1770416236531645e-07,-0.10959075947964275,2.446631528917845e-07,2.3810129983197518e-07,0.1761591052644439,-4.9138349489970664e-08,3.042582170846383e-07,-0.04494787104506521,-4.947317505301564e-07,2.3119571122179392e-07,-1.2506837956261594,-1.3641066414728393e-07,6.874611830235351e-08,-0.5119933939153478,-1.1678585560590842e-07,4.7901420479227003e-08,-0.6288440327289176
88.0,1.0604627108148784e-06,1.5050379449440023e-06,0.1133556973101722,3.3262084917351594e-06,1.9997751473672066e-06,0.4022453148794495,2.2927428302834624e-06,8.181371148504404e-07,0.38527453857530036,-1.2687776875420283e-06,1.0551497017439927e-06,-0.24767671699757357,5.849616069960968e-07,4.734948725178411e-07,0.13563727206297735,1.6609592984048695e-06,5.497127841356694e-07,0.4033617715070149,3.993501991133588e-07,9.665058339962633e-07,0.11308543919502863,3.8077295339721076e-07,8.062431044198349e-07,0.11406334792458196,5.546786481241343e-07,4.2994656634617357e-07,0.1915272802538348,5.604390988325988e-07,7.76900481022784e-07,0.21173033146729214,-1.0353620237186489e-06,6.326267550448292e-07,-0.48515700204893497,-1.316429282009345e-07,1.398994685638185e-07,-0.06775069481243821,-1.4441524937568086e-07,2.1347184674994078e-07,-0.09293298684508901,1.7909090881925943e-07,2.347202702090967e-07,0.12894665128651747,-5.756013326576209e-08,3.21222463910887e-07,-0.05265145195595757,-4.977972238131875e-07,2.3102194576088462e-07,-1.2584333240461638,-1.3414558089562598e-07,7.002124103346572e-08,-0.5034918030113917,-1.1538821895758259e-07,4.88690759872009e-08,-0.6213183314214856
88.5,1.2658475249066522e-06,1.541863806787879e-06,0.135309829766563,3.357774982980861e-06,1.9142719018789263e-06,0.4060627163569326,2.3877365980144343e-06,8.524063195327738e-07,0.40123737555233485,-1.250829238328769e-06,1.043478591153011e-06,-0.24417301968323182,5.298526895114398e-07,4.897989183004327e-07,0.12285895782053088,1.5830332257017044e-06,5.511758738189433e-07,0.3844375276906133,6.444151620391544e-07,1.0582469851430155e-06,0.18248137044861582,3.124032483646195e-07,8.61018812770759e-07,0.09358269828007225,5.310911077069674e-07,3.9255797301920565e-07,0.1833826410483135,7.045920293251611e-07,8.412239380738489e-07,0.26619039290616836,-1.0145716490774245e-06,6.555873988139745e-07,-0.47541490643277245,-6.485683752621493e-08,1.3536419261452418e-07,-0.03337889749027389,-1.2259360872128884e-07,2.1109450163370986e-07,-0.07889049304585471,1.128805614819445e-07,2.3452043521174768e-07,0.08127475869324131,-6.899212456461869e-08,3.4021837219675515e-07,-0.06310853234271722,-5.016309317954095e-07,2.3053103480584815e-07,-1.2681249527831302,-1.314629468846729e-07,7.143811961449116e-08,-0.49342300889997504,-1.1405146598335156e-07,5.0020433569570824e-08,-0.6141204637797532
89.0,1.4349737184213184e-06,1.569100019675313e-06,0.1533881812293301,3.3046543955806933e-06,1.818632624590121e-06,0.3996387331765472,2.442698039760835e-06,8.733144814329435e-07,0.4104731449672848,-1.2494933650640402e-06,1.038260355713898e-06,-0.24391224531134492,4.6195183983470267e-07,5.044630894077672e-07,0.10711452962086551,1.469539533051906e-06,5.516622462550798e-07,0.3568757343546417,8.791528324771601e-07,1.1445674805272926e-06,0.24895288496403647,2.3122448056917035e-07,9.216930764206593e-07,0.0692649993665102,4.963232519078101e-07,3.593022449483039e-07,0.17137750458959072,8.357740956238042e-07,8.99096113129708e-07,0.3157501442472724,-9.897369383049081e-07,6.782421504152865e-07,-0.46377768819497023,2.0272398290042557e-09,1.365028638974635e-07,0.0010433291696219787,-1.0528098112907106e-07,2.1088652857931697e-07,-0.06774960453694052,4.72942546544391e-08,2.384647339826476e-07,0.034052179437742004,-8.337703893267626e-08,3.6112851286236817e-07,-0.07626671292307484,-5.061391501795145e-07,2.2974515922215265e-07,-1.2795217464477815,-1.2838245075359162e-07,7.300350306054808e-08,-0.4818609094193032,-1.1278515576984889e-07,5.1355095694431875e-08,-0.6073019015727683
89.5,1.565578416234017e-06,1.585407516310266e-06,0.16734886692017018,3.168348145595449e-06,1.7164607450130979e-06,0.38315493470703227,2.4567204407197368e-06,8.802582890459654e-07,0.4128294816605243,-1.2635842073034062e-06,1.0421938060307131e-06,-0.24666290335005772,3.8335430039496774e-07,5.172583358744122e-07,0.08888981929292931,1.322241420106262e-06,5.517528500955367e-07,0.3211045822051249,1.1012124961269304e-06,1.2233072566374756e-06,0.311834322476996,1.3917328420866249e-07,9.848257764230218e-07,0.04169038424832535,4.511990895434648e-07,3.362497196523124e-07,0.15579639628372105,9.53153721772699e-07,9.493690863682222e-07,0.3600954213769035,-9.613175217407523e-07,7.004687300971383e-07,-0.45046072405645127,6.799465610313582e-08,1.435015292520556e-07,0.0349937915957687,-9.250316489357561e-08,2.130731623455287e-07,-0.05952692283777204,-1.6518954629595258e-08,2.471707439698746e-07,-0.01189375773613337,-1.0054952232639169e-07,3.83749524361766e-07,-0.09197474091171914,-5.113127518380637e-07,2.2871705134198335e-07,-1.2926006316263419,-1.2495608539242096e-07,7.471503189023814e-08,-0.46900065072159874,-1.1159386934717852e-07,5.285623515688035e-08,-0.6008873117726543
90.0,1.6557168257124174e-06,1.590248757584223e-06,0.1769840027497011,2.9496579502980387e-06,1.6128253355483888e-06,0.35670827428660684,2.430110897890736e-06,8.736278686270616e-07,0.40835799048422194,-1.291950890789679e-06,1.057597275069341e-06,-0.2522003328832017,2.9619197049735547e-07,5.280354801639455e-07,0.0686791584349009,1.1440675675344437e-06,5.523672251330051e-07,0.2778352974739346,1.3088645931845855e-06,1.2929556954781186e-06,0.3706359172869386,3.843129373547506e-08,1.0468657197236617e-06,0.011512377624070529,3.966177195284291e-07,3.29380032846783e-07,0.1369497697065818,1.0560856328420546e-06,9.912782746620097e-07,0.3989824435255602,-9.299894879819359e-07,7.221759893074563e-07,-0.4357808202253973,1.322248724324286e-07,1.5565801486646807e-07,0.06805019533680848,-8.490589195217987e-08,2.1772555202036399e-07,-0.05463798438166343,-7.766368738356916e-08,2.608142167915502e-07,-0.055918373973862165,-1.2024111197984864e-07,4.077558787255769e-07,-0.1099870478288771,-5.171025460764841e-07,2.274954732995144e-07,-1.3072372540510044,-1.2122478045711327e-07,7.654794001843163e-08,-0.45499585505915263,-1.1047169048099705e-07,5.450065303673029e-08,-0.5948448378789493
90.5,1.7051105726473797e-06,1.5835800853829004e-06,0.18226383255368583,2.6525458445684937e-06,1.5141737653921958e-06,0.3207778890384674,2.3638618970570753e-06,8.54939143830164e-07,0.3972254496296039,-1.3327092421491428e-06,1.0861165116112786e-06,-0.26015672646898597,2.0285953785357008e-07,5.36776287307274e-07,0.0470378123920159,9.382942107079913e-07,5.545628305034821e-07,0.2278635095931753,1.5004594144632188e-06,1.3525171957017081e-06,0.4248905152811092,-6.863749473279573e-08,1.1045410304801863e-06,-0.020560868025233776,3.342168785347146e-07,3.4212705669176796e-07,0.11540312571461137,1.1440162527213786e-06,1.0241926536996623e-06,0.43220207315517456,-8.964873498344207e-07,7.434313074030292e-07,-0.4200821597245032,1.9386288019352557e-07,1.7183326158322646e-07,0.09977250590631109,-8.227436036102465e-08,2.2483822397797186e-07,-0.05294456147930028,-1.3515178877989052e-07,2.7902320502817004e-07,-0.0973101911953415,-1.4218421589663542e-07,4.327760863217881e-07,-0.13005886170576575,-5.234527373941838e-07,2.2613635164659648e-07,-1.3232905624785758,-1.172257726835642e-07,7.84667436953549e-08,-0.43998628395947253,-1.0946682957884095e-07,5.627301256490817e-08,-0.5894340732040232
91.0,1.7126331906508333e-06,1.5658932169459072e-06,0.1830679453251045,2.2793370023003436e-06,1.4281329314923416e-06,0.27564496708033903,2.259442943447532e-06,8.267750291698691e-07,0.37967879605858007,-1.3843099767442042e-06,1.128063029988999e-06,-0.27022964993277016,1.0526527461251814e-07,5.43451052235076e-07,0.024408259483425235,7.085154964538989e-07,5.593321899272294e-07,0.1720620523719505,1.6744779871968626e-06,1.4014178125105735e-06,0.4741679834515711,-1.791346838378815e-07,1.1549200885358447e-06,-0.05366111638356177,2.652596986554815e-07,3.7348097042534353e-07,0.09159261640276155,1.2168035998963114e-06,1.047909708316245e-06,0.4597006705515291,-8.616522403769914e-07,7.640521155020779e-07,-0.4037588864314454,2.520335426123385e-07,1.907697678035085e-07,0.12971032976388147,-8.506491005362316e-08,2.342783461558381e-07,-0.05474031448318282,-1.8865180981634336e-07,3.010578114105246e-07,-0.13583056390376874,-1.6593884106287906e-07,4.583187659539787e-07,-0.1517877117745721,-5.302990033718601e-07,2.246947797645563e-07,-1.3405979495820934,-1.1300327429865626e-07,8.042899047800728e-08,-0.42413788022648524,-1.0859026646551092e-07,5.814810562414305e-08,-0.5847141396104555
91.5,1.6793250127865557e-06,1.5383588731608913e-06,0.1795075450494219,1.8360753510989194e-06,1.36307012394532e-06,0.22204041315519132,2.119419641611661e-06,7.932153475416717e-07,0.3561491562350263,-1.4443123522045136e-06,1.182601184018215e-06,-0.28194264860226553,6.261475601875521e-09,5.483437595618354e-07,0.001451872156342992,4.587790970634677e-07,5.677264653120225e-07,0.11141389767926811,1.829979537549594e-06,1.4392894227549498e-06,0.5182019194711068,-2.9055065590647143e-07,1.1954282346657077e-06,-0.08703659295833303,1.9192330109730235e-07,4.187127115518922e-07,0.0662699889401147,1.2745699308957382e-06,1.0623425645461912e-06,0.4815244234546278,-8.264581954119324e-07,7.840486295047052e-07,-0.3872674206889629,3.0628809883361786e-07,2.1160343557215404e-07,0.15763270987929187,-9.302757765846398e-08,2.458100929987479e-07,-0.05986438889340989,-2.3747298572270812e-07,3.260590689690318e-07,-0.17098213684792674,-1.911177420334795e-07,4.838628662316907e-07,-0.17481937656652868,-5.375618589519984e-07,2.232369996409658e-07,-1.3589584768260354,-1.0863071373173574e-07,8.237255835219706e-08,-0.40772624453251277,-1.0790698651879164e-07,6.009913147015114e-08,-0.5810349567595143
92.0,1.6063880426016054e-06,1.5019584622755276e-06,0.17171111710274461,1.3280291931647453e-06,1.3267856095023822e-06,0.16060133401168286,1.946657086233493e-06,7.597548088507755e-07,0.3271179832106256,-1.5111605863584578e-06,1.2484108004717709e-06,-0.2949920199262592,-9.179548055398541e-08,5.515186607220719e-07,-0.021284967117740677,1.937981195843271e-07,5.8016989183888e-07,0.04706361733567771,1.965951313986779e-06,1.4660894142901617e-06,0.5567055388274167,-4.007048621386862e-07,1.224131132464302e-06,-0.12003409826621214,1.1563393954107732e-07,4.7214199845837626e-07,0.03992772034805729,1.3175426993012423e-06,1.0676614768518453e-06,0.4977592623827417,-7.91578323089823e-07,8.033715218110863e-07,-0.370923172107326,3.5593879643712615e-07,2.3349141489495543e-07,0.18318569101190138,-1.0636376574213282e-07,2.5921918248218384e-07,-0.0684463897354341,-2.8171864700883844e-07,3.5305862937480564e-07,-0.2028393086855095,-2.1689714909636058e-07,5.086468642419517e-07,-0.1984003367800402,-5.451478009856233e-07,2.2179532285298548e-07,-1.378135767884972,-1.0414994366495725e-07,8.422910415958523e-08,-0.39090846354607006,-1.0749754858825591e-07,6.209362306201534e-08,-0.5788303010839237
92.5,1.4961280604923664e-06,1.4581336676430101e-06,0.1599251325226779,7.606481866472682e-07,1.3250957946056733e-06,0.09198676815078449,1.7447718827201204e-06,7.333143236567684e-07,0.2931930145654597,-1.5821793634740814e-06,1.3225470659983446e-06,-0.308855518420827,-1.8682296734904035e-07,5.534166520487243e-07,-0.043319351811927725,-8.251581319725403e-08,5.970219813955408e-07,-0.02003885623238986,2.081368360544023e-06,1.4822336149491745e-06,0.5893886010357169,-5.063181309974178e-07,1.2393216898286813e-06,-0.1516713322761584,3.887207053521935e-08,5.292595373905091e-07,0.013422297708094983,1.3461090267806347e-06,1.0641516657725656e-06,0.5085514394428607,-7.578785238799398e-07,8.218385220328623e-07,-0.3551318902370525,4.007279986127663e-07,2.5595770864092995e-07,0.20623667908216559,-1.2495677345810662e-07,2.7440547770794107e-07,-0.08041121858106573,-3.2112904552299424e-07,3.8109866610874344e-07,-0.23121505901126269,-2.4286690138258814e-07,5.320382251692773e-07,-0.22215540973119605,-5.529172575586015e-07,2.204414777309659e-07,-1.397776984415409,-9.963501702706334e-08,8.593412723686717e-08,-0.37396248188793335,-1.0740383128914347e-07,6.411543621385076e-08,-0.5783256717860985
93.0,1.352756624483393e-06,1.4083737639223256e-06,0.1445997760179974,1.404293777274777e-07,1.3587924130121726e-06,0.0169824168877782,1.5187409824249795e-06,7.219012527396491e-07,0.25521058161889,-1.6563246843231002e-06,1.4027892197041994e-06,-0.3233293461283373,-2.765070116622666e-07,5.542642150071194e-07,-0.0641147321800317,-3.6519416560359994e-07,6.180351391767149e-07,-0.08868692069899693,2.1767321178579387e-06,1.488054753686113e-06,0.6163931008533596,-6.059593895574199e-07,1.2400183288175632e-06,-0.18151960653348648,-3.673643207630566e-08,5.861548688060213e-07,-0.012684874288202155,1.3605560141252589e-06,1.052268212682631e-06,0.5140094194902071,-7.257953541059462e-07,8.394058122344092e-07,-0.34009813961920343,4.4025583358136797e-07,2.785944776311791e-07,0.22657987806864288,-1.4869273112211285e-07,2.9113368543970816e-07,-0.09568559888979883,-3.560586823211522e-07,4.09378013055522e-07,-0.25636463095476275,-2.681479582017637e-07,5.532010202639009e-07,-0.24528051860411818,-5.607500992651644e-07,2.1920948093623265e-07,-1.417578438810857,-9.515285389710603e-08,8.741993058237234e-08,-0.3571394722842903,-1.0773229998230764e-07,6.613311194681917e-08,-0.5800943412586378
93.5,1.1811549369990002e-06,1.3549434042486843e-06,0.12625681237956046,-5.247230508926217e-07,1.425246647925346e-06,-0.06345585051425987,1.2727827348678572e-06,7.32582668759195e-07,0.21387953956536668,-1.731003830906736e-06,1.4859571476719573e-06,-0.3379073813788215,-3.5909964861015137e-07,5.544677879753225e-07,-0.08326580095807838,-6.496674971684475e-07,6.428296631767853e-07,-0.15777089348309664,2.2517910905755172e-06,1.4840965991851e-06,0.6376478214322909,-6.975934675688513e-07,1.2258839915922794e-06,-0.2089692707722773,-1.0856896627517973e-07,6.401861101594087e-07,-0.03748822656321524,1.3616664502712279e-06,1.0326286473804367e-06,0.5144289352123418,-6.961931764740166e-07,8.559129996791194e-07,-0.3262269492287688,4.742932390232478e-07,3.0119202553663995e-07,0.24409739989693396,-1.775167615483043e-07,3.093890294626543e-07,-0.11423421651847691,-3.866366011036011e-07,4.371470350512924e-07,-0.27838093684266874,-2.9191826486064533e-07,5.7144966351866e-07,-0.26702371286063536,-5.684674669361339e-07,2.181174290905573e-07,-1.4370879743937819,-9.077777114125212e-08,8.863586504176101e-08,-0.34071836999853655,-1.0854840908564596e-07,6.8129643383452e-08,-0.5844887547518425
94.0,9.865258577520142e-07,1.2986905286353254e-06,0.10545238920665531,-1.2267304143191561e-06,1.5177481541408974e-06,-0.14835106187904468,1.0121516699591034e-06,7.693817253047059e-07,0.17008286427113206,-1.8037359874235876e-06,1.5682990716735676e-06,-0.3521053468089558,-4.32541898060717e-07,5.544652762489447e-07,-0.1002951345938325,-9.321886450462901e-07,6.70740832013655e-07,-0.2263807810376223,2.3072465074939277e-06,1.4711183204572031e-06,0.6533513322653524,-7.800757396867432e-07,1.1970429818624361e-06,-0.23367744402422258,-1.7508057932399263e-07,6.89180009553051e-07,-0.06045429600831803,1.3501175131950868e-06,1.0059173649273595e-06,0.5100658201471727,-6.69534901690603e-07,8.710436723425054e-07,-0.3137352329233307,5.025476149505621e-07,3.235228104103143e-07,0.25863865651229523,-2.1090187002095324e-07,3.290009145261441e-07,-0.13571794389438255,-4.1304421795278395e-07,4.6372111155011643e-07,-0.29739459746681624,-3.1356826155595993e-07,5.861212009281772e-07,-0.28682741546130386,-5.759396916096335e-07,2.1721421721528123e-07,-1.4559777875226325,-8.659329307018564e-08,8.953541615827341e-08,-0.32501266881481916,-1.0994601968177752e-07,7.009354065326134e-08,-0.5920143157788712
94.5,7.750526549026818e-07,1.2413828429602305e-06,0.08284745258141435,-1.9552649870173878e-06,1.6293300792948206e-06,-0.23645426386524737,7.410877136832529e-07,8.325196137512758e-07,0.12453303665890829,-1.8731690468882712e-06,1.6477237508305184e-06,-0.36565929907984207,-4.956334017365882e-07,5.546591261995712e-07,-0.1149244014492957,-1.2090192351140288e-06,7.010904627327574e-07,-0.2936087241451341,2.3428763121689798e-06,1.4497377986076093e-06,0.6634407528266969,-8.517191718326578e-07,1.1541574906290575e-06,-0.25513876278245373,-2.3435968501505666e-07,7.318032176566173e-07,-0.08092302313038358,1.3268040064391132e-06,9.72923925560204e-07,0.501258125388921,-6.463711735397957e-07,8.845051978652858e-07,-0.3028810151246527,5.251144743844368e-07,3.456162719290701e-07,0.2702528041712257,-2.488699837001211e-07,3.501905737594783e-07,-0.1601508914143495,-4.35798675018276e-07,4.884243523289939e-07,-0.3137779586311687,-3.3219994511442715e-07,5.96609138237505e-07,-0.303870204212468,-5.829061829085686e-07,2.164743000119529e-07,-1.4735891047073735,-8.264423565276753e-08,9.008543045486127e-08,-0.31019057757620877,-1.1195391581412935e-07,7.202081062503577e-08,-0.6028260146324526
95.0,5.537444873281211e-07,1.183673332882762e-06,0.059191230255054725,-2.6988120631712893e-06,1.7530115293222164e-06,-0.3263729591359689,4.6485652013181074e-07,9.181168595137924e-07,0.07811490191220469,-1.9369779892341486e-06,1.7209082071621172e-06,-0.3781153735446532,-5.472138820976338e-07,5.555527418879462e-07,-0.12688456355941666,-1.4769496095653999e-06,7.333804710078945e-07,-0.3586752616473068,2.3594627883026353e-06,1.4210096450871825e-06,0.6681376052195008,-9.120519190121495e-07,1.0983731324570853e-06,-0.273211882397127,-2.847112229735274e-07,7.669293899869446e-07,-0.09830911353497658,1.292996987768726e-06,9.344030446306629e-07,0.4884860484872341,-6.272281871323113e-07,8.95885992410861e-07,-0.2939108639282994,5.416380011680957e-07,3.674802815968232e-07,0.27875672029983156,-2.9065219390112075e-07,3.7289915631558237e-07,-0.1870382568951733,-4.551028393191008e-07,5.107373770655774e-07,-0.32767708594526496,-3.472862080199783e-07,6.024404497712375e-07,-0.31766992289795354,-5.892287322396627e-07,2.1591247296225375e-07,-1.489572534084956,-7.904482862968985e-08,9.027917992215255e-08,-0.29668083748845064,-1.1466173509906089e-07,7.391374504514758e-08,-0.6174065131885751
95.5,3.290788562016289e-07,1.127002415757097e-06,0.035176119663939215,-3.449610426226911e-06,1.8820380116172614e-06,-0.41716856762193577,1.8837005498643583e-07,1.0206733145851166e-06,0.03165387110046282,-1.99467734234059e-06,1.7857599739601278e-06,-0.38937880171698525,-5.868267197164013e-07,5.576026768360679e-07,-0.13606974284130954,-1.733054958717123e-06,7.674574168429668e-07,-0.42087010737620006,2.357620079531359e-06,1.3856281378936672e-06,0.66761579871691,-9.604900804597224e-07,1.0314324877770771e-06,-0.28772189108531776,-3.244654977945289e-07,7.938225668204238e-07,-0.11203603120285467,1.2498166246303338e-06,8.912367059939164e-07,0.472172781587737,-6.12448990268124e-07,9.047364842186953e-07,-0.28698552701322966,5.524962994888841e-07,3.8921436770661457e-07,0.28434499811898845,-3.3554281368254983e-07,3.972358375724267e-07,-0.21592592212201442,-4.714510095201228e-07,5.30025666398578e-07,-0.3394478777514045,-3.580396540530916e-07,6.03281014941395e-07,-0.32750632380688305,-5.946675715821581e-07,2.1547842654302417e-07,-1.5033219411634056,-7.58248110084593e-08,9.011859028915492e-08,-0.28459506867655615,-1.1808083703761867e-07,7.578312094289497e-08,-0.6358169777110028
96.0,1.0860018756056187e-07,1.0720460714428517e-06,0.011608564698595966,-4.194904056774249e-06,2.01109082796848e-06,-0.5072984773501056,-8.423069196289205e-08,1.1342716723488207e-06,-0.014154200179472075,-2.04518197167719e-06,1.8403162984251246e-06,-0.39923775566147135,-6.140602646787899e-07,5.611867374545623e-07,-0.14238448846414062,-1.9740382763300926e-06,8.032294176846705e-07,-0.4793925877219593,2.338340753002026e-06,1.3443882537151237e-06,0.6621564021451929,-9.977528765173482e-07,9.557073091247912e-07,-0.29888423660761093,-3.5195294719456677e-07,8.118257238805893e-07,-0.12152728608080694,1.1980727633257958e-06,8.443275270917264e-07,0.4526242794788935,-6.020260627415006e-07,9.10635179286384e-07,-0.28210148051012546,5.578083031965963e-07,4.110243580851736e-07,0.287078847532414,-3.8315868287983804e-07,4.2330416792381327e-07,-0.24656731882256422,-4.849440856236758e-07,5.459997784097826e-07,-0.34916298272562296,-3.637715966213311e-07,5.989779847234595e-07,-0.332749450978819,-5.990045635601751e-07,2.1512386864907228e-07,-1.5142858738053957,-7.312543687626685e-08,8.962340202487501e-08,-0.2744634434694808,-1.2223850458953577e-07,7.766340890911706e-08,-0.658204315771156
96.5,-1.0260298418449095e-07,1.0191077526199583e-06,-0.010967507579215451,-4.923127450055518e-06,2.136767604098878e-06,-0.595364047761838,-3.4846899932761404e-07,1.2533681606463595e-06,-0.05855703969517787,-2.086077043469895e-06,1.8834657748784799e-06,-0.40722083829482014,-6.282472362243996e-07,5.668621054123879e-07,-0.14567407550073808,-2.1989016512254073e-06,8.416043770577834e-07,-0.5340003612730191,2.301806819610085e-06,1.2981410297534618e-06,0.6518109561874288,-1.0236185784820618e-06,8.742521203008614e-07,-0.306632498494891,-3.6648230210153736e-07,8.209202941560832e-07,-0.12654418701720646,1.1396946783504025e-06,7.945541411032049e-07,0.4305694098097133,-5.962912493340082e-07,9.132231127545261e-07,-0.27941422251113485,5.576159345420143e-07,4.330386712729563e-07,0.28697984403723065,-4.3232560118384605e-07,4.512083208741839e-07,-0.278206834675032,-4.95943505821216e-07,5.581142197351188e-07,-0.3570826387814057,-3.6427080060902464e-07,5.895508802358562e-07,-0.33320608325680406,-6.020758171066696e-07,2.147853975570092e-07,-1.522050014753988,-7.102900301773198e-08,8.885962087500761e-08,-0.2665948483485642,-1.2718809526218355e-07,7.954212012598222e-08,-0.6848558357073409
97.0,-2.965111940415754e-07,9.680767647037595e-07,-0.0316948750937476,-5.6227679390812995e-06,2.252957921040754e-06,-0.6799730280797789,-6.008219709263284e-07,1.373374519054084e-06,-0.10096265684796606,-2.1182568985830914e-06,1.9136938891133806e-06,-0.4135026329276802,-6.294880940948784e-07,5.750147103334947e-07,-0.1459617979333844,-2.405514195287166e-06,8.834482933743331e-07,-0.5841759446653145,2.2499031443233318e-06,1.248005930103389e-06,0.6371132048687359,-1.0392641412298163e-06,7.913057914454419e-07,-0.31131924226503316,-3.6859705973290535e-07,8.206554760617017e-07,-0.1272744004099551,1.0761514153153758e-06,7.428110892575353e-07,0.40656316868031234,-5.951311619211933e-07,9.121456771191353e-07,-0.27887062083517755,5.524503989440865e-07,4.553106304464877e-07,0.28432137517285067,-4.824994116450119e-07,4.810917714858964e-07,-0.310494297998422,-5.045247146130345e-07,5.661650980483739e-07,-0.3632611664631884,-3.594318069073363e-07,5.751838217673673e-07,-0.32877975499895806,-6.036756185449638e-07,2.1437760482222352e-07,-1.5260943190319123,-6.945683217675564e-08,8.788883268467899e-08,-0.26069398209504957,-1.3283729411982953e-07,8.147942705958638e-08,-0.7152744593745546
97.5,-4.678395759742594e-07,9.19256211807458e-07,-0.05000862437030578,-6.283937865022932e-06,2.3623411666909822e-06,-0.7599296831451614,-8.376862280479572e-07,1.4892996414477496e-06,-0.14076553668348352,-2.1396888825131484e-06,1.9307570048358243e-06,-0.41768634727784715,-6.188391096413799e-07,5.86037631949289e-07,-0.1434925774166211,-2.593485087923188e-06,9.291471754848415e-07,-0.6298244276343048,2.179701540299639e-06,1.1946118842575815e-06,0.6172339629381183,-1.0465307981859235e-06,7.119231823648046e-07,-0.3134960229771033,-3.554978109898261e-07,8.123397515284599e-07,-0.122751306734698,1.0090155543543714e-06,6.901781221483916e-07,0.3811996668757007,-5.988069609650497e-07,9.070670092434189e-07,-0.28059305183360894,5.42588972840037e-07,4.782263572365449e-07,0.2792461426516546,-5.318365222824726e-07,5.127743189809508e-07,-0.3422433347079618,-5.10833998212502e-07,5.695562587903162e-07,-0.3678038928222876,-3.4913737393175844e-07,5.564824333132449e-07,-0.3193632228876631,-6.036966612468971e-07,2.1382738284490479e-07,-1.5261475150645014,-6.86353602219677e-08,8.684093714669142e-08,-0.25761073184649097,-1.392825070155905e-07,8.347646642487226e-08,-0.7499792928335278
98.0,-6.117466414974386e-07,8.737144239693623e-07,-0.06539123574728259,-6.8991866190770535e-06,2.455021988170653e-06,-0.8343329953303779,-1.0558247034334412e-06,1.5986598182201004e-06,-0.1774217195486465,-2.153852031464722e-06,1.934079972660964e-06,-0.4204511202314677,-5.972788986172788e-07,6.002400681242286e-07,-0.1384933293062563,-2.759523438238974e-06,9.801597087817304e-07,-0.6701466216734947,2.0950102525826974e-06,1.1389053865037126e-06,0.5932516249081722,-1.0468380267575286e-06,6.431249172047883e-07,-0.31358805556277597,-3.279125334658238e-07,7.964258783665858e-07,-0.1132262723799647,9.393209400166378e-07,6.371807486625077e-07,0.3548694842993043,-6.069943505244485e-07,8.978775424687022e-07,-0.2844295547014446,5.283667917032033e-07,5.017837831855372e-07,0.27192662562983555,-5.806727259681566e-07,5.464608787047114e-07,-0.3736700316413262,-5.14955721248985e-07,5.681885408472392e-07,-0.3707715609556899,-3.331241733037469e-07,5.335431545004354e-07,-0.30471561497414285,-6.01869155755882e-07,2.1304678756918632e-07,-1.52152757405287,-6.845144314581046e-08,8.580445521272564e-08,-0.25692043150516974,-1.462619017626116e-07,8.563389555882697e-08,-0.7875604769242983
98.5,-7.237118800595394e-07,8.321500500977401e-07,-0.07735949975342953,-7.458957843498417e-06,2.5366267014594054e-06,-0.9020272944061299,-1.2521890015714343e-06,1.697328266740395e-06,-0.210418950358185,-2.157985246719322e-06,1.9242404468205192e-06,-0.42125796070080695,-5.65367361140934e-07,6.177045930306457e-07,-0.1310938797716892,-2.9051812196871376e-06,1.0362797285804497e-06,-0.7055194214857099,1.994174338403779e-06,1.0814063446248552e-06,0.564697554653863,-1.0430782297582128e-06,5.93102741696836e-07,-0.31246178062798197,-2.854166102946942e-07,7.742192771500598e-07,-0.09855267963510593,8.682925328378046e-07,5.850870242504715e-07,0.32803540326017927,-6.194564657972381e-07,8.844402892028508e-07,-0.2902691377134035,5.094719403313252e-07,5.26036489102762e-07,0.2622022953804466,-6.27282063432998e-07,5.818317925187354e-07,-0.40366371280868246,-5.168006093444426e-07,5.618195130951179e-07,-0.3720998927145494,-3.1176370515070556e-07,5.073601045424948e-07,-0.28517675015734456,-5.982142173361346e-07,2.1193691821928806e-07,-1.5122878754673417,-6.91773915761079e-08,8.486109583062807e-08,-0.2596451510346795,-1.5377840354366378e-07,8.801087410584844e-08,-0.8280337625588285
99.0,-7.995907959598703e-07,7.964477938882538e-07,-0.08547040015124976,-7.952397240375372e-06,2.6072864929875237e-06,-0.9616999475377306,-1.4253171723524328e-06,1.7831181723785333e-06,-0.23951156171913224,-2.1518509979338616e-06,1.9011590267759592e-06,-0.42006050064508,-5.243296557876865e-07,6.380010913857732e-07,-0.12157831099030786,-3.0295605091198285e-06,1.0989777881537685e-06,-0.7357247676206425,1.8799229842429616e-06,1.0235386217204986e-06,0.5323445857744477,-1.0368433421862433e-06,5.688690587732583e-07,-0.3105940740483859,-2.2953673118478458e-07,7.454901144454597e-07,-0.0792576854920487,7.98350246545057e-07,5.339894149701687e-07,0.30161165179246263,-6.361875894191958e-07,8.673808132987763e-07,-0.29810912178794485,4.862006977764889e-07,5.51246907780718e-07,0.2502256334071394,-6.702774369991536e-07,6.1841814534956e-07,-0.43133176381643207,-5.164817332026156e-07,5.508574763455014e-07,-0.37187029976125635,-2.853623471155236e-07,4.781594843587269e-07,-0.2610268784441695,-5.924210092996628e-07,2.1046136338744096e-07,-1.4976426229478859,-7.06954599140226e-08,8.422866290594411e-08,-0.26534295307517963,-1.6168540829459714e-07,9.047447619481841e-08,-0.8706097468557839
99.5,-8.367182410084053e-07,7.718996255032432e-07,-0.08943905211788782,-8.372458332020356e-06,2.6658424711227393e-06,-1.0124988095144185,-1.5743058650637584e-06,1.853434352121792e-06,-0.2645477537765713,-2.1369909205553514e-06,1.8662226358328816e-06,-0.4171596810487255,-4.737121041045919e-07,6.6148251222844e-07,-0.10984142681416818,-3.1323396959758804e-06,1.166459510052675e-06,-0.7606845573783577,1.7601019294535834e-06,9.689219023208588e-07,0.49841442463830127,-1.0331915896880461e-06,5.750021111808332e-07,-0.3095001646411654,-1.6094318340675678e-07,7.124491616912458e-07,-0.055572736209582314,7.289402225489521e-07,4.858072270011152e-07,0.2753889856393331,-6.562097387185833e-07,8.466031061176185e-07,-0.30749123713130877,4.578495112645858e-07,5.772635609513541e-07,0.2356345527377197,-7.099204752026914e-07,6.55589331758016e-07,-0.45684254584115325,-5.133172997575162e-07,5.348232916530199e-07,-0.3695918865316019,-2.5418782786081225e-07,4.470477713871626e-07,-0.23251089681481776,-5.844908996637399e-07,2.0867360833320681e-07,-1.4775952748475074,-7.296466414125126e-08,8.40132357026739e-08,-0.27386001133487287,-1.6972140723940866e-07,9.309652253063854e-08,-0.9138803120902688
